{
  "metadata": {
    "timestamp": "2026-05-03T16:43:21.155995",
    "gpu": "NVIDIA H100 NVL",
    "pytorch_version": "2.10.0+cu130",
    "cuda_version": "13.0",
    "cudnn_version": "9.15.1",
    "cudnn_enabled": true,
    "dtype": "bfloat16",
    "causal": false,
    "nheads": 8,
    "headdim": 128,
    "col_attn_rows": 1024,
    "col_attn_cols": [
      16,
      32,
      64,
      128,
      256,
      512,
      1024,
      2048
    ],
    "row_attn_rows": [
      32,
      64,
      128,
      256,
      512,
      1024,
      2048,
      4096,
      8192,
      16384
    ],
    "row_attn_cols": 64,
    "warmup": 5,
    "rep": 25
  },
  "results": [
    {
      "attn_type": "row",
      "backend": "fa3",
      "batch": 1,
      "rows": 32,
      "cols": 64,
      "nheads": 8,
      "headdim": 128,
      "seq_len": 32,
      "batch_eff": 64,
      "causal": false,
      "dtype": "torch.bfloat16",
      "rep": 25,
      "fwd_time_ms": 0.10760448038578033,
      "fwd_time_std_ms": 0.02700642577542562,
      "fwd_tflops": 2.494649433161271,
      "fwd_tflops_std": 0.626103713440546,
      "bwd_time_ms": 0.30295423805713656,
      "bwd_time_std_ms": 0.03046161444582894,
      "bwd_tflops": 2.215148546208599,
      "bwd_tflops_std": 0.22273001159376027
    },
    {
      "attn_type": "row",
      "backend": "fa3",
      "batch": 1,
      "rows": 64,
      "cols": 64,
      "nheads": 8,
      "headdim": 128,
      "seq_len": 64,
      "batch_eff": 64,
      "causal": false,
      "dtype": "torch.bfloat16",
      "rep": 25,
      "fwd_time_ms": 0.09634432077407837,
      "fwd_time_std_ms": 0.010649936728027196,
      "fwd_tflops": 11.144837758707748,
      "fwd_tflops_std": 1.2319544735043708,
      "bwd_time_ms": 0.31032575726509104,
      "bwd_time_std_ms": 0.015121150692967366,
      "bwd_tflops": 8.650118455062469,
      "bwd_tflops_std": 0.42149174410709317
    },
    {
      "attn_type": "row",
      "backend": "fa3",
      "batch": 1,
      "rows": 128,
      "cols": 64,
      "nheads": 8,
      "headdim": 128,
      "seq_len": 128,
      "batch_eff": 64,
      "causal": false,
      "dtype": "torch.bfloat16",
      "rep": 25,
      "fwd_time_ms": 0.09758976072072983,
      "fwd_time_std_ms": 0.007625651657617686,
      "fwd_tflops": 44.0104296217182,
      "fwd_tflops_std": 3.4389694484211666,
      "bwd_time_ms": 0.3131379166245461,
      "bwd_time_std_ms": 0.01250317590745462,
      "bwd_tflops": 34.289741580142845,
      "bwd_tflops_std": 1.3691432689441347
    },
    {
      "attn_type": "row",
      "backend": "fa3",
      "batch": 1,
      "rows": 256,
      "cols": 64,
      "nheads": 8,
      "headdim": 128,
      "seq_len": 256,
      "batch_eff": 64,
      "causal": false,
      "dtype": "torch.bfloat16",
      "rep": 25,
      "fwd_time_ms": 0.12056064009666444,
      "fwd_time_std_ms": 0.00038592896141133803,
      "fwd_tflops": 142.49981727224852,
      "fwd_tflops_std": 0.4561588793580557,
      "bwd_time_ms": 0.33401471972465513,
      "bwd_time_std_ms": 0.0018339142113037886,
      "bwd_tflops": 128.58616828445628,
      "bwd_tflops_std": 0.7060048179564052
    },
    {
      "attn_type": "row",
      "backend": "fa3",
      "batch": 1,
      "rows": 512,
      "cols": 64,
      "nheads": 8,
      "headdim": 128,
      "seq_len": 512,
      "batch_eff": 64,
      "causal": false,
      "dtype": "torch.bfloat16",
      "rep": 25,
      "fwd_time_ms": 0.2715967988967895,
      "fwd_time_std_ms": 0.0007214167999037901,
      "fwd_tflops": 253.02020132466413,
      "fwd_tflops_std": 0.6720735468609736,
      "bwd_time_ms": 0.835560956001282,
      "bwd_time_std_ms": 0.0226895285108231,
      "bwd_tflops": 205.60880759935415,
      "bwd_tflops_std": 5.583275365603284
    },
    {
      "attn_type": "row",
      "backend": "fa3",
      "batch": 1,
      "rows": 1024,
      "cols": 64,
      "nheads": 8,
      "headdim": 128,
      "seq_len": 1024,
      "batch_eff": 64,
      "causal": false,
      "dtype": "torch.bfloat16",
      "rep": 25,
      "fwd_time_ms": 0.8404710412025451,
      "fwd_time_std_ms": 0.001996850832547038,
      "fwd_tflops": 327.05220461933465,
      "fwd_tflops_std": 0.7770338715609335,
      "bwd_time_ms": 2.392852466106415,
      "bwd_time_std_ms": 0.01050466435870894,
      "bwd_tflops": 287.18643422182424,
      "bwd_tflops_std": 1.2607534909093485
    },
    {
      "attn_type": "row",
      "backend": "fa3",
      "batch": 1,
      "rows": 2048,
      "cols": 64,
      "nheads": 8,
      "headdim": 128,
      "seq_len": 2048,
      "batch_eff": 64,
      "causal": false,
      "dtype": "torch.bfloat16",
      "rep": 25,
      "fwd_time_ms": 2.7877337646484373,
      "fwd_time_std_ms": 0.046668476763098564,
      "fwd_tflops": 394.41055732044055,
      "fwd_tflops_std": 6.602689310882238,
      "bwd_time_ms": 7.933937873840334,
      "bwd_time_std_ms": 0.04671492424415001,
      "bwd_tflops": 346.45835562983615,
      "bwd_tflops_std": 2.039942345700083
    },
    {
      "attn_type": "row",
      "backend": "fa3",
      "batch": 1,
      "rows": 4096,
      "cols": 64,
      "nheads": 8,
      "headdim": 128,
      "seq_len": 4096,
      "batch_eff": 64,
      "causal": false,
      "dtype": "torch.bfloat16",
      "rep": 25,
      "fwd_time_ms": 11.019507255554199,
      "fwd_time_std_ms": 0.8216076752870973,
      "fwd_tflops": 399.1146254645132,
      "fwd_tflops_std": 29.75774070439482,
      "bwd_time_ms": 29.46655704498291,
      "bwd_time_std_ms": 1.8871449141443442,
      "bwd_tflops": 373.13881838910225,
      "bwd_tflops_std": 23.897159831664776
    },
    {
      "attn_type": "row",
      "backend": "fa3",
      "batch": 1,
      "rows": 8192,
      "cols": 64,
      "nheads": 8,
      "headdim": 128,
      "seq_len": 8192,
      "batch_eff": 64,
      "causal": false,
      "dtype": "torch.bfloat16",
      "rep": 25,
      "fwd_time_ms": 40.46079208374023,
      "fwd_time_std_ms": 1.3696177666351863,
      "fwd_tflops": 434.7958885235388,
      "fwd_tflops_std": 14.71805526073927,
      "bwd_time_ms": 110.21667495727539,
      "bwd_time_std_ms": 2.1014969434449493,
      "bwd_tflops": 399.0363992389416,
      "bwd_tflops_std": 7.608411101577695
    },
    {
      "attn_type": "row",
      "backend": "fa3",
      "batch": 1,
      "rows": 16384,
      "cols": 64,
      "nheads": 8,
      "headdim": 128,
      "seq_len": 16384,
      "batch_eff": 64,
      "causal": false,
      "dtype": "torch.bfloat16",
      "rep": 25,
      "fwd_time_ms": 156.67992065429686,
      "fwd_time_std_ms": 1.4105976815102026,
      "fwd_tflops": 449.1242010067623,
      "fwd_tflops_std": 4.043489133799779,
      "bwd_time_ms": 424.6344543457031,
      "bwd_time_std_ms": 1.7670872701705758,
      "bwd_tflops": 414.29012329022794,
      "bwd_tflops_std": 1.7240400432216323
    }
  ]
}