{
  "metadata": {
    "timestamp": "2026-03-07T20:19:40.799772",
    "gpu": "NVIDIA H100 NVL",
    "pytorch_version": "2.10.0+cu130",
    "cuda_version": "13.0",
    "cudnn_version": "9.15.1",
    "cudnn_enabled": true,
    "dtype": "bfloat16",
    "causal": false,
    "nheads": 12,
    "headdim": 128,
    "col_attn_rows": 1024,
    "col_attn_cols": [
      16,
      32,
      64,
      128,
      256,
      512,
      1024,
      2048
    ],
    "row_attn_rows": [
      32,
      64,
      128,
      256,
      512,
      1024,
      2048,
      4096,
      8192,
      16384
    ],
    "row_attn_cols": 64,
    "warmup": 5,
    "rep": 25
  },
  "results": [
    {
      "attn_type": "row",
      "backend": "fa3",
      "batch": 1,
      "rows": 32,
      "cols": 64,
      "nheads": 12,
      "headdim": 128,
      "seq_len": 32,
      "batch_eff": 64,
      "causal": false,
      "dtype": "torch.bfloat16",
      "rep": 25,
      "fwd_time_ms": 0.11089919954538344,
      "fwd_time_std_ms": 0.031974590931832664,
      "fwd_tflops": 3.6308033389837195,
      "fwd_tflops_std": 1.0468375966088692,
      "bwd_time_ms": 0.3028070411086083,
      "bwd_time_std_ms": 0.03492227306942982,
      "bwd_tflops": 3.324338021713799,
      "bwd_tflops_std": 0.3833908212449327
    },
    {
      "attn_type": "row",
      "backend": "fa3",
      "batch": 1,
      "rows": 64,
      "cols": 64,
      "nheads": 12,
      "headdim": 128,
      "seq_len": 64,
      "batch_eff": 64,
      "causal": false,
      "dtype": "torch.bfloat16",
      "rep": 25,
      "fwd_time_ms": 0.10629248052835465,
      "fwd_time_std_ms": 0.021977245172247677,
      "fwd_tflops": 15.152649820514368,
      "fwd_tflops_std": 3.1329920842878827,
      "bwd_time_ms": 0.3068352004885674,
      "bwd_time_std_ms": 0.02515549271130418,
      "bwd_tflops": 13.122783284279757,
      "bwd_tflops_std": 1.0758546566172862
    },
    {
      "attn_type": "row",
      "backend": "fa3",
      "batch": 1,
      "rows": 128,
      "cols": 64,
      "nheads": 12,
      "headdim": 128,
      "seq_len": 128,
      "batch_eff": 64,
      "causal": false,
      "dtype": "torch.bfloat16",
      "rep": 25,
      "fwd_time_ms": 0.10387071967124939,
      "fwd_time_std_ms": 0.008103518801251491,
      "fwd_tflops": 62.02374417343351,
      "fwd_tflops_std": 4.838809037081793,
      "bwd_time_ms": 0.31026559948921206,
      "bwd_time_std_ms": 0.013469954314210168,
      "bwd_tflops": 51.91077382254235,
      "bwd_tflops_std": 2.253668318228283
    },
    {
      "attn_type": "row",
      "backend": "fa3",
      "batch": 1,
      "rows": 256,
      "cols": 64,
      "nheads": 12,
      "headdim": 128,
      "seq_len": 256,
      "batch_eff": 64,
      "causal": false,
      "dtype": "torch.bfloat16",
      "rep": 25,
      "fwd_time_ms": 0.17169408082962037,
      "fwd_time_std_ms": 0.0007378121815376301,
      "fwd_tflops": 150.09139308403132,
      "fwd_tflops_std": 0.6449800577064889,
      "bwd_time_ms": 0.48963071584701545,
      "bwd_time_std_ms": 0.00155292707456214,
      "bwd_tflops": 131.57775310021472,
      "bwd_tflops_std": 0.41731584352485535
    },
    {
      "attn_type": "row",
      "backend": "fa3",
      "batch": 1,
      "rows": 512,
      "cols": 64,
      "nheads": 12,
      "headdim": 128,
      "seq_len": 512,
      "batch_eff": 64,
      "causal": false,
      "dtype": "torch.bfloat16",
      "rep": 25,
      "fwd_time_ms": 0.417875200510025,
      "fwd_time_std_ms": 0.0014879938407157834,
      "fwd_tflops": 246.67464108468212,
      "fwd_tflops_std": 0.8783731270647103,
      "bwd_time_ms": 1.2724684798717496,
      "bwd_time_std_ms": 0.036078679083117356,
      "bwd_tflops": 202.51820916300656,
      "bwd_tflops_std": 5.742059306346175
    },
    {
      "attn_type": "row",
      "backend": "fa3",
      "batch": 1,
      "rows": 1024,
      "cols": 64,
      "nheads": 12,
      "headdim": 128,
      "seq_len": 1024,
      "batch_eff": 64,
      "causal": false,
      "dtype": "torch.bfloat16",
      "rep": 25,
      "fwd_time_ms": 1.2561996698379516,
      "fwd_time_std_ms": 0.015624470413869995,
      "fwd_tflops": 328.2255761691041,
      "fwd_tflops_std": 4.082432854476989,
      "bwd_time_ms": 3.598574061393738,
      "bwd_time_std_ms": 0.049565721386438506,
      "bwd_tflops": 286.4446120752539,
      "bwd_tflops_std": 3.9454054835457883
    },
    {
      "attn_type": "row",
      "backend": "fa3",
      "batch": 1,
      "rows": 2048,
      "cols": 64,
      "nheads": 12,
      "headdim": 128,
      "seq_len": 2048,
      "batch_eff": 64,
      "causal": false,
      "dtype": "torch.bfloat16",
      "rep": 25,
      "fwd_time_ms": 4.184427547454834,
      "fwd_time_std_ms": 0.07422508767142391,
      "fwd_tflops": 394.14410285754906,
      "fwd_tflops_std": 6.9914893394607365,
      "bwd_time_ms": 12.37740411758423,
      "bwd_time_std_ms": 0.8885139926336947,
      "bwd_tflops": 333.1206256974619,
      "bwd_tflops_std": 23.913118967053247
    },
    {
      "attn_type": "row",
      "backend": "fa3",
      "batch": 1,
      "rows": 4096,
      "cols": 64,
      "nheads": 12,
      "headdim": 128,
      "seq_len": 4096,
      "batch_eff": 64,
      "causal": false,
      "dtype": "torch.bfloat16",
      "rep": 25,
      "fwd_time_ms": 15.598881340026855,
      "fwd_time_std_ms": 0.5234903784717062,
      "fwd_tflops": 422.91941472289204,
      "fwd_tflops_std": 14.192956510812081,
      "bwd_time_ms": 43.58764301300049,
      "bwd_time_std_ms": 1.7721877224442524,
      "bwd_tflops": 378.3795882636022,
      "bwd_tflops_std": 15.38416886970157
    },
    {
      "attn_type": "row",
      "backend": "fa3",
      "batch": 1,
      "rows": 8192,
      "cols": 64,
      "nheads": 12,
      "headdim": 128,
      "seq_len": 8192,
      "batch_eff": 64,
      "causal": false,
      "dtype": "torch.bfloat16",
      "rep": 25,
      "fwd_time_ms": 57.84163223266602,
      "fwd_time_std_ms": 1.1159510792772467,
      "fwd_tflops": 456.21601687307225,
      "fwd_tflops_std": 8.801873957587755,
      "bwd_time_ms": 159.06861251831054,
      "bwd_time_std_ms": 2.5897635027845083,
      "bwd_tflops": 414.73108127454157,
      "bwd_tflops_std": 6.752151796329573
    },
    {
      "attn_type": "row",
      "backend": "fa3",
      "batch": 1,
      "rows": 16384,
      "cols": 64,
      "nheads": 12,
      "headdim": 128,
      "seq_len": 16384,
      "batch_eff": 64,
      "causal": false,
      "dtype": "torch.bfloat16",
      "rep": 25,
      "fwd_time_ms": 222.82077575683596,
      "fwd_time_std_ms": 1.3507143570940288,
      "fwd_tflops": 473.71308132274874,
      "fwd_tflops_std": 2.871595154951604,
      "bwd_time_ms": 607.9258233642577,
      "bwd_time_std_ms": 1.689490174026209,
      "bwd_tflops": 434.07070488618876,
      "bwd_tflops_std": 1.2063284080933536
    }
  ]
}