{
  "metadata": {
    "timestamp": "2026-03-10T12:00:04.210859",
    "gpu": "NVIDIA H100 NVL",
    "pytorch_version": "2.10.0+cu130",
    "cuda_version": "13.0",
    "cudnn_version": "9.15.1",
    "cudnn_enabled": true,
    "dtype": "bfloat16",
    "causal": false,
    "nheads": 6,
    "headdim": 32,
    "col_attn_rows": 1024,
    "col_attn_cols": [
      16,
      32,
      64,
      128,
      256,
      512,
      1024,
      2048
    ],
    "row_attn_rows": [
      32,
      64,
      128,
      256,
      512,
      1024,
      2048,
      4096,
      8192,
      16384
    ],
    "row_attn_cols": 64,
    "warmup": 5,
    "rep": 50
  },
  "results": [
    {
      "attn_type": "col",
      "backend": "fa3",
      "batch": 1,
      "rows": 1024,
      "cols": 16,
      "nheads": 6,
      "headdim": 32,
      "seq_len": 16,
      "batch_eff": 1024,
      "causal": false,
      "dtype": "torch.bfloat16",
      "rep": 50,
      "fwd_time_ms": 0.21696192115545274,
      "fwd_time_std_ms": 0.014546854702296795,
      "fwd_tflops": 0.9279351460745499,
      "fwd_tflops_std": 0.062216160657193646,
      "bwd_time_ms": 0.4938873615860939,
      "bwd_time_std_ms": 0.0146596266940484,
      "bwd_tflops": 1.0190916373798775,
      "bwd_tflops_std": 0.03024880596870934
    },
    {
      "attn_type": "col",
      "backend": "fa3",
      "batch": 1,
      "rows": 1024,
      "cols": 32,
      "nheads": 6,
      "headdim": 32,
      "seq_len": 32,
      "batch_eff": 1024,
      "causal": false,
      "dtype": "torch.bfloat16",
      "rep": 50,
      "fwd_time_ms": 0.21692671984434128,
      "fwd_time_std_ms": 0.000768478248058848,
      "fwd_tflops": 3.712342898919315,
      "fwd_tflops_std": 0.013151237289727726,
      "bwd_time_ms": 0.5210502377152443,
      "bwd_time_std_ms": 0.0012455722098236631,
      "bwd_tflops": 3.8638614365247763,
      "bwd_tflops_std": 0.009236572751694561
    },
    {
      "attn_type": "col",
      "backend": "fa3",
      "batch": 1,
      "rows": 1024,
      "cols": 64,
      "nheads": 6,
      "headdim": 32,
      "seq_len": 64,
      "batch_eff": 1024,
      "causal": false,
      "dtype": "torch.bfloat16",
      "rep": 50,
      "fwd_time_ms": 0.21654335945844652,
      "fwd_time_std_ms": 0.0008114002933747369,
      "fwd_tflops": 14.875660376083411,
      "fwd_tflops_std": 0.05573994614050133,
      "bwd_time_ms": 0.5745119956135749,
      "bwd_time_std_ms": 0.0014933651528121817,
      "bwd_tflops": 14.017224603638402,
      "bwd_tflops_std": 0.03643585324943305
    },
    {
      "attn_type": "col",
      "backend": "fa3",
      "batch": 1,
      "rows": 1024,
      "cols": 128,
      "nheads": 6,
      "headdim": 32,
      "seq_len": 128,
      "batch_eff": 1024,
      "causal": false,
      "dtype": "torch.bfloat16",
      "rep": 50,
      "fwd_time_ms": 0.21963840037584303,
      "fwd_time_std_ms": 0.0008644564076636167,
      "fwd_tflops": 58.664158298145885,
      "fwd_tflops_std": 0.23089135348939907,
      "bwd_time_ms": 0.6743993565440178,
      "bwd_time_std_ms": 0.0034396179009723716,
      "bwd_tflops": 47.76436158698724,
      "bwd_tflops_std": 0.24361107635842652
    },
    {
      "attn_type": "col",
      "backend": "fa3",
      "batch": 1,
      "rows": 1024,
      "cols": 256,
      "nheads": 6,
      "headdim": 32,
      "seq_len": 256,
      "batch_eff": 1024,
      "causal": false,
      "dtype": "torch.bfloat16",
      "rep": 50,
      "fwd_time_ms": 0.679258235692978,
      "fwd_time_std_ms": 0.005852281208296264,
      "fwd_tflops": 75.87630866104905,
      "fwd_tflops_std": 0.6537270687324473,
      "bwd_time_ms": 1.5719302475452421,
      "bwd_time_std_ms": 0.03551937402753638,
      "bwd_tflops": 81.96866182911947,
      "bwd_tflops_std": 1.8521658722400423
    },
    {
      "attn_type": "col",
      "backend": "fa3",
      "batch": 1,
      "rows": 1024,
      "cols": 512,
      "nheads": 6,
      "headdim": 32,
      "seq_len": 512,
      "batch_eff": 1024,
      "causal": false,
      "dtype": "torch.bfloat16",
      "rep": 50,
      "fwd_time_ms": 1.5276505637168885,
      "fwd_time_std_ms": 0.05364977240252055,
      "fwd_tflops": 134.95130045080535,
      "fwd_tflops_std": 4.73937347098158,
      "bwd_time_ms": 4.2904621052742,
      "bwd_time_std_ms": 0.08906034685738688,
      "bwd_tflops": 120.1260057480595,
      "bwd_tflops_std": 2.493545794371
    },
    {
      "attn_type": "col",
      "backend": "fa3",
      "batch": 1,
      "rows": 1024,
      "cols": 1024,
      "nheads": 6,
      "headdim": 32,
      "seq_len": 1024,
      "batch_eff": 1024,
      "causal": false,
      "dtype": "torch.bfloat16",
      "rep": 50,
      "fwd_time_ms": 5.90803518295288,
      "fwd_time_std_ms": 0.025593634908162768,
      "fwd_tflops": 139.578336163503,
      "fwd_tflops_std": 0.6046539782236092,
      "bwd_time_ms": 13.270089588165282,
      "bwd_time_std_ms": 0.5002708766253396,
      "bwd_tflops": 155.3557184661806,
      "bwd_tflops_std": 5.856775943332661
    },
    {
      "attn_type": "col",
      "backend": "fa3",
      "batch": 1,
      "rows": 1024,
      "cols": 2048,
      "nheads": 6,
      "headdim": 32,
      "seq_len": 2048,
      "batch_eff": 1024,
      "causal": false,
      "dtype": "torch.bfloat16",
      "rep": 50,
      "fwd_time_ms": 18.14786685943604,
      "fwd_time_std_ms": 0.292346933374173,
      "fwd_tflops": 181.75882096098346,
      "fwd_tflops_std": 2.927982353695763,
      "bwd_time_ms": 45.86458621978759,
      "bwd_time_std_ms": 0.5460331614376993,
      "bwd_tflops": 179.79748402836876,
      "bwd_tflops_std": 2.140548879086979
    }
  ]
}