{
  "metadata": {
    "timestamp": "2026-03-10T12:00:17.189788",
    "gpu": "NVIDIA H100 NVL",
    "pytorch_version": "2.10.0+cu130",
    "cuda_version": "13.0",
    "cudnn_version": "9.15.1",
    "cudnn_enabled": true,
    "dtype": "bfloat16",
    "causal": false,
    "nheads": 6,
    "headdim": 32,
    "col_attn_rows": 1024,
    "col_attn_cols": [
      16,
      32,
      64,
      128,
      256,
      512,
      1024,
      2048
    ],
    "row_attn_rows": [
      32,
      64,
      128,
      256,
      512,
      1024,
      2048,
      4096,
      8192,
      16384
    ],
    "row_attn_cols": 64,
    "warmup": 5,
    "rep": 50
  },
  "results": [
    {
      "attn_type": "row",
      "backend": "fa3",
      "batch": 1,
      "rows": 32,
      "cols": 64,
      "nheads": 6,
      "headdim": 32,
      "seq_len": 32,
      "batch_eff": 64,
      "causal": false,
      "dtype": "torch.bfloat16",
      "rep": 50,
      "fwd_time_ms": 0.09930944040417672,
      "fwd_time_std_ms": 0.01992465420617442,
      "fwd_tflops": 0.5068163489307425,
      "fwd_tflops_std": 0.10168359077830608,
      "bwd_time_ms": 0.3146329592168331,
      "bwd_time_std_ms": 0.04649753907065002,
      "bwd_tflops": 0.39992351822646577,
      "bwd_tflops_std": 0.05910207074393506
    },
    {
      "attn_type": "row",
      "backend": "fa3",
      "batch": 1,
      "rows": 64,
      "cols": 64,
      "nheads": 6,
      "headdim": 32,
      "seq_len": 64,
      "batch_eff": 64,
      "causal": false,
      "dtype": "torch.bfloat16",
      "rep": 50,
      "fwd_time_ms": 0.09265152037143706,
      "fwd_time_std_ms": 0.008490776358142152,
      "fwd_tflops": 2.172944288370962,
      "fwd_tflops_std": 0.19913309481911115,
      "bwd_time_ms": 0.3127046388387679,
      "bwd_time_std_ms": 0.013247292447786505,
      "bwd_tflops": 1.6095587256686412,
      "bwd_tflops_std": 0.06818669281658128
    },
    {
      "attn_type": "row",
      "backend": "fa3",
      "batch": 1,
      "rows": 128,
      "cols": 64,
      "nheads": 6,
      "headdim": 32,
      "seq_len": 128,
      "batch_eff": 64,
      "causal": false,
      "dtype": "torch.bfloat16",
      "rep": 50,
      "fwd_time_ms": 0.09228864029049876,
      "fwd_time_std_ms": 0.00824172523483667,
      "fwd_tflops": 8.725953329305984,
      "fwd_tflops_std": 0.7792606926028373,
      "bwd_time_ms": 0.3120537595450877,
      "bwd_time_std_ms": 0.013700095744909659,
      "bwd_tflops": 6.451663722734637,
      "bwd_tflops_std": 0.28324738290055385
    },
    {
      "attn_type": "row",
      "backend": "fa3",
      "batch": 1,
      "rows": 256,
      "cols": 64,
      "nheads": 6,
      "headdim": 32,
      "seq_len": 256,
      "batch_eff": 64,
      "causal": false,
      "dtype": "torch.bfloat16",
      "rep": 50,
      "fwd_time_ms": 0.09182847991585731,
      "fwd_time_std_ms": 0.0070410701244178675,
      "fwd_tflops": 35.07871931400386,
      "fwd_tflops_std": 2.6897071887827373,
      "bwd_time_ms": 0.3181203173100948,
      "bwd_time_std_ms": 0.03242486482213505,
      "bwd_tflops": 25.314521713336838,
      "bwd_tflops_std": 2.5802185523153405
    },
    {
      "attn_type": "row",
      "backend": "fa3",
      "batch": 1,
      "rows": 512,
      "cols": 64,
      "nheads": 6,
      "headdim": 32,
      "seq_len": 512,
      "batch_eff": 64,
      "causal": false,
      "dtype": "torch.bfloat16",
      "rep": 50,
      "fwd_time_ms": 0.11594175994396211,
      "fwd_time_std_ms": 0.0006903016210586835,
      "fwd_tflops": 111.13253666519839,
      "fwd_tflops_std": 0.6616681534714369,
      "bwd_time_ms": 0.2956633579730988,
      "bwd_time_std_ms": 0.012639883802396994,
      "bwd_tflops": 108.94909312005737,
      "bwd_tflops_std": 4.657675157499063
    },
    {
      "attn_type": "row",
      "backend": "fa3",
      "batch": 1,
      "rows": 1024,
      "cols": 64,
      "nheads": 6,
      "headdim": 32,
      "seq_len": 1024,
      "batch_eff": 64,
      "causal": false,
      "dtype": "torch.bfloat16",
      "rep": 50,
      "fwd_time_ms": 0.34755136013031,
      "fwd_time_std_ms": 0.0007028208351630164,
      "fwd_tflops": 148.2934997943207,
      "fwd_tflops_std": 0.2998801711943055,
      "bwd_time_ms": 0.8400531196594239,
      "bwd_time_std_ms": 0.026315732053736416,
      "bwd_tflops": 153.38198962017813,
      "bwd_tflops_std": 4.804885841445381
    },
    {
      "attn_type": "row",
      "backend": "fa3",
      "batch": 1,
      "rows": 2048,
      "cols": 64,
      "nheads": 6,
      "headdim": 32,
      "seq_len": 2048,
      "batch_eff": 64,
      "causal": false,
      "dtype": "torch.bfloat16",
      "rep": 50,
      "fwd_time_ms": 1.130770559310913,
      "fwd_time_std_ms": 0.03978267718447192,
      "fwd_tflops": 182.31676489139593,
      "fwd_tflops_std": 6.414253486942256,
      "bwd_time_ms": 2.832492799758911,
      "bwd_time_std_ms": 0.043036873257242016,
      "bwd_tflops": 181.95847684550805,
      "bwd_tflops_std": 2.7646756619284147
    },
    {
      "attn_type": "row",
      "backend": "fa3",
      "batch": 1,
      "rows": 4096,
      "cols": 64,
      "nheads": 6,
      "headdim": 32,
      "seq_len": 4096,
      "batch_eff": 64,
      "causal": false,
      "dtype": "torch.bfloat16",
      "rep": 50,
      "fwd_time_ms": 4.3575283145904535,
      "fwd_time_std_ms": 0.04264886402179594,
      "fwd_tflops": 189.2434566795245,
      "fwd_tflops_std": 1.8522010342228228,
      "bwd_time_ms": 10.77270718574524,
      "bwd_time_std_ms": 0.49970078586413835,
      "bwd_tflops": 191.37105154106004,
      "bwd_tflops_std": 8.87690189641953
    },
    {
      "attn_type": "row",
      "backend": "fa3",
      "batch": 1,
      "rows": 8192,
      "cols": 64,
      "nheads": 6,
      "headdim": 32,
      "seq_len": 8192,
      "batch_eff": 64,
      "causal": false,
      "dtype": "torch.bfloat16",
      "rep": 50,
      "fwd_time_ms": 16.598147201538087,
      "fwd_time_std_ms": 0.3461324971597795,
      "fwd_tflops": 198.72910170493833,
      "fwd_tflops_std": 4.144233654288589,
      "bwd_time_ms": 39.817191162109374,
      "bwd_time_std_ms": 0.6376094071880566,
      "bwd_tflops": 207.10494556851955,
      "bwd_tflops_std": 3.3164584872908156
    },
    {
      "attn_type": "row",
      "backend": "fa3",
      "batch": 1,
      "rows": 16384,
      "cols": 64,
      "nheads": 6,
      "headdim": 32,
      "seq_len": 16384,
      "batch_eff": 64,
      "causal": false,
      "dtype": "torch.bfloat16",
      "rep": 50,
      "fwd_time_ms": 64.30574157714844,
      "fwd_time_std_ms": 0.3280083217516936,
      "fwd_tflops": 205.17825017977313,
      "fwd_tflops_std": 1.0465655453281042,
      "bwd_time_ms": 155.42333618164062,
      "bwd_time_std_ms": 0.4710665566292446,
      "bwd_tflops": 212.22906188766007,
      "bwd_tflops_std": 0.6432368256671376
    }
  ]
}