{
  "metadata": {
    "timestamp": "2026-03-07T20:16:34.141687",
    "gpu": "NVIDIA H100 NVL",
    "pytorch_version": "2.10.0+cu130",
    "cuda_version": "13.0",
    "cudnn_version": "9.15.1",
    "cudnn_enabled": true,
    "dtype": "bfloat16",
    "causal": false,
    "nheads": 32,
    "headdim": 64,
    "col_attn_rows": 1024,
    "col_attn_cols": [
      16,
      32,
      64,
      128,
      256,
      512,
      1024,
      2048
    ],
    "row_attn_rows": [
      32,
      64,
      128,
      256,
      512,
      1024,
      2048,
      4096,
      8192,
      16384
    ],
    "row_attn_cols": 64,
    "warmup": 5,
    "rep": 50
  },
  "results": [
    {
      "attn_type": "row",
      "backend": "fa3",
      "batch": 1,
      "rows": 32,
      "cols": 64,
      "nheads": 32,
      "headdim": 64,
      "seq_len": 32,
      "batch_eff": 64,
      "causal": false,
      "dtype": "torch.bfloat16",
      "rep": 50,
      "fwd_time_ms": 0.10828927963972092,
      "fwd_time_std_ms": 0.0224000548212201,
      "fwd_tflops": 4.9577475608497235,
      "fwd_tflops_std": 1.0255291892445935,
      "bwd_time_ms": 0.3123564806580544,
      "bwd_time_std_ms": 0.02625870672559543,
      "bwd_tflops": 4.296940717133127,
      "bwd_tflops_std": 0.3612286380956797
    },
    {
      "attn_type": "row",
      "backend": "fa3",
      "batch": 1,
      "rows": 64,
      "cols": 64,
      "nheads": 32,
      "headdim": 64,
      "seq_len": 64,
      "batch_eff": 64,
      "causal": false,
      "dtype": "torch.bfloat16",
      "rep": 50,
      "fwd_time_ms": 0.10385599970817566,
      "fwd_time_std_ms": 0.0029457608875993204,
      "fwd_tflops": 20.677511689591366,
      "fwd_tflops_std": 0.5864948135806255,
      "bwd_time_ms": 0.31436415791511535,
      "bwd_time_std_ms": 0.013490878792792186,
      "bwd_tflops": 17.077993736963037,
      "bwd_tflops_std": 0.7328988936189229
    },
    {
      "attn_type": "row",
      "backend": "fa3",
      "batch": 1,
      "rows": 128,
      "cols": 64,
      "nheads": 32,
      "headdim": 64,
      "seq_len": 128,
      "batch_eff": 64,
      "causal": false,
      "dtype": "torch.bfloat16",
      "rep": 50,
      "fwd_time_ms": 0.13060095965862276,
      "fwd_time_std_ms": 0.0008451644706251754,
      "fwd_tflops": 65.7723696246428,
      "fwd_tflops_std": 0.4256359991601673,
      "bwd_time_ms": 0.29212863862514493,
      "bwd_time_std_ms": 0.0017957708493359277,
      "bwd_tflops": 73.51157552052328,
      "bwd_tflops_std": 0.45188977373048805
    },
    {
      "attn_type": "row",
      "backend": "fa3",
      "batch": 1,
      "rows": 256,
      "cols": 64,
      "nheads": 32,
      "headdim": 64,
      "seq_len": 256,
      "batch_eff": 64,
      "causal": false,
      "dtype": "torch.bfloat16",
      "rep": 50,
      "fwd_time_ms": 0.3338355189561844,
      "fwd_time_std_ms": 0.001442867376547475,
      "fwd_tflops": 102.92415401283193,
      "fwd_tflops_std": 0.4448475241586093,
      "bwd_time_ms": 0.6976921564340592,
      "bwd_time_std_ms": 0.02759502672904226,
      "bwd_tflops": 123.11926560710674,
      "bwd_tflops_std": 4.869596703871314
    },
    {
      "attn_type": "row",
      "backend": "fa3",
      "batch": 1,
      "rows": 512,
      "cols": 64,
      "nheads": 32,
      "headdim": 64,
      "seq_len": 512,
      "batch_eff": 64,
      "causal": false,
      "dtype": "torch.bfloat16",
      "rep": 50,
      "fwd_time_ms": 0.7559545576572418,
      "fwd_time_std_ms": 0.01198526333791936,
      "fwd_tflops": 181.8084858141914,
      "fwd_tflops_std": 2.8824782620590446,
      "bwd_time_ms": 1.78313664317131,
      "bwd_time_std_ms": 0.05265280680161176,
      "bwd_tflops": 192.69268286075473,
      "bwd_tflops_std": 5.689867145967699
    },
    {
      "attn_type": "row",
      "backend": "fa3",
      "batch": 1,
      "rows": 1024,
      "cols": 64,
      "nheads": 32,
      "headdim": 64,
      "seq_len": 1024,
      "batch_eff": 64,
      "causal": false,
      "dtype": "torch.bfloat16",
      "rep": 50,
      "fwd_time_ms": 2.3999225521087646,
      "fwd_time_std_ms": 0.024354062150202468,
      "fwd_tflops": 229.07231460654447,
      "fwd_tflops_std": 2.324592258994566,
      "bwd_time_ms": 5.5041145515441885,
      "bwd_time_std_ms": 0.26684518722353207,
      "bwd_tflops": 249.70220402379027,
      "bwd_tflops_std": 12.105822064361513
    },
    {
      "attn_type": "row",
      "backend": "fa3",
      "batch": 1,
      "rows": 2048,
      "cols": 64,
      "nheads": 32,
      "headdim": 64,
      "seq_len": 2048,
      "batch_eff": 64,
      "causal": false,
      "dtype": "torch.bfloat16",
      "rep": 50,
      "fwd_time_ms": 7.554938249588013,
      "fwd_time_std_ms": 0.18303109194860429,
      "fwd_tflops": 291.0709767445045,
      "fwd_tflops_std": 7.051684202845558,
      "bwd_time_ms": 17.67692164421081,
      "bwd_time_std_ms": 0.7139476263714771,
      "bwd_tflops": 311.0020086942259,
      "bwd_tflops_std": 12.56096227460067
    },
    {
      "attn_type": "row",
      "backend": "fa3",
      "batch": 1,
      "rows": 4096,
      "cols": 64,
      "nheads": 32,
      "headdim": 64,
      "seq_len": 4096,
      "batch_eff": 64,
      "causal": false,
      "dtype": "torch.bfloat16",
      "rep": 50,
      "fwd_time_ms": 26.83654270172119,
      "fwd_time_std_ms": 0.5708501490643474,
      "fwd_tflops": 327.7655069050252,
      "fwd_tflops_std": 6.972022832989021,
      "bwd_time_ms": 63.737503318786636,
      "bwd_time_std_ms": 1.1814256188842112,
      "bwd_tflops": 345.0124559403377,
      "bwd_tflops_std": 6.395081907168664
    },
    {
      "attn_type": "row",
      "backend": "fa3",
      "batch": 1,
      "rows": 8192,
      "cols": 64,
      "nheads": 32,
      "headdim": 64,
      "seq_len": 8192,
      "batch_eff": 64,
      "causal": false,
      "dtype": "torch.bfloat16",
      "rep": 50,
      "fwd_time_ms": 97.50742233276367,
      "fwd_time_std_ms": 0.7420419731675048,
      "fwd_tflops": 360.83788543561593,
      "fwd_tflops_std": 2.746015124761071,
      "bwd_time_ms": 239.34851455688477,
      "bwd_time_std_ms": 1.2036734443196102,
      "bwd_tflops": 367.50146699228736,
      "bwd_tflops_std": 1.848149161844848
    },
    {
      "attn_type": "row",
      "backend": "fa3",
      "batch": 1,
      "rows": 16384,
      "cols": 64,
      "nheads": 32,
      "headdim": 64,
      "seq_len": 16384,
      "batch_eff": 64,
      "causal": false,
      "dtype": "torch.bfloat16",
      "rep": 50,
      "fwd_time_ms": 382.9663659667969,
      "fwd_time_std_ms": 1.4987003356898043,
      "fwd_tflops": 367.49307736212506,
      "fwd_tflops_std": 1.438147177796932,
      "bwd_time_ms": 925.2938439941408,
      "bwd_time_std_ms": 2.3289397901722624,
      "bwd_tflops": 380.25079618982954,
      "bwd_tflops_std": 0.9570810561847691
    }
  ]
}