{
  "metadata": {
    "timestamp": "2026-05-03T16:42:19.717355",
    "gpu": "NVIDIA H100 NVL",
    "pytorch_version": "2.10.0+cu130",
    "cuda_version": "13.0",
    "cudnn_version": "9.15.1",
    "cudnn_enabled": true,
    "dtype": "bfloat16",
    "causal": false,
    "nheads": 8,
    "headdim": 64,
    "col_attn_rows": 1024,
    "col_attn_cols": [
      16,
      32,
      64,
      128,
      256,
      512,
      1024,
      2048
    ],
    "row_attn_rows": [
      32,
      64,
      128,
      256,
      512,
      1024,
      2048,
      4096,
      8192,
      16384
    ],
    "row_attn_cols": 64,
    "warmup": 5,
    "rep": 50
  },
  "results": [
    {
      "attn_type": "col",
      "backend": "fa3",
      "batch": 1,
      "rows": 1024,
      "cols": 16,
      "nheads": 8,
      "headdim": 64,
      "seq_len": 16,
      "batch_eff": 1024,
      "causal": false,
      "dtype": "torch.bfloat16",
      "rep": 50,
      "fwd_time_ms": 0.2834035205841064,
      "fwd_time_std_ms": 0.015479774866401395,
      "fwd_tflops": 1.8943692403449568,
      "fwd_tflops_std": 0.10347228324453041,
      "bwd_time_ms": 0.6858054411411285,
      "bwd_time_std_ms": 0.01571579121964253,
      "bwd_tflops": 1.9570817020155427,
      "bwd_tflops_std": 0.04484812394821693
    },
    {
      "attn_type": "col",
      "backend": "fa3",
      "batch": 1,
      "rows": 1024,
      "cols": 32,
      "nheads": 8,
      "headdim": 64,
      "seq_len": 32,
      "batch_eff": 1024,
      "causal": false,
      "dtype": "torch.bfloat16",
      "rep": 50,
      "fwd_time_ms": 0.2824428808689118,
      "fwd_time_std_ms": 0.001775024507333035,
      "fwd_tflops": 7.603249341578189,
      "fwd_tflops_std": 0.04778294951229034,
      "bwd_time_ms": 0.7552300775051116,
      "bwd_time_std_ms": 0.002666899294219173,
      "bwd_tflops": 7.108706710590009,
      "bwd_tflops_std": 0.025102555464834857
    },
    {
      "attn_type": "col",
      "backend": "fa3",
      "batch": 1,
      "rows": 1024,
      "cols": 64,
      "nheads": 8,
      "headdim": 64,
      "seq_len": 64,
      "batch_eff": 1024,
      "causal": false,
      "dtype": "torch.bfloat16",
      "rep": 50,
      "fwd_time_ms": 0.28720639944076537,
      "fwd_time_std_ms": 0.002618649687284443,
      "fwd_tflops": 29.908576580208212,
      "fwd_tflops_std": 0.2726961685442462,
      "bwd_time_ms": 0.8396697568893432,
      "bwd_time_std_ms": 0.0045199227146309326,
      "bwd_tflops": 25.57533637933572,
      "bwd_tflops_std": 0.13767143914237776
    },
    {
      "attn_type": "col",
      "backend": "fa3",
      "batch": 1,
      "rows": 1024,
      "cols": 128,
      "nheads": 8,
      "headdim": 64,
      "seq_len": 128,
      "batch_eff": 1024,
      "causal": false,
      "dtype": "torch.bfloat16",
      "rep": 50,
      "fwd_time_ms": 0.29436095952987673,
      "fwd_time_std_ms": 0.004385589034907396,
      "fwd_tflops": 116.72654696762731,
      "fwd_tflops_std": 1.7390711909670606,
      "bwd_time_ms": 1.210021755695343,
      "bwd_time_std_ms": 0.03117797228949733,
      "bwd_tflops": 70.98991858261066,
      "bwd_tflops_std": 1.8291586113924159
    },
    {
      "attn_type": "col",
      "backend": "fa3",
      "batch": 1,
      "rows": 1024,
      "cols": 256,
      "nheads": 8,
      "headdim": 64,
      "seq_len": 256,
      "batch_eff": 1024,
      "causal": false,
      "dtype": "torch.bfloat16",
      "rep": 50,
      "fwd_time_ms": 1.0889747142791748,
      "fwd_time_std_ms": 0.014608369323776304,
      "fwd_tflops": 126.20949932981225,
      "fwd_tflops_std": 1.6930741863911924,
      "bwd_time_ms": 2.738977928161621,
      "bwd_time_std_ms": 0.02416278343070555,
      "bwd_tflops": 125.44729920865763,
      "bwd_tflops_std": 1.1066740960487407
    },
    {
      "attn_type": "col",
      "backend": "fa3",
      "batch": 1,
      "rows": 1024,
      "cols": 512,
      "nheads": 8,
      "headdim": 64,
      "seq_len": 512,
      "batch_eff": 1024,
      "causal": false,
      "dtype": "torch.bfloat16",
      "rep": 50,
      "fwd_time_ms": 2.3269324684143067,
      "fwd_time_std_ms": 0.054446544034231915,
      "fwd_tflops": 236.25774333822085,
      "fwd_tflops_std": 5.528057990809896,
      "bwd_time_ms": 7.897509841918945,
      "bwd_time_std_ms": 0.11401507607899693,
      "bwd_tflops": 174.02821423848326,
      "bwd_tflops_std": 2.512417266133024
    },
    {
      "attn_type": "col",
      "backend": "fa3",
      "batch": 1,
      "rows": 1024,
      "cols": 1024,
      "nheads": 8,
      "headdim": 64,
      "seq_len": 1024,
      "batch_eff": 1024,
      "causal": false,
      "dtype": "torch.bfloat16",
      "rep": 50,
      "fwd_time_ms": 8.305693492889404,
      "fwd_time_std_ms": 0.08785453261181525,
      "fwd_tflops": 264.76094469830946,
      "fwd_tflops_std": 2.800542672354352,
      "bwd_time_ms": 22.328120975494386,
      "bwd_time_std_ms": 0.730706185968282,
      "bwd_tflops": 246.21678397898748,
      "bwd_tflops_std": 8.057647454531438
    },
    {
      "attn_type": "col",
      "backend": "fa3",
      "batch": 1,
      "rows": 1024,
      "cols": 2048,
      "nheads": 8,
      "headdim": 64,
      "seq_len": 2048,
      "batch_eff": 1024,
      "causal": false,
      "dtype": "torch.bfloat16",
      "rep": 50,
      "fwd_time_ms": 27.184477958679196,
      "fwd_time_std_ms": 0.5180300157812552,
      "fwd_tflops": 323.5704226352329,
      "fwd_tflops_std": 6.165988966161525,
      "bwd_time_ms": 72.75543903350831,
      "bwd_time_std_ms": 0.8963335585325911,
      "bwd_tflops": 302.248640756496,
      "bwd_tflops_std": 3.723647377155345
    }
  ]
}