{
  "metadata": {
    "timestamp": "2026-05-03T16:41:07.170566",
    "gpu": "NVIDIA H100 NVL",
    "pytorch_version": "2.10.0+cu130",
    "cuda_version": "13.0",
    "cudnn_version": "9.15.1",
    "cudnn_enabled": true,
    "dtype": "bfloat16",
    "causal": false,
    "nheads": 8,
    "headdim": 16,
    "col_attn_rows": 1024,
    "col_attn_cols": [
      16,
      32,
      64,
      128,
      256,
      512,
      1024,
      2048
    ],
    "row_attn_rows": [
      32,
      64,
      128,
      256,
      512,
      1024,
      2048,
      4096,
      8192,
      16384
    ],
    "row_attn_cols": 64,
    "warmup": 5,
    "rep": 50
  },
  "results": [
    {
      "attn_type": "row",
      "backend": "fa3",
      "batch": 1,
      "rows": 32,
      "cols": 64,
      "nheads": 8,
      "headdim": 16,
      "seq_len": 32,
      "batch_eff": 64,
      "causal": false,
      "dtype": "torch.bfloat16",
      "rep": 50,
      "fwd_time_ms": 0.09928512021899223,
      "fwd_time_std_ms": 0.020600702893786144,
      "fwd_tflops": 0.33796033006747955,
      "fwd_tflops_std": 0.07012350223527497,
      "bwd_time_ms": 0.3041990382969379,
      "bwd_time_std_ms": 0.024406459409542242,
      "bwd_tflops": 0.275760503615124,
      "bwd_tflops_std": 0.022124782431651755
    },
    {
      "attn_type": "row",
      "backend": "fa3",
      "batch": 1,
      "rows": 64,
      "cols": 64,
      "nheads": 8,
      "headdim": 16,
      "seq_len": 64,
      "batch_eff": 64,
      "causal": false,
      "dtype": "torch.bfloat16",
      "rep": 50,
      "fwd_time_ms": 0.09396224036812782,
      "fwd_time_std_ms": 0.008214674975898992,
      "fwd_tflops": 1.4284219647611438,
      "fwd_tflops_std": 0.12488018722176022,
      "bwd_time_ms": 0.30653119966387754,
      "bwd_time_std_ms": 0.01246052062306699,
      "bwd_tflops": 1.09464981172532,
      "bwd_tflops_std": 0.04449761253991892
    },
    {
      "attn_type": "row",
      "backend": "fa3",
      "batch": 1,
      "rows": 128,
      "cols": 64,
      "nheads": 8,
      "headdim": 16,
      "seq_len": 128,
      "batch_eff": 64,
      "causal": false,
      "dtype": "torch.bfloat16",
      "rep": 50,
      "fwd_time_ms": 0.09406527996063231,
      "fwd_time_std_ms": 0.008658244910650231,
      "fwd_tflops": 5.707429055914023,
      "fwd_tflops_std": 0.5253406846494932,
      "bwd_time_ms": 0.30252480030059814,
      "bwd_time_std_ms": 0.013131506114871164,
      "bwd_tflops": 4.436585954825425,
      "bwd_tflops_std": 0.19257613107108432
    },
    {
      "attn_type": "row",
      "backend": "fa3",
      "batch": 1,
      "rows": 256,
      "cols": 64,
      "nheads": 8,
      "headdim": 16,
      "seq_len": 256,
      "batch_eff": 64,
      "causal": false,
      "dtype": "torch.bfloat16",
      "rep": 50,
      "fwd_time_ms": 0.09308479979634285,
      "fwd_time_std_ms": 0.008873317995148188,
      "fwd_tflops": 23.070186031429497,
      "fwd_tflops_std": 2.1991678266696173,
      "bwd_time_ms": 0.31137280151247976,
      "bwd_time_std_ms": 0.03435183304076999,
      "bwd_tflops": 17.242061907532484,
      "bwd_tflops_std": 1.9022099202278493
    },
    {
      "attn_type": "row",
      "backend": "fa3",
      "batch": 1,
      "rows": 512,
      "cols": 64,
      "nheads": 8,
      "headdim": 16,
      "seq_len": 512,
      "batch_eff": 64,
      "causal": false,
      "dtype": "torch.bfloat16",
      "rep": 50,
      "fwd_time_ms": 0.13794687956571583,
      "fwd_time_std_ms": 0.0006415142416965018,
      "fwd_tflops": 62.26987242511625,
      "fwd_tflops_std": 0.2895825560904131,
      "bwd_time_ms": 0.3072979190945626,
      "bwd_time_std_ms": 0.002394205185272265,
      "bwd_tflops": 69.8827917327735,
      "bwd_tflops_std": 0.5444675408830927
    },
    {
      "attn_type": "row",
      "backend": "fa3",
      "batch": 1,
      "rows": 1024,
      "cols": 64,
      "nheads": 8,
      "headdim": 16,
      "seq_len": 1024,
      "batch_eff": 64,
      "causal": false,
      "dtype": "torch.bfloat16",
      "rep": 50,
      "fwd_time_ms": 0.4278835201263428,
      "fwd_time_std_ms": 0.0013868042234891993,
      "fwd_tflops": 80.30161656577583,
      "fwd_tflops_std": 0.26026387034851384,
      "bwd_time_ms": 0.9327999925613406,
      "bwd_time_std_ms": 0.013469291387711054,
      "bwd_tflops": 92.08763572578104,
      "bwd_tflops_std": 1.3297118446475222
    },
    {
      "attn_type": "row",
      "backend": "fa3",
      "batch": 1,
      "rows": 2048,
      "cols": 64,
      "nheads": 8,
      "headdim": 16,
      "seq_len": 2048,
      "batch_eff": 64,
      "causal": false,
      "dtype": "torch.bfloat16",
      "rep": 50,
      "fwd_time_ms": 1.3412236762046814,
      "fwd_time_std_ms": 0.026587995235905208,
      "fwd_tflops": 102.47280592370466,
      "fwd_tflops_std": 2.0313885924076924,
      "bwd_time_ms": 3.3225990605354307,
      "bwd_time_std_ms": 0.02666073146166135,
      "bwd_tflops": 103.41223163550463,
      "bwd_tflops_std": 0.8297858655991484
    },
    {
      "attn_type": "row",
      "backend": "fa3",
      "batch": 1,
      "rows": 4096,
      "cols": 64,
      "nheads": 8,
      "headdim": 16,
      "seq_len": 4096,
      "batch_eff": 64,
      "causal": false,
      "dtype": "torch.bfloat16",
      "rep": 50,
      "fwd_time_ms": 5.252422380447387,
      "fwd_time_std_ms": 0.06218956283410195,
      "fwd_tflops": 104.66709911497507,
      "fwd_tflops_std": 1.2392760264873222,
      "bwd_time_ms": 12.671881017684939,
      "bwd_time_std_ms": 0.6963063650411546,
      "bwd_tflops": 108.45978847196366,
      "bwd_tflops_std": 5.95974985549878
    },
    {
      "attn_type": "row",
      "backend": "fa3",
      "batch": 1,
      "rows": 8192,
      "cols": 64,
      "nheads": 8,
      "headdim": 16,
      "seq_len": 8192,
      "batch_eff": 64,
      "causal": false,
      "dtype": "torch.bfloat16",
      "rep": 50,
      "fwd_time_ms": 20.414889678955078,
      "fwd_time_std_ms": 0.4682311013891811,
      "fwd_tflops": 107.71663673592555,
      "fwd_tflops_std": 2.4705634098426486,
      "bwd_time_ms": 48.21052078247071,
      "bwd_time_std_ms": 0.9560805129154933,
      "bwd_tflops": 114.03233256254113,
      "bwd_tflops_std": 2.2614169943790667
    },
    {
      "attn_type": "row",
      "backend": "fa3",
      "batch": 1,
      "rows": 16384,
      "cols": 64,
      "nheads": 8,
      "headdim": 16,
      "seq_len": 16384,
      "batch_eff": 64,
      "causal": false,
      "dtype": "torch.bfloat16",
      "rep": 50,
      "fwd_time_ms": 80.34200241088868,
      "fwd_time_std_ms": 0.5503294578558044,
      "fwd_tflops": 109.48311914386483,
      "fwd_tflops_std": 0.7499412983841651,
      "bwd_time_ms": 190.25352981567383,
      "bwd_time_std_ms": 1.2023679577368178,
      "bwd_tflops": 115.5838347747089,
      "bwd_tflops_std": 0.7304689668575456
    }
  ]
}