{
  "metadata": {
    "timestamp": "2026-05-03T16:43:55.110889",
    "gpu": "NVIDIA H100 NVL",
    "pytorch_version": "2.10.0+cu130",
    "cuda_version": "13.0",
    "cudnn_version": "9.15.1",
    "cudnn_enabled": true,
    "dtype": "bfloat16",
    "causal": false,
    "nheads": 8,
    "headdim": 256,
    "col_attn_rows": 1024,
    "col_attn_cols": [
      16,
      32,
      64,
      128,
      256,
      512,
      1024,
      2048
    ],
    "row_attn_rows": [
      32,
      64,
      128,
      256,
      512,
      1024,
      2048,
      4096,
      8192,
      16384
    ],
    "row_attn_cols": 64,
    "warmup": 5,
    "rep": 50
  },
  "results": [
    {
      "attn_type": "col",
      "backend": "fa3",
      "batch": 1,
      "rows": 1024,
      "cols": 16,
      "nheads": 8,
      "headdim": 256,
      "seq_len": 16,
      "batch_eff": 1024,
      "causal": false,
      "dtype": "torch.bfloat16",
      "rep": 50,
      "fwd_time_ms": 0.2366758394241333,
      "fwd_time_std_ms": 0.015272366322045447,
      "fwd_tflops": 9.073522896232838,
      "fwd_tflops_std": 0.5855019500085253,
      "bwd_time_ms": 1.1870240020751957,
      "bwd_time_std_ms": 0.01675497003015135,
      "bwd_tflops": 4.522831139567726,
      "bwd_tflops_std": 0.06384024254135683
    },
    {
      "attn_type": "col",
      "backend": "fa3",
      "batch": 1,
      "rows": 1024,
      "cols": 32,
      "nheads": 8,
      "headdim": 256,
      "seq_len": 32,
      "batch_eff": 1024,
      "causal": false,
      "dtype": "torch.bfloat16",
      "rep": 50,
      "fwd_time_ms": 0.2653036797046662,
      "fwd_time_std_ms": 0.0010073428969108458,
      "fwd_tflops": 32.37774388037981,
      "fwd_tflops_std": 0.12293644156088032,
      "bwd_time_ms": 1.4867705571651457,
      "bwd_time_std_ms": 0.008853176213283277,
      "bwd_tflops": 14.443947908779204,
      "bwd_tflops_std": 0.08600843986023518
    },
    {
      "attn_type": "col",
      "backend": "fa3",
      "batch": 1,
      "rows": 1024,
      "cols": 64,
      "nheads": 8,
      "headdim": 256,
      "seq_len": 64,
      "batch_eff": 1024,
      "causal": false,
      "dtype": "torch.bfloat16",
      "rep": 50,
      "fwd_time_ms": 0.38445760250091565,
      "fwd_time_std_ms": 0.0020545103457781776,
      "fwd_tflops": 89.3719831380319,
      "fwd_tflops_std": 0.4775966524926818,
      "bwd_time_ms": 2.053013749122619,
      "bwd_time_std_ms": 0.014111549142954365,
      "bwd_tflops": 41.8406091808738,
      "bwd_tflops_std": 0.2875946704591619
    },
    {
      "attn_type": "col",
      "backend": "fa3",
      "batch": 1,
      "rows": 1024,
      "cols": 128,
      "nheads": 8,
      "headdim": 256,
      "seq_len": 128,
      "batch_eff": 1024,
      "causal": false,
      "dtype": "torch.bfloat16",
      "rep": 50,
      "fwd_time_ms": 0.715453441143036,
      "fwd_time_std_ms": 0.0047150143510687045,
      "fwd_tflops": 192.10048560591483,
      "fwd_tflops_std": 1.265989503149337,
      "bwd_time_ms": 4.6878579068183885,
      "bwd_time_std_ms": 0.05629340567108318,
      "bwd_tflops": 73.29517884495709,
      "bwd_tflops_std": 0.8801536476719001
    },
    {
      "attn_type": "col",
      "backend": "fa3",
      "batch": 1,
      "rows": 1024,
      "cols": 256,
      "nheads": 8,
      "headdim": 256,
      "seq_len": 256,
      "batch_eff": 1024,
      "causal": false,
      "dtype": "torch.bfloat16",
      "rep": 50,
      "fwd_time_ms": 2.4722246193885806,
      "fwd_time_std_ms": 0.26510817438059525,
      "fwd_tflops": 222.37292258013477,
      "fwd_tflops_std": 23.84608545459633,
      "bwd_time_ms": 12.014341809749606,
      "bwd_time_std_ms": 0.6753667495668,
      "bwd_tflops": 114.3957410637915,
      "bwd_tflops_std": 6.430571148212434
    },
    {
      "attn_type": "col",
      "backend": "fa3",
      "batch": 1,
      "rows": 1024,
      "cols": 512,
      "nheads": 8,
      "headdim": 256,
      "seq_len": 512,
      "batch_eff": 1024,
      "causal": false,
      "dtype": "torch.bfloat16",
      "rep": 50,
      "fwd_time_ms": 7.538748168945314,
      "fwd_time_std_ms": 0.17961990290108062,
      "fwd_tflops": 291.6960755647111,
      "fwd_tflops_std": 6.950016049798593,
      "bwd_time_ms": 31.558907470703126,
      "bwd_time_std_ms": 1.1876257811434794,
      "bwd_tflops": 174.19988774907725,
      "bwd_tflops_std": 6.555495558747077
    },
    {
      "attn_type": "col",
      "backend": "fa3",
      "batch": 1,
      "rows": 1024,
      "cols": 1024,
      "nheads": 8,
      "headdim": 256,
      "seq_len": 1024,
      "batch_eff": 1024,
      "causal": false,
      "dtype": "torch.bfloat16",
      "rep": 50,
      "fwd_time_ms": 23.840488929748535,
      "fwd_time_std_ms": 0.5827671264375809,
      "fwd_tflops": 368.95606663637244,
      "fwd_tflops_std": 9.018920181082851,
      "bwd_time_ms": 96.06002803802491,
      "bwd_time_std_ms": 1.3656747911573892,
      "bwd_tflops": 228.9217794816307,
      "bwd_tflops_std": 3.254555612467651
    },
    {
      "attn_type": "col",
      "backend": "fa3",
      "rows": 1024,
      "cols": 2048,
      "error": "aoti_torch_aten_new_empty( self.get(), size.data(), static_cast<int64_t>(size.size()), &target_dtype, &layout, &device_type, device_index, nullptr, &ret0) API call failed at /venv/lib/python3.12/site-packages/torch/include/torch/csrc/stable/ops.h, line 95"
    }
  ]
}