{
  "metadata": {
    "timestamp": "2026-03-07T20:20:40.172419",
    "gpu": "NVIDIA H100 NVL",
    "pytorch_version": "2.10.0+cu130",
    "cuda_version": "13.0",
    "cudnn_version": "9.15.1",
    "cudnn_enabled": true,
    "dtype": "bfloat16",
    "causal": false,
    "nheads": 16,
    "headdim": 128,
    "col_attn_rows": 1024,
    "col_attn_cols": [
      16,
      32,
      64,
      128,
      256,
      512,
      1024,
      2048
    ],
    "row_attn_rows": [
      32,
      64,
      128,
      256,
      512,
      1024,
      2048,
      4096,
      8192,
      16384
    ],
    "row_attn_cols": 64,
    "warmup": 5,
    "rep": 25
  },
  "results": [
    {
      "attn_type": "row",
      "backend": "fa3",
      "batch": 1,
      "rows": 32,
      "cols": 64,
      "nheads": 16,
      "headdim": 128,
      "seq_len": 32,
      "batch_eff": 64,
      "causal": false,
      "dtype": "torch.bfloat16",
      "rep": 25,
      "fwd_time_ms": 0.11176576107740402,
      "fwd_time_std_ms": 0.0336735292541015,
      "fwd_tflops": 4.803536492971108,
      "fwd_tflops_std": 1.4472413112919655,
      "bwd_time_ms": 0.30480128079652785,
      "bwd_time_std_ms": 0.03603261130786587,
      "bwd_tflops": 4.403450262717169,
      "bwd_tflops_std": 0.5205614993328305
    },
    {
      "attn_type": "row",
      "backend": "fa3",
      "batch": 1,
      "rows": 64,
      "cols": 64,
      "nheads": 16,
      "headdim": 128,
      "seq_len": 64,
      "batch_eff": 64,
      "causal": false,
      "dtype": "torch.bfloat16",
      "rep": 25,
      "fwd_time_ms": 0.09855232030153274,
      "fwd_time_std_ms": 0.009158846593114379,
      "fwd_tflops": 21.790290085809385,
      "fwd_tflops_std": 2.025055559369569,
      "bwd_time_ms": 0.3176755198836326,
      "bwd_time_std_ms": 0.01274184849181404,
      "bwd_tflops": 16.899977442286414,
      "bwd_tflops_std": 0.6778518916521119
    },
    {
      "attn_type": "row",
      "backend": "fa3",
      "batch": 1,
      "rows": 128,
      "cols": 64,
      "nheads": 16,
      "headdim": 128,
      "seq_len": 128,
      "batch_eff": 64,
      "causal": false,
      "dtype": "torch.bfloat16",
      "rep": 25,
      "fwd_time_ms": 0.10286592006683348,
      "fwd_time_std_ms": 0.005535929878692414,
      "fwd_tflops": 83.5061270673416,
      "fwd_tflops_std": 4.494044904139573,
      "bwd_time_ms": 0.3144601607322693,
      "bwd_time_std_ms": 0.01072656098504601,
      "bwd_tflops": 68.29111970811346,
      "bwd_tflops_std": 2.3294806521129714
    },
    {
      "attn_type": "row",
      "backend": "fa3",
      "batch": 1,
      "rows": 256,
      "cols": 64,
      "nheads": 16,
      "headdim": 128,
      "seq_len": 256,
      "batch_eff": 64,
      "causal": false,
      "dtype": "torch.bfloat16",
      "rep": 25,
      "fwd_time_ms": 0.22213887870311738,
      "fwd_time_std_ms": 0.0007101801956406527,
      "fwd_tflops": 154.67683355834734,
      "fwd_tflops_std": 0.4945033690583864,
      "bwd_time_ms": 0.6613888031244276,
      "bwd_time_std_ms": 0.013541605700982983,
      "bwd_tflops": 129.87723032837567,
      "bwd_tflops_std": 2.6591714802763873
    },
    {
      "attn_type": "row",
      "backend": "fa3",
      "batch": 1,
      "rows": 512,
      "cols": 64,
      "nheads": 16,
      "headdim": 128,
      "seq_len": 512,
      "batch_eff": 64,
      "causal": false,
      "dtype": "torch.bfloat16",
      "rep": 25,
      "fwd_time_ms": 0.553634557723999,
      "fwd_time_std_ms": 0.013060255695277483,
      "fwd_tflops": 248.2485089749705,
      "fwd_tflops_std": 5.856189715673088,
      "bwd_time_ms": 1.664410877227783,
      "bwd_time_std_ms": 0.04216799822229663,
      "bwd_tflops": 206.43783838536942,
      "bwd_tflops_std": 5.230121072356873
    },
    {
      "attn_type": "row",
      "backend": "fa3",
      "batch": 1,
      "rows": 1024,
      "cols": 64,
      "nheads": 16,
      "headdim": 128,
      "seq_len": 1024,
      "batch_eff": 64,
      "causal": false,
      "dtype": "torch.bfloat16",
      "rep": 25,
      "fwd_time_ms": 1.6652428770065308,
      "fwd_time_std_ms": 0.024718957491314912,
      "fwd_tflops": 330.1355144519522,
      "fwd_tflops_std": 4.90054986019867,
      "bwd_time_ms": 4.819137234687805,
      "bwd_time_std_ms": 0.0352059126838244,
      "bwd_tflops": 285.19410587174036,
      "bwd_tflops_std": 2.083468118938578
    },
    {
      "attn_type": "row",
      "backend": "fa3",
      "batch": 1,
      "rows": 2048,
      "cols": 64,
      "nheads": 16,
      "headdim": 128,
      "seq_len": 2048,
      "batch_eff": 64,
      "causal": false,
      "dtype": "torch.bfloat16",
      "rep": 25,
      "fwd_time_ms": 5.5473126220703115,
      "fwd_time_std_ms": 0.11866370655728063,
      "fwd_tflops": 396.41235411955256,
      "fwd_tflops_std": 8.479738293056162,
      "bwd_time_ms": 17.326828689575198,
      "bwd_time_std_ms": 0.8236256587427275,
      "bwd_tflops": 317.285882914491,
      "bwd_tflops_std": 15.08209026631881
    },
    {
      "attn_type": "row",
      "backend": "fa3",
      "batch": 1,
      "rows": 4096,
      "cols": 64,
      "nheads": 16,
      "headdim": 128,
      "seq_len": 4096,
      "batch_eff": 64,
      "causal": false,
      "dtype": "torch.bfloat16",
      "rep": 25,
      "fwd_time_ms": 20.358197708129882,
      "fwd_time_std_ms": 0.5782487218085812,
      "fwd_tflops": 432.06639154974664,
      "fwd_tflops_std": 12.272296508365013,
      "bwd_time_ms": 57.62379936218262,
      "bwd_time_std_ms": 1.9515820081304862,
      "bwd_tflops": 381.6171928772847,
      "bwd_tflops_std": 12.92447314922001
    },
    {
      "attn_type": "row",
      "backend": "fa3",
      "batch": 1,
      "rows": 8192,
      "cols": 64,
      "nheads": 16,
      "headdim": 128,
      "seq_len": 8192,
      "batch_eff": 64,
      "causal": false,
      "dtype": "torch.bfloat16",
      "rep": 25,
      "fwd_time_ms": 77.21122314453125,
      "fwd_time_std_ms": 1.523045986883011,
      "fwd_tflops": 455.6898680774759,
      "fwd_tflops_std": 8.988804950537894,
      "bwd_time_ms": 211.5885095214844,
      "bwd_time_std_ms": 2.819530399106951,
      "bwd_tflops": 415.7169518373518,
      "bwd_tflops_std": 5.539651400637507
    },
    {
      "attn_type": "row",
      "backend": "fa3",
      "batch": 1,
      "rows": 16384,
      "cols": 64,
      "nheads": 16,
      "headdim": 128,
      "seq_len": 16384,
      "batch_eff": 64,
      "causal": false,
      "dtype": "torch.bfloat16",
      "rep": 25,
      "fwd_time_ms": 296.8834094238282,
      "fwd_time_std_ms": 1.7699500523068945,
      "fwd_tflops": 474.0496905113764,
      "fwd_tflops_std": 2.8261743428002255,
      "bwd_time_ms": 813.9986267089843,
      "bwd_time_std_ms": 2.0571869035384176,
      "bwd_tflops": 432.2411725813746,
      "bwd_tflops_std": 1.0923862156863249
    }
  ]
}