{
  "metadata": {
    "timestamp": "2026-05-03T16:42:32.969800",
    "gpu": "NVIDIA H100 NVL",
    "pytorch_version": "2.10.0+cu130",
    "cuda_version": "13.0",
    "cudnn_version": "9.15.1",
    "cudnn_enabled": true,
    "dtype": "bfloat16",
    "causal": false,
    "nheads": 8,
    "headdim": 64,
    "col_attn_rows": 1024,
    "col_attn_cols": [
      16,
      32,
      64,
      128,
      256,
      512,
      1024,
      2048
    ],
    "row_attn_rows": [
      32,
      64,
      128,
      256,
      512,
      1024,
      2048,
      4096,
      8192,
      16384
    ],
    "row_attn_cols": 64,
    "warmup": 5,
    "rep": 50
  },
  "results": [
    {
      "attn_type": "row",
      "backend": "fa3",
      "batch": 1,
      "rows": 32,
      "cols": 64,
      "nheads": 8,
      "headdim": 64,
      "seq_len": 32,
      "batch_eff": 64,
      "causal": false,
      "dtype": "torch.bfloat16",
      "rep": 50,
      "fwd_time_ms": 0.1013593602180481,
      "fwd_time_std_ms": 0.02028538618440959,
      "fwd_tflops": 1.3241769453878331,
      "fwd_tflops_std": 0.2650119402480313,
      "bwd_time_ms": 0.3000198400020599,
      "bwd_time_std_ms": 0.023753900185129472,
      "bwd_tflops": 1.1184071026692641,
      "bwd_tflops_std": 0.08854924621972717
    },
    {
      "attn_type": "row",
      "backend": "fa3",
      "batch": 1,
      "rows": 64,
      "cols": 64,
      "nheads": 8,
      "headdim": 64,
      "seq_len": 64,
      "batch_eff": 64,
      "causal": false,
      "dtype": "torch.bfloat16",
      "rep": 50,
      "fwd_time_ms": 0.09388671949505804,
      "fwd_time_std_ms": 0.007838539716100334,
      "fwd_tflops": 5.718283851937755,
      "fwd_tflops_std": 0.4774157124928479,
      "bwd_time_ms": 0.29893760070204733,
      "bwd_time_std_ms": 0.011375965356184594,
      "bwd_tflops": 4.489824220332039,
      "bwd_tflops_std": 0.17085868310277763
    },
    {
      "attn_type": "row",
      "backend": "fa3",
      "batch": 1,
      "rows": 128,
      "cols": 64,
      "nheads": 8,
      "headdim": 64,
      "seq_len": 128,
      "batch_eff": 64,
      "causal": false,
      "dtype": "torch.bfloat16",
      "rep": 50,
      "fwd_time_ms": 0.09394048005342483,
      "fwd_time_std_ms": 0.007546443508450884,
      "fwd_tflops": 22.860045496666675,
      "fwd_tflops_std": 1.83639727882062,
      "bwd_time_ms": 0.29960767656564713,
      "bwd_time_std_ms": 0.011603152225160916,
      "bwd_tflops": 17.91913071634418,
      "bwd_tflops_std": 0.6939688723187347
    },
    {
      "attn_type": "row",
      "backend": "fa3",
      "batch": 1,
      "rows": 256,
      "cols": 64,
      "nheads": 8,
      "headdim": 64,
      "seq_len": 256,
      "batch_eff": 64,
      "causal": false,
      "dtype": "torch.bfloat16",
      "rep": 50,
      "fwd_time_ms": 0.0973843204975128,
      "fwd_time_std_ms": 0.00625495713478652,
      "fwd_tflops": 88.20654647602524,
      "fwd_tflops_std": 5.665472269010532,
      "bwd_time_ms": 0.31072832047939297,
      "bwd_time_std_ms": 0.030411721163640784,
      "bwd_tflops": 69.11129454459937,
      "bwd_tflops_std": 6.7640870832306135
    },
    {
      "attn_type": "row",
      "backend": "fa3",
      "batch": 1,
      "rows": 512,
      "cols": 64,
      "nheads": 8,
      "headdim": 64,
      "seq_len": 512,
      "batch_eff": 64,
      "causal": false,
      "dtype": "torch.bfloat16",
      "rep": 50,
      "fwd_time_ms": 0.17981695950031282,
      "fwd_time_std_ms": 0.000750576886988261,
      "fwd_tflops": 191.08174481139653,
      "fwd_tflops_std": 0.7975974100517133,
      "bwd_time_ms": 0.43506624162197105,
      "bwd_time_std_ms": 0.017967464411356476,
      "bwd_tflops": 197.43969469972788,
      "bwd_tflops_std": 8.153909332705393
    },
    {
      "attn_type": "row",
      "backend": "fa3",
      "batch": 1,
      "rows": 1024,
      "cols": 64,
      "nheads": 8,
      "headdim": 64,
      "seq_len": 1024,
      "batch_eff": 64,
      "causal": false,
      "dtype": "torch.bfloat16",
      "rep": 50,
      "fwd_time_ms": 0.5989568042755126,
      "fwd_time_std_ms": 0.0015007796950085857,
      "fwd_tflops": 229.46388202108113,
      "fwd_tflops_std": 0.5749575468829238,
      "bwd_time_ms": 1.3389484763145452,
      "bwd_time_std_ms": 0.03297755067738752,
      "bwd_tflops": 256.61733050830424,
      "bwd_tflops_std": 6.320341052126843
    },
    {
      "attn_type": "row",
      "backend": "fa3",
      "batch": 1,
      "rows": 2048,
      "cols": 64,
      "nheads": 8,
      "headdim": 64,
      "seq_len": 2048,
      "batch_eff": 64,
      "causal": false,
      "dtype": "torch.bfloat16",
      "rep": 50,
      "fwd_time_ms": 1.8027763223648072,
      "fwd_time_std_ms": 0.027437998978996948,
      "fwd_tflops": 304.94954203017994,
      "fwd_tflops_std": 4.641288616379159,
      "bwd_time_ms": 4.394593930244446,
      "bwd_time_std_ms": 0.03624254781792252,
      "bwd_tflops": 312.74551335930835,
      "bwd_tflops_std": 2.5792358526593095
    },
    {
      "attn_type": "row",
      "backend": "fa3",
      "batch": 1,
      "rows": 4096,
      "cols": 64,
      "nheads": 8,
      "headdim": 64,
      "seq_len": 4096,
      "batch_eff": 64,
      "causal": false,
      "dtype": "torch.bfloat16",
      "rep": 50,
      "fwd_time_ms": 7.027097606658936,
      "fwd_time_std_ms": 0.17199246123100603,
      "fwd_tflops": 312.93478170392666,
      "fwd_tflops_std": 7.659267925785373,
      "bwd_time_ms": 15.746798686981194,
      "bwd_time_std_ms": 0.5911556205517092,
      "bwd_tflops": 349.12227228923393,
      "bwd_tflops_std": 13.106511210700623
    },
    {
      "attn_type": "row",
      "backend": "fa3",
      "batch": 1,
      "rows": 8192,
      "cols": 64,
      "nheads": 8,
      "headdim": 64,
      "seq_len": 8192,
      "batch_eff": 64,
      "causal": false,
      "dtype": "torch.bfloat16",
      "rep": 50,
      "fwd_time_ms": 24.421276168823237,
      "fwd_time_std_ms": 0.4175304175451937,
      "fwd_tflops": 360.181546672704,
      "fwd_tflops_std": 6.158021822230363,
      "bwd_time_ms": 60.28010093688964,
      "bwd_time_std_ms": 0.9726316856829571,
      "bwd_tflops": 364.80085822256194,
      "bwd_tflops_std": 5.8861360242756735
    },
    {
      "attn_type": "row",
      "backend": "fa3",
      "batch": 1,
      "rows": 16384,
      "cols": 64,
      "nheads": 8,
      "headdim": 64,
      "seq_len": 16384,
      "batch_eff": 64,
      "causal": false,
      "dtype": "torch.bfloat16",
      "rep": 50,
      "fwd_time_ms": 95.13231216430665,
      "fwd_time_std_ms": 0.6400874755395375,
      "fwd_tflops": 369.8467039050173,
      "fwd_tflops_std": 2.4884735549190538,
      "bwd_time_ms": 234.7992680358887,
      "bwd_time_std_ms": 1.8139205931564215,
      "bwd_tflops": 374.62182466699727,
      "bwd_tflops_std": 2.894107158398104
    }
  ]
}