{
  "metadata": {
    "timestamp": "2026-05-03T16:41:36.355378",
    "gpu": "NVIDIA H100 NVL",
    "pytorch_version": "2.10.0+cu130",
    "cuda_version": "13.0",
    "cudnn_version": "9.15.1",
    "cudnn_enabled": true,
    "dtype": "bfloat16",
    "causal": false,
    "nheads": 8,
    "headdim": 32,
    "col_attn_rows": 1024,
    "col_attn_cols": [
      16,
      32,
      64,
      128,
      256,
      512,
      1024,
      2048
    ],
    "row_attn_rows": [
      32,
      64,
      128,
      256,
      512,
      1024,
      2048,
      4096,
      8192,
      16384
    ],
    "row_attn_cols": 64,
    "warmup": 5,
    "rep": 50
  },
  "results": [
    {
      "attn_type": "col",
      "backend": "fa3",
      "batch": 1,
      "rows": 1024,
      "cols": 16,
      "nheads": 8,
      "headdim": 32,
      "seq_len": 16,
      "batch_eff": 1024,
      "causal": false,
      "dtype": "torch.bfloat16",
      "rep": 50,
      "fwd_time_ms": 0.28515648007392885,
      "fwd_time_std_ms": 0.014946741367419587,
      "fwd_tflops": 0.9413619354903181,
      "fwd_tflops_std": 0.04934235890153884,
      "bwd_time_ms": 0.6562854373455048,
      "bwd_time_std_ms": 0.015110031272774407,
      "bwd_tflops": 1.0225560431667813,
      "bwd_tflops_std": 0.023542886846474913
    },
    {
      "attn_type": "col",
      "backend": "fa3",
      "batch": 1,
      "rows": 1024,
      "cols": 32,
      "nheads": 8,
      "headdim": 32,
      "seq_len": 32,
      "batch_eff": 1024,
      "causal": false,
      "dtype": "torch.bfloat16",
      "rep": 50,
      "fwd_time_ms": 0.28689536154270173,
      "fwd_time_std_ms": 0.0023658993622033752,
      "fwd_tflops": 3.742625249241555,
      "fwd_tflops_std": 0.030863777798752965,
      "bwd_time_ms": 0.6916134423017501,
      "bwd_time_std_ms": 0.0031997537771007887,
      "bwd_tflops": 3.8812932135417046,
      "bwd_tflops_std": 0.01795682654566921
    },
    {
      "attn_type": "col",
      "backend": "fa3",
      "batch": 1,
      "rows": 1024,
      "cols": 64,
      "nheads": 8,
      "headdim": 32,
      "seq_len": 64,
      "batch_eff": 1024,
      "causal": false,
      "dtype": "torch.bfloat16",
      "rep": 50,
      "fwd_time_ms": 0.2874047976732254,
      "fwd_time_std_ms": 0.002220614938472698,
      "fwd_tflops": 14.94396520437807,
      "fwd_tflops_std": 0.11546359922143232,
      "bwd_time_ms": 0.7613260835409165,
      "bwd_time_std_ms": 0.0033041100593355233,
      "bwd_tflops": 14.103573320462665,
      "bwd_tflops_std": 0.061208671931982164
    },
    {
      "attn_type": "col",
      "backend": "fa3",
      "batch": 1,
      "rows": 1024,
      "cols": 128,
      "nheads": 8,
      "headdim": 32,
      "seq_len": 128,
      "batch_eff": 1024,
      "causal": false,
      "dtype": "torch.bfloat16",
      "rep": 50,
      "fwd_time_ms": 0.29206848204135893,
      "fwd_time_std_ms": 0.001938270969550093,
      "fwd_tflops": 58.821373206463306,
      "fwd_tflops_std": 0.3903596830383589,
      "bwd_time_ms": 0.8910630363225936,
      "bwd_time_std_ms": 0.0064028742611246525,
      "bwd_tflops": 48.200487742430404,
      "bwd_tflops_std": 0.34635222173881186
    },
    {
      "attn_type": "col",
      "backend": "fa3",
      "batch": 1,
      "rows": 1024,
      "cols": 256,
      "nheads": 8,
      "headdim": 32,
      "seq_len": 256,
      "batch_eff": 1024,
      "causal": false,
      "dtype": "torch.bfloat16",
      "rep": 50,
      "fwd_time_ms": 0.9141216003894806,
      "fwd_time_std_ms": 0.014302757873557215,
      "fwd_tflops": 75.17542163615937,
      "fwd_tflops_std": 1.1762284724991112,
      "bwd_time_ms": 2.0705030381679532,
      "bwd_time_std_ms": 0.02047646565850219,
      "bwd_tflops": 82.97437321898978,
      "bwd_tflops_std": 0.8205841152774819
    },
    {
      "attn_type": "col",
      "backend": "fa3",
      "batch": 1,
      "rows": 1024,
      "cols": 512,
      "nheads": 8,
      "headdim": 32,
      "seq_len": 512,
      "batch_eff": 1024,
      "causal": false,
      "dtype": "torch.bfloat16",
      "rep": 50,
      "fwd_time_ms": 2.0552582406997684,
      "fwd_time_std_ms": 0.07366846705897839,
      "fwd_tflops": 133.74373180978483,
      "fwd_tflops_std": 4.79389670167159,
      "bwd_time_ms": 6.084583687782287,
      "bwd_time_std_ms": 0.35571071297528867,
      "bwd_tflops": 112.94030990811619,
      "bwd_tflops_std": 6.602600970339969
    },
    {
      "attn_type": "col",
      "backend": "fa3",
      "batch": 1,
      "rows": 1024,
      "cols": 1024,
      "nheads": 8,
      "headdim": 32,
      "seq_len": 1024,
      "batch_eff": 1024,
      "causal": false,
      "dtype": "torch.bfloat16",
      "rep": 50,
      "fwd_time_ms": 7.533207054138185,
      "fwd_time_std_ms": 0.22186180561871885,
      "fwd_tflops": 145.95531755257014,
      "fwd_tflops_std": 4.29855572256951,
      "bwd_time_ms": 18.044013442993162,
      "bwd_time_std_ms": 0.6005508601144091,
      "bwd_tflops": 152.3374540882646,
      "bwd_tflops_std": 5.070179612167855
    },
    {
      "attn_type": "col",
      "backend": "fa3",
      "batch": 1,
      "rows": 1024,
      "cols": 2048,
      "nheads": 8,
      "headdim": 32,
      "seq_len": 2048,
      "batch_eff": 1024,
      "causal": false,
      "dtype": "torch.bfloat16",
      "rep": 50,
      "fwd_time_ms": 24.302757034301756,
      "fwd_time_std_ms": 0.39998643310260096,
      "fwd_tflops": 180.9690359368052,
      "fwd_tflops_std": 2.978475202801566,
      "bwd_time_ms": 61.20929222106933,
      "bwd_time_std_ms": 0.7411574267606367,
      "bwd_tflops": 179.63148859896936,
      "bwd_tflops_std": 2.1750817077634377
    }
  ]
}