{
  "metadata": {
    "timestamp": "2026-03-07T20:13:49.056358",
    "gpu": "NVIDIA H100 NVL",
    "pytorch_version": "2.10.0+cu130",
    "cuda_version": "13.0",
    "cudnn_version": "9.15.1",
    "cudnn_enabled": true,
    "dtype": "bfloat16",
    "causal": false,
    "nheads": 12,
    "headdim": 64,
    "col_attn_rows": 1024,
    "col_attn_cols": [
      16,
      32,
      64,
      128,
      256,
      512,
      1024,
      2048
    ],
    "row_attn_rows": [
      32,
      64,
      128,
      256,
      512,
      1024,
      2048,
      4096,
      8192,
      16384
    ],
    "row_attn_cols": 64,
    "warmup": 5,
    "rep": 50
  },
  "results": [
    {
      "attn_type": "row",
      "backend": "fa3",
      "batch": 1,
      "rows": 32,
      "cols": 64,
      "nheads": 12,
      "headdim": 64,
      "seq_len": 32,
      "batch_eff": 64,
      "causal": false,
      "dtype": "torch.bfloat16",
      "rep": 50,
      "fwd_time_ms": 0.10343679994344712,
      "fwd_time_std_ms": 0.02523197030557594,
      "fwd_tflops": 1.946372974706033,
      "fwd_tflops_std": 0.4747906463483877,
      "bwd_time_ms": 0.3114457610249519,
      "bwd_time_std_ms": 0.03304470680467654,
      "bwd_tflops": 1.6160646346368994,
      "bwd_tflops_std": 0.17146607439201797
    },
    {
      "attn_type": "row",
      "backend": "fa3",
      "batch": 1,
      "rows": 64,
      "cols": 64,
      "nheads": 12,
      "headdim": 64,
      "seq_len": 64,
      "batch_eff": 64,
      "causal": false,
      "dtype": "torch.bfloat16",
      "rep": 50,
      "fwd_time_ms": 0.09629888013005254,
      "fwd_time_std_ms": 0.008909148558550977,
      "fwd_tflops": 8.362572512914234,
      "fwd_tflops_std": 0.7736684035015808,
      "bwd_time_ms": 0.31185471937060366,
      "bwd_time_std_ms": 0.013549905548203912,
      "bwd_tflops": 6.455781474345636,
      "bwd_tflops_std": 0.2804999372585209
    },
    {
      "attn_type": "row",
      "backend": "fa3",
      "batch": 1,
      "rows": 128,
      "cols": 64,
      "nheads": 12,
      "headdim": 64,
      "seq_len": 128,
      "batch_eff": 64,
      "causal": false,
      "dtype": "torch.bfloat16",
      "rep": 50,
      "fwd_time_ms": 0.09542464032769205,
      "fwd_time_std_ms": 0.008269175469138516,
      "fwd_tflops": 33.756747323732974,
      "fwd_tflops_std": 2.9252451560596966,
      "bwd_time_ms": 0.3137017600238324,
      "bwd_time_std_ms": 0.014970317195645283,
      "bwd_tflops": 25.671082238710415,
      "bwd_tflops_std": 1.2250624409623796
    },
    {
      "attn_type": "row",
      "backend": "fa3",
      "batch": 1,
      "rows": 256,
      "cols": 64,
      "nheads": 12,
      "headdim": 64,
      "seq_len": 256,
      "batch_eff": 64,
      "causal": false,
      "dtype": "torch.bfloat16",
      "rep": 50,
      "fwd_time_ms": 0.13387839943170546,
      "fwd_time_std_ms": 0.0006848673317051241,
      "fwd_tflops": 96.24332187040295,
      "fwd_tflops_std": 0.4923416124155601,
      "bwd_time_ms": 0.2922560039162636,
      "bwd_time_std_ms": 0.04039831651851038,
      "bwd_tflops": 110.21930871685144,
      "bwd_tflops_std": 15.235527962910705
    },
    {
      "attn_type": "row",
      "backend": "fa3",
      "batch": 1,
      "rows": 512,
      "cols": 64,
      "nheads": 12,
      "headdim": 64,
      "seq_len": 512,
      "batch_eff": 64,
      "causal": false,
      "dtype": "torch.bfloat16",
      "rep": 50,
      "fwd_time_ms": 0.26307519972324367,
      "fwd_time_std_ms": 0.000816151451821612,
      "fwd_tflops": 195.91207231323935,
      "fwd_tflops_std": 0.6077878964495326,
      "bwd_time_ms": 0.6714969617128372,
      "bwd_time_std_ms": 0.03024454315973622,
      "bwd_tflops": 191.88324925750257,
      "bwd_tflops_std": 8.642512989181279
    },
    {
      "attn_type": "row",
      "backend": "fa3",
      "batch": 1,
      "rows": 1024,
      "cols": 64,
      "nheads": 12,
      "headdim": 64,
      "seq_len": 1024,
      "batch_eff": 64,
      "causal": false,
      "dtype": "torch.bfloat16",
      "rep": 50,
      "fwd_time_ms": 0.8864601600170136,
      "fwd_time_std_ms": 0.01837078438447907,
      "fwd_tflops": 232.56367235279166,
      "fwd_tflops_std": 4.819592885453276,
      "bwd_time_ms": 2.0128652727603917,
      "bwd_time_std_ms": 0.04446505904427292,
      "bwd_tflops": 256.0509550712249,
      "bwd_tflops_std": 5.656275653248739
    },
    {
      "attn_type": "row",
      "backend": "fa3",
      "batch": 1,
      "rows": 2048,
      "cols": 64,
      "nheads": 12,
      "headdim": 64,
      "seq_len": 2048,
      "batch_eff": 64,
      "causal": false,
      "dtype": "torch.bfloat16",
      "rep": 50,
      "fwd_time_ms": 2.6646188735961913,
      "fwd_time_std_ms": 0.02133479132180489,
      "fwd_tflops": 309.47529832627345,
      "fwd_tflops_std": 2.4778744061560474,
      "bwd_time_ms": 6.914186210632325,
      "bwd_time_std_ms": 0.3323377792074771,
      "bwd_tflops": 298.16730982885423,
      "bwd_tflops_std": 14.331731683536312
    },
    {
      "attn_type": "row",
      "backend": "fa3",
      "batch": 1,
      "rows": 4096,
      "cols": 64,
      "nheads": 12,
      "headdim": 64,
      "seq_len": 4096,
      "batch_eff": 64,
      "causal": false,
      "dtype": "torch.bfloat16",
      "rep": 50,
      "fwd_time_ms": 9.939338264465334,
      "fwd_time_std_ms": 0.26449576713042305,
      "fwd_tflops": 331.86664902237715,
      "fwd_tflops_std": 8.831304618336008,
      "bwd_time_ms": 24.10084537506103,
      "bwd_time_std_ms": 0.7905623267530554,
      "bwd_tflops": 342.1596661855318,
      "bwd_tflops_std": 11.223612185014392
    },
    {
      "attn_type": "row",
      "backend": "fa3",
      "batch": 1,
      "rows": 8192,
      "cols": 64,
      "nheads": 12,
      "headdim": 64,
      "seq_len": 8192,
      "batch_eff": 64,
      "causal": false,
      "dtype": "torch.bfloat16",
      "rep": 50,
      "fwd_time_ms": 36.504279174804694,
      "fwd_time_std_ms": 0.5973272826955486,
      "fwd_tflops": 361.44090039774335,
      "fwd_tflops_std": 5.914334312855845,
      "bwd_time_ms": 89.36601272583009,
      "bwd_time_std_ms": 0.8320171402564532,
      "bwd_tflops": 369.1039560473309,
      "bwd_tflops_std": 3.4364386258343194
    },
    {
      "attn_type": "row",
      "backend": "fa3",
      "batch": 1,
      "rows": 16384,
      "cols": 64,
      "nheads": 12,
      "headdim": 64,
      "seq_len": 16384,
      "batch_eff": 64,
      "causal": false,
      "dtype": "torch.bfloat16",
      "rep": 50,
      "fwd_time_ms": 141.57930541992187,
      "fwd_time_std_ms": 0.4952764979163466,
      "fwd_tflops": 372.770285718761,
      "fwd_tflops_std": 1.3040349441641281,
      "bwd_time_ms": 346.4088281250001,
      "bwd_time_std_ms": 1.7233097621211637,
      "bwd_tflops": 380.8834666462643,
      "bwd_tflops_std": 1.894813708573287
    }
  ]
}