{
  "metadata": {
    "timestamp": "2026-03-07T20:16:10.476998",
    "gpu": "NVIDIA H100 NVL",
    "pytorch_version": "2.10.0+cu130",
    "cuda_version": "13.0",
    "cudnn_version": "9.15.1",
    "cudnn_enabled": true,
    "dtype": "bfloat16",
    "causal": false,
    "nheads": 32,
    "headdim": 64,
    "col_attn_rows": 1024,
    "col_attn_cols": [
      16,
      32,
      64,
      128,
      256,
      512,
      1024,
      2048
    ],
    "row_attn_rows": [
      32,
      64,
      128,
      256,
      512,
      1024,
      2048,
      4096,
      8192,
      16384
    ],
    "row_attn_cols": 64,
    "warmup": 5,
    "rep": 50
  },
  "results": [
    {
      "attn_type": "col",
      "backend": "fa3",
      "batch": 1,
      "rows": 1024,
      "cols": 16,
      "nheads": 32,
      "headdim": 64,
      "seq_len": 16,
      "batch_eff": 1024,
      "causal": false,
      "dtype": "torch.bfloat16",
      "rep": 50,
      "fwd_time_ms": 1.0792972826957703,
      "fwd_time_std_ms": 0.018502231753209593,
      "fwd_tflops": 1.9897054152088767,
      "fwd_tflops_std": 0.034109222086485876,
      "bwd_time_ms": 2.680583045482636,
      "bwd_time_std_ms": 0.01916227677848103,
      "bwd_tflops": 2.0028139508855882,
      "bwd_tflops_std": 0.014317211819775109
    },
    {
      "attn_type": "col",
      "backend": "fa3",
      "batch": 1,
      "rows": 1024,
      "cols": 32,
      "nheads": 32,
      "headdim": 64,
      "seq_len": 32,
      "batch_eff": 1024,
      "causal": false,
      "dtype": "torch.bfloat16",
      "rep": 50,
      "fwd_time_ms": 1.069221770763397,
      "fwd_time_std_ms": 0.0025714516995609163,
      "fwd_tflops": 8.033819387971315,
      "fwd_tflops_std": 0.01932113531920939,
      "bwd_time_ms": 2.959459822177888,
      "bwd_time_std_ms": 0.0068946809561803435,
      "bwd_tflops": 7.256336551376633,
      "bwd_tflops_std": 0.016905154466869667
    },
    {
      "attn_type": "col",
      "backend": "fa3",
      "batch": 1,
      "rows": 1024,
      "cols": 64,
      "nheads": 32,
      "headdim": 64,
      "seq_len": 64,
      "batch_eff": 1024,
      "causal": false,
      "dtype": "torch.bfloat16",
      "rep": 50,
      "fwd_time_ms": 1.1008390331268312,
      "fwd_time_std_ms": 0.024913837072810127,
      "fwd_tflops": 31.212318362662298,
      "fwd_tflops_std": 0.7063872109833303,
      "bwd_time_ms": 3.4095833492279053,
      "bwd_time_std_ms": 0.0392961746411467,
      "bwd_tflops": 25.193502290962257,
      "bwd_tflops_std": 0.2903604823363442
    },
    {
      "attn_type": "col",
      "backend": "fa3",
      "batch": 1,
      "rows": 1024,
      "cols": 128,
      "nheads": 32,
      "headdim": 64,
      "seq_len": 128,
      "batch_eff": 1024,
      "causal": false,
      "dtype": "torch.bfloat16",
      "rep": 50,
      "fwd_time_ms": 1.3881420803070066,
      "fwd_time_std_ms": 0.1559493132795719,
      "fwd_tflops": 99.00928400758767,
      "fwd_tflops_std": 11.12309040143105,
      "bwd_time_ms": 5.135247344970702,
      "bwd_time_std_ms": 0.1575648784252078,
      "bwd_tflops": 66.90960738561276,
      "bwd_tflops_std": 2.0529885797063994
    },
    {
      "attn_type": "col",
      "backend": "fa3",
      "batch": 1,
      "rows": 1024,
      "cols": 256,
      "nheads": 32,
      "headdim": 64,
      "seq_len": 256,
      "batch_eff": 1024,
      "causal": false,
      "dtype": "torch.bfloat16",
      "rep": 50,
      "fwd_time_ms": 4.672932462692261,
      "fwd_time_std_ms": 0.141322091357167,
      "fwd_tflops": 117.64685628930832,
      "fwd_tflops_std": 3.557958499323608,
      "bwd_time_ms": 11.446904306411744,
      "bwd_time_std_ms": 0.48374405181611985,
      "bwd_tflops": 120.06648242443718,
      "bwd_tflops_std": 5.073987266825763
    },
    {
      "attn_type": "col",
      "backend": "fa3",
      "batch": 1,
      "rows": 1024,
      "cols": 512,
      "nheads": 32,
      "headdim": 64,
      "seq_len": 512,
      "batch_eff": 1024,
      "causal": false,
      "dtype": "torch.bfloat16",
      "rep": 50,
      "fwd_time_ms": 9.928968906402588,
      "fwd_time_std_ms": 0.19946183128397812,
      "fwd_tflops": 221.47549018246835,
      "fwd_tflops_std": 4.449193795724901,
      "bwd_time_ms": 29.83252096176147,
      "bwd_time_std_ms": 0.71355087017202,
      "bwd_tflops": 184.28070983094668,
      "bwd_tflops_std": 4.40772876768727
    },
    {
      "attn_type": "col",
      "backend": "fa3",
      "batch": 1,
      "rows": 1024,
      "cols": 1024,
      "nheads": 32,
      "headdim": 64,
      "seq_len": 1024,
      "batch_eff": 1024,
      "causal": false,
      "dtype": "torch.bfloat16",
      "rep": 50,
      "fwd_time_ms": 34.84784454345702,
      "fwd_time_std_ms": 0.5648800484074474,
      "fwd_tflops": 252.41426370686506,
      "fwd_tflops_std": 4.091609778724045,
      "bwd_time_ms": 87.26300399780274,
      "bwd_time_std_ms": 0.7527407719700989,
      "bwd_tflops": 251.99949059825752,
      "bwd_tflops_std": 2.1737767713541056
    },
    {
      "attn_type": "col",
      "backend": "fa3",
      "rows": 1024,
      "cols": 2048,
      "error": "aoti_torch_aten_new_empty( self.get(), size.data(), static_cast<int64_t>(size.size()), &target_dtype, &layout, &device_type, device_index, nullptr, &ret0) API call failed at /venv/lib/python3.12/site-packages/torch/include/torch/csrc/stable/ops.h, line 95"
    }
  ]
}