{
  "metadata": {
    "timestamp": "2026-03-07T20:19:30.858835",
    "gpu": "NVIDIA H100 NVL",
    "pytorch_version": "2.10.0+cu130",
    "cuda_version": "13.0",
    "cudnn_version": "9.15.1",
    "cudnn_enabled": true,
    "dtype": "bfloat16",
    "causal": false,
    "nheads": 12,
    "headdim": 128,
    "col_attn_rows": 1024,
    "col_attn_cols": [
      16,
      32,
      64,
      128,
      256,
      512,
      1024,
      2048
    ],
    "row_attn_rows": [
      32,
      64,
      128,
      256,
      512,
      1024,
      2048,
      4096,
      8192,
      16384
    ],
    "row_attn_cols": 64,
    "warmup": 5,
    "rep": 25
  },
  "results": [
    {
      "attn_type": "col",
      "backend": "fa3",
      "batch": 1,
      "rows": 1024,
      "cols": 16,
      "nheads": 12,
      "headdim": 128,
      "seq_len": 16,
      "batch_eff": 1024,
      "causal": false,
      "dtype": "torch.bfloat16",
      "rep": 25,
      "fwd_time_ms": 0.34698495745658875,
      "fwd_time_std_ms": 0.024757435336261846,
      "fwd_tflops": 4.641736482773907,
      "fwd_tflops_std": 0.33118868224891224,
      "bwd_time_ms": 1.2655296051502227,
      "bwd_time_std_ms": 0.025044520077593817,
      "bwd_tflops": 3.1816970726038742,
      "bwd_tflops_std": 0.06296500365646557
    },
    {
      "attn_type": "col",
      "backend": "fa3",
      "batch": 1,
      "rows": 1024,
      "cols": 32,
      "nheads": 12,
      "headdim": 128,
      "seq_len": 32,
      "batch_eff": 1024,
      "causal": false,
      "dtype": "torch.bfloat16",
      "rep": 25,
      "fwd_time_ms": 0.3401600003242493,
      "fwd_time_std_ms": 0.00108724374423394,
      "fwd_tflops": 18.939472418446876,
      "fwd_tflops_std": 0.06053569757296259,
      "bwd_time_ms": 1.4043199896812442,
      "bwd_time_std_ms": 0.01685027336999673,
      "bwd_tflops": 11.468986753977495,
      "bwd_tflops_std": 0.13761504749729997
    },
    {
      "attn_type": "col",
      "backend": "fa3",
      "batch": 1,
      "rows": 1024,
      "cols": 64,
      "nheads": 12,
      "headdim": 128,
      "seq_len": 64,
      "batch_eff": 1024,
      "causal": false,
      "dtype": "torch.bfloat16",
      "rep": 25,
      "fwd_time_ms": 0.3862080001831055,
      "fwd_time_std_ms": 0.0015183243603374141,
      "fwd_tflops": 66.72519410209588,
      "fwd_tflops_std": 0.2623210487753286,
      "bwd_time_ms": 1.9241344165802001,
      "bwd_time_std_ms": 0.037869501465777194,
      "bwd_tflops": 33.48233308694872,
      "bwd_tflops_std": 0.6589764472730613
    },
    {
      "attn_type": "col",
      "backend": "fa3",
      "batch": 1,
      "rows": 1024,
      "cols": 128,
      "nheads": 12,
      "headdim": 128,
      "seq_len": 128,
      "batch_eff": 1024,
      "causal": false,
      "dtype": "torch.bfloat16",
      "rep": 25,
      "fwd_time_ms": 0.5531801629066467,
      "fwd_time_std_ms": 0.006487846790835654,
      "fwd_tflops": 186.33931947663746,
      "fwd_tflops_std": 2.185438012673314,
      "bwd_time_ms": 3.384711701869964,
      "bwd_time_std_ms": 0.018746168980031647,
      "bwd_tflops": 76.13588998366643,
      "bwd_tflops_std": 0.42167734944467744
    },
    {
      "attn_type": "col",
      "backend": "fa3",
      "batch": 1,
      "rows": 1024,
      "cols": 256,
      "nheads": 12,
      "headdim": 128,
      "seq_len": 256,
      "batch_eff": 1024,
      "causal": false,
      "dtype": "torch.bfloat16",
      "rep": 25,
      "fwd_time_ms": 1.5872217607498171,
      "fwd_time_std_ms": 0.044000005689666846,
      "fwd_tflops": 259.7726862194845,
      "fwd_tflops_std": 7.201261949859942,
      "bwd_time_ms": 8.033872599601748,
      "bwd_time_std_ms": 0.04749325001383785,
      "bwd_tflops": 128.30576266433425,
      "bwd_tflops_std": 0.7584956804935444
    },
    {
      "attn_type": "col",
      "backend": "fa3",
      "batch": 1,
      "rows": 1024,
      "cols": 512,
      "nheads": 12,
      "headdim": 128,
      "seq_len": 512,
      "batch_eff": 1024,
      "causal": false,
      "dtype": "torch.bfloat16",
      "rep": 25,
      "fwd_time_ms": 5.670457572937012,
      "fwd_time_std_ms": 0.38515803940508353,
      "fwd_tflops": 290.8526199958432,
      "fwd_tflops_std": 19.75576458028375,
      "bwd_time_ms": 20.49675525665283,
      "bwd_time_std_ms": 1.462487274951162,
      "bwd_tflops": 201.16201576938397,
      "bwd_tflops_std": 14.353339569235413
    },
    {
      "attn_type": "col",
      "backend": "fa3",
      "batch": 1,
      "rows": 1024,
      "cols": 1024,
      "nheads": 12,
      "headdim": 128,
      "seq_len": 1024,
      "batch_eff": 1024,
      "causal": false,
      "dtype": "torch.bfloat16",
      "rep": 25,
      "fwd_time_ms": 18.21311622619629,
      "fwd_time_std_ms": 0.41356508839689365,
      "fwd_tflops": 362.21532244807736,
      "fwd_tflops_std": 8.224820507733249,
      "bwd_time_ms": 60.31377952575683,
      "bwd_time_std_ms": 2.0028588516818493,
      "bwd_tflops": 273.44786790548994,
      "bwd_tflops_std": 9.080470284143866
    },
    {
      "attn_type": "col",
      "backend": "fa3",
      "rows": 1024,
      "cols": 2048,
      "error": "aoti_torch_aten_new_empty( self.get(), size.data(), static_cast<int64_t>(size.size()), &target_dtype, &layout, &device_type, device_index, nullptr, &ret0) API call failed at /venv/lib/python3.12/site-packages/torch/include/torch/csrc/stable/ops.h, line 95"
    }
  ]
}