{
  "metadata": {
    "timestamp": "2026-05-03T16:40:53.130883",
    "gpu": "NVIDIA H100 NVL",
    "pytorch_version": "2.10.0+cu130",
    "cuda_version": "13.0",
    "cudnn_version": "9.15.1",
    "cudnn_enabled": true,
    "dtype": "bfloat16",
    "causal": false,
    "nheads": 8,
    "headdim": 16,
    "col_attn_rows": 1024,
    "col_attn_cols": [
      16,
      32,
      64,
      128,
      256,
      512,
      1024,
      2048
    ],
    "row_attn_rows": [
      32,
      64,
      128,
      256,
      512,
      1024,
      2048,
      4096,
      8192,
      16384
    ],
    "row_attn_cols": 64,
    "warmup": 5,
    "rep": 50
  },
  "results": [
    {
      "attn_type": "col",
      "backend": "fa3",
      "batch": 1,
      "rows": 1024,
      "cols": 16,
      "nheads": 8,
      "headdim": 16,
      "seq_len": 16,
      "batch_eff": 1024,
      "causal": false,
      "dtype": "torch.bfloat16",
      "rep": 50,
      "fwd_time_ms": 0.28664447903633117,
      "fwd_time_std_ms": 0.014195753752620034,
      "fwd_tflops": 0.4682376177319933,
      "fwd_tflops_std": 0.02318895497789904,
      "bwd_time_ms": 0.642005125284195,
      "bwd_time_std_ms": 0.014361272669386683,
      "bwd_tflops": 0.5226505315693007,
      "bwd_tflops_std": 0.011691381422140499
    },
    {
      "attn_type": "col",
      "backend": "fa3",
      "batch": 1,
      "rows": 1024,
      "cols": 32,
      "nheads": 8,
      "headdim": 16,
      "seq_len": 32,
      "batch_eff": 1024,
      "causal": false,
      "dtype": "torch.bfloat16",
      "rep": 50,
      "fwd_time_ms": 0.2862899202108383,
      "fwd_time_std_ms": 0.0022626448517111533,
      "fwd_tflops": 1.8752700465479932,
      "fwd_tflops_std": 0.01482088546206985,
      "bwd_time_ms": 0.6609382420778275,
      "bwd_time_std_ms": 0.0034069849842276677,
      "bwd_tflops": 2.0307151176190446,
      "bwd_tflops_std": 0.010467870479429027
    },
    {
      "attn_type": "col",
      "backend": "fa3",
      "batch": 1,
      "rows": 1024,
      "cols": 64,
      "nheads": 8,
      "headdim": 16,
      "seq_len": 64,
      "batch_eff": 1024,
      "causal": false,
      "dtype": "torch.bfloat16",
      "rep": 50,
      "fwd_time_ms": 0.2834841614961624,
      "fwd_time_std_ms": 0.0017914804387812386,
      "fwd_tflops": 7.575321445353733,
      "fwd_tflops_std": 0.04787230480604804,
      "bwd_time_ms": 0.6984511977434157,
      "bwd_time_std_ms": 0.002731601515307631,
      "bwd_tflops": 7.686591614912311,
      "bwd_tflops_std": 0.030061807282573787
    },
    {
      "attn_type": "col",
      "backend": "fa3",
      "batch": 1,
      "rows": 1024,
      "cols": 128,
      "nheads": 8,
      "headdim": 16,
      "seq_len": 128,
      "batch_eff": 1024,
      "causal": false,
      "dtype": "torch.bfloat16",
      "rep": 50,
      "fwd_time_ms": 0.287879039645195,
      "fwd_time_std_ms": 0.0014987658826321473,
      "fwd_tflops": 29.838694066045647,
      "fwd_tflops_std": 0.15534724828735536,
      "bwd_time_ms": 0.76732096016407,
      "bwd_time_std_ms": 0.002741834208683375,
      "bwd_tflops": 27.986771631271754,
      "bwd_tflops_std": 0.10000389906307612
    },
    {
      "attn_type": "col",
      "backend": "fa3",
      "batch": 1,
      "rows": 1024,
      "cols": 256,
      "nheads": 8,
      "headdim": 16,
      "seq_len": 256,
      "batch_eff": 1024,
      "causal": false,
      "dtype": "torch.bfloat16",
      "rep": 50,
      "fwd_time_ms": 0.8928185594081878,
      "fwd_time_std_ms": 0.0012286112960086786,
      "fwd_tflops": 38.484570023696236,
      "fwd_tflops_std": 0.05295877527959524,
      "bwd_time_ms": 1.6883014404773717,
      "bwd_time_std_ms": 0.005458837674968499,
      "bwd_tflops": 50.87915218251056,
      "bwd_tflops_std": 0.16450914874882314
    },
    {
      "attn_type": "col",
      "backend": "fa3",
      "batch": 1,
      "rows": 1024,
      "cols": 512,
      "nheads": 8,
      "headdim": 16,
      "seq_len": 512,
      "batch_eff": 1024,
      "causal": false,
      "dtype": "torch.bfloat16",
      "rep": 50,
      "fwd_time_ms": 1.8537772822380068,
      "fwd_time_std_ms": 0.05366026678416222,
      "fwd_tflops": 74.13994916696481,
      "fwd_tflops_std": 2.1460881465008557,
      "bwd_time_ms": 4.70487040758133,
      "bwd_time_std_ms": 0.08009779995311758,
      "bwd_tflops": 73.03014831744024,
      "bwd_tflops_std": 1.2432976264449251
    },
    {
      "attn_type": "col",
      "backend": "fa3",
      "batch": 1,
      "rows": 1024,
      "cols": 1024,
      "nheads": 8,
      "headdim": 16,
      "seq_len": 1024,
      "batch_eff": 1024,
      "causal": false,
      "dtype": "torch.bfloat16",
      "rep": 50,
      "fwd_time_ms": 7.230318069458008,
      "fwd_time_std_ms": 0.04622805121344062,
      "fwd_tflops": 76.0348035323998,
      "fwd_tflops_std": 0.48613916537743096,
      "bwd_time_ms": 14.979018821716302,
      "bwd_time_std_ms": 0.8388977669413975,
      "bwd_tflops": 91.75430988359768,
      "bwd_tflops_std": 5.138686758107669
    },
    {
      "attn_type": "col",
      "backend": "fa3",
      "batch": 1,
      "rows": 1024,
      "cols": 2048,
      "nheads": 8,
      "headdim": 16,
      "seq_len": 2048,
      "batch_eff": 1024,
      "causal": false,
      "dtype": "torch.bfloat16",
      "rep": 50,
      "fwd_time_ms": 22.28663684844971,
      "fwd_time_std_ms": 0.407875028350356,
      "fwd_tflops": 98.67003579344306,
      "fwd_tflops_std": 1.8057925886372905,
      "bwd_time_ms": 54.283531913757315,
      "bwd_time_std_ms": 0.6165924204784513,
      "bwd_tflops": 101.27487923251232,
      "bwd_tflops_std": 1.1503548261901473
    }
  ]
}