{
  "metadata": {
    "timestamp": "2026-03-07T20:14:39.770146",
    "gpu": "NVIDIA H100 NVL",
    "pytorch_version": "2.10.0+cu130",
    "cuda_version": "13.0",
    "cudnn_version": "9.15.1",
    "cudnn_enabled": true,
    "dtype": "bfloat16",
    "causal": false,
    "nheads": 16,
    "headdim": 64,
    "col_attn_rows": 1024,
    "col_attn_cols": [
      16,
      32,
      64,
      128,
      256,
      512,
      1024,
      2048
    ],
    "row_attn_rows": [
      32,
      64,
      128,
      256,
      512,
      1024,
      2048,
      4096,
      8192,
      16384
    ],
    "row_attn_cols": 64,
    "warmup": 5,
    "rep": 50
  },
  "results": [
    {
      "attn_type": "col",
      "backend": "fa3",
      "batch": 1,
      "rows": 1024,
      "cols": 16,
      "nheads": 16,
      "headdim": 64,
      "seq_len": 16,
      "batch_eff": 1024,
      "causal": false,
      "dtype": "torch.bfloat16",
      "rep": 50,
      "fwd_time_ms": 0.5492710363864899,
      "fwd_time_std_ms": 0.01770861713064831,
      "fwd_tflops": 1.9548487957127065,
      "fwd_tflops_std": 0.06302474839985342,
      "bwd_time_ms": 1.3484294474124912,
      "bwd_time_std_ms": 0.01788478703920406,
      "bwd_tflops": 1.9907267415073315,
      "bwd_tflops_std": 0.026403846262351684
    },
    {
      "attn_type": "col",
      "backend": "fa3",
      "batch": 1,
      "rows": 1024,
      "cols": 32,
      "nheads": 16,
      "headdim": 64,
      "seq_len": 32,
      "batch_eff": 1024,
      "causal": false,
      "dtype": "torch.bfloat16",
      "rep": 50,
      "fwd_time_ms": 0.5464262390136718,
      "fwd_time_std_ms": 0.002557428280540983,
      "fwd_tflops": 7.860104419130096,
      "fwd_tflops_std": 0.03678749645290279,
      "bwd_time_ms": 1.4886457633972168,
      "bwd_time_std_ms": 0.004219467260508708,
      "bwd_tflops": 7.212876631910263,
      "bwd_tflops_std": 0.020444418377263608
    },
    {
      "attn_type": "col",
      "backend": "fa3",
      "batch": 1,
      "rows": 1024,
      "cols": 64,
      "nheads": 16,
      "headdim": 64,
      "seq_len": 64,
      "batch_eff": 1024,
      "causal": false,
      "dtype": "torch.bfloat16",
      "rep": 50,
      "fwd_time_ms": 0.5499494421482085,
      "fwd_time_std_ms": 0.0035391970442058564,
      "fwd_tflops": 31.238997382908728,
      "fwd_tflops_std": 0.20103842049493242,
      "bwd_time_ms": 1.712033928632736,
      "bwd_time_std_ms": 0.018141408013921625,
      "bwd_tflops": 25.086928618465205,
      "bwd_tflops_std": 0.2658313017471365
    },
    {
      "attn_type": "col",
      "backend": "fa3",
      "batch": 1,
      "rows": 1024,
      "cols": 128,
      "nheads": 16,
      "headdim": 64,
      "seq_len": 128,
      "batch_eff": 1024,
      "causal": false,
      "dtype": "torch.bfloat16",
      "rep": 50,
      "fwd_time_ms": 0.6019462382793427,
      "fwd_time_std_ms": 0.011129112887090524,
      "fwd_tflops": 114.16214998275251,
      "fwd_tflops_std": 2.1106925731819355,
      "bwd_time_ms": 2.4274489605426783,
      "bwd_time_std_ms": 0.012096034329262479,
      "bwd_tflops": 70.77334874286825,
      "bwd_tflops_std": 0.3526652341226635
    },
    {
      "attn_type": "col",
      "backend": "fa3",
      "batch": 1,
      "rows": 1024,
      "cols": 256,
      "nheads": 16,
      "headdim": 64,
      "seq_len": 256,
      "batch_eff": 1024,
      "causal": false,
      "dtype": "torch.bfloat16",
      "rep": 50,
      "fwd_time_ms": 2.2313107204437257,
      "fwd_time_std_ms": 0.028113926734522343,
      "fwd_tflops": 123.1912276607253,
      "fwd_tflops_std": 1.5521769859559285,
      "bwd_time_ms": 6.027646703720094,
      "bwd_time_std_ms": 0.07405022479943968,
      "bwd_tflops": 114.00714095202075,
      "bwd_tflops_std": 1.4005887921447389
    },
    {
      "attn_type": "col",
      "backend": "fa3",
      "batch": 1,
      "rows": 1024,
      "cols": 512,
      "nheads": 16,
      "headdim": 64,
      "seq_len": 512,
      "batch_eff": 1024,
      "causal": false,
      "dtype": "torch.bfloat16",
      "rep": 50,
      "fwd_time_ms": 4.838512001037597,
      "fwd_time_std_ms": 0.09411950422647246,
      "fwd_tflops": 227.24168660534778,
      "fwd_tflops_std": 4.420341393861631,
      "bwd_time_ms": 15.002586135864263,
      "bwd_time_std_ms": 0.595482388231794,
      "bwd_tflops": 183.2203491149394,
      "bwd_tflops_std": 7.272378913580018
    },
    {
      "attn_type": "col",
      "backend": "fa3",
      "batch": 1,
      "rows": 1024,
      "cols": 1024,
      "nheads": 16,
      "headdim": 64,
      "seq_len": 1024,
      "batch_eff": 1024,
      "causal": false,
      "dtype": "torch.bfloat16",
      "rep": 50,
      "fwd_time_ms": 17.246565170288086,
      "fwd_time_std_ms": 0.2642392791934195,
      "fwd_tflops": 255.00999576894503,
      "fwd_tflops_std": 3.9070769630807254,
      "bwd_time_ms": 43.541061248779286,
      "bwd_time_std_ms": 0.40566525920159446,
      "bwd_tflops": 252.5229280686919,
      "bwd_tflops_std": 2.3527166341680172
    },
    {
      "attn_type": "col",
      "backend": "fa3",
      "batch": 1,
      "rows": 1024,
      "cols": 2048,
      "nheads": 16,
      "headdim": 64,
      "seq_len": 2048,
      "batch_eff": 1024,
      "causal": false,
      "dtype": "torch.bfloat16",
      "rep": 50,
      "fwd_time_ms": 54.315449523925786,
      "fwd_time_std_ms": 0.45540365632180524,
      "fwd_tflops": 323.8891733127735,
      "fwd_tflops_std": 2.7156235484106683,
      "bwd_time_ms": 143.2784097290039,
      "bwd_time_std_ms": 0.7691654597115992,
      "bwd_tflops": 306.95807689535667,
      "bwd_tflops_std": 1.6478515554015902
    }
  ]
}