{
  "metadata": {
    "timestamp": "2026-05-03T16:44:15.865686",
    "gpu": "NVIDIA H100 NVL",
    "pytorch_version": "2.10.0+cu130",
    "cuda_version": "13.0",
    "cudnn_version": "9.15.1",
    "cudnn_enabled": true,
    "dtype": "bfloat16",
    "causal": false,
    "nheads": 8,
    "headdim": 256,
    "col_attn_rows": 1024,
    "col_attn_cols": [
      16,
      32,
      64,
      128,
      256,
      512,
      1024,
      2048
    ],
    "row_attn_rows": [
      32,
      64,
      128,
      256,
      512,
      1024,
      2048,
      4096,
      8192,
      16384
    ],
    "row_attn_cols": 64,
    "warmup": 5,
    "rep": 50
  },
  "results": [
    {
      "attn_type": "row",
      "backend": "fa3",
      "batch": 1,
      "rows": 32,
      "cols": 64,
      "nheads": 8,
      "headdim": 256,
      "seq_len": 32,
      "batch_eff": 64,
      "causal": false,
      "dtype": "torch.bfloat16",
      "rep": 50,
      "fwd_time_ms": 0.10107135966420175,
      "fwd_time_std_ms": 0.01926350036986786,
      "fwd_tflops": 5.311800630600928,
      "fwd_tflops_std": 1.0123923706201727,
      "bwd_time_ms": 0.3060704009234905,
      "bwd_time_std_ms": 0.02301444618886482,
      "bwd_tflops": 4.3851913675752945,
      "bwd_tflops_std": 0.32973704890256333
    },
    {
      "attn_type": "row",
      "backend": "fa3",
      "batch": 1,
      "rows": 64,
      "cols": 64,
      "nheads": 8,
      "headdim": 256,
      "seq_len": 64,
      "batch_eff": 64,
      "causal": false,
      "dtype": "torch.bfloat16",
      "rep": 50,
      "fwd_time_ms": 0.09501439973711967,
      "fwd_time_std_ms": 0.007665778937997218,
      "fwd_tflops": 22.60166515750805,
      "fwd_tflops_std": 1.8235064285777185,
      "bwd_time_ms": 0.3073228801786899,
      "bwd_time_std_ms": 0.013814698930118267,
      "bwd_tflops": 17.46927894492729,
      "bwd_tflops_std": 0.7852745262900828
    },
    {
      "attn_type": "row",
      "backend": "fa3",
      "batch": 1,
      "rows": 128,
      "cols": 64,
      "nheads": 8,
      "headdim": 256,
      "seq_len": 128,
      "batch_eff": 64,
      "causal": false,
      "dtype": "torch.bfloat16",
      "rep": 50,
      "fwd_time_ms": 0.10158207982778548,
      "fwd_time_std_ms": 0.0033661938213862853,
      "fwd_tflops": 84.56151524523537,
      "fwd_tflops_std": 2.802171905006751,
      "bwd_time_ms": 0.30682816237211225,
      "bwd_time_std_ms": 0.01050548581416238,
      "bwd_tflops": 69.98978292597518,
      "bwd_tflops_std": 2.396379347908144
    },
    {
      "attn_type": "row",
      "backend": "fa3",
      "batch": 1,
      "rows": 256,
      "cols": 64,
      "nheads": 8,
      "headdim": 256,
      "seq_len": 256,
      "batch_eff": 64,
      "causal": false,
      "dtype": "torch.bfloat16",
      "rep": 50,
      "fwd_time_ms": 0.22056575983762744,
      "fwd_time_std_ms": 0.0016154949159311123,
      "fwd_tflops": 155.7800194975612,
      "fwd_tflops_std": 1.140983213746431,
      "bwd_time_ms": 0.7343577602505685,
      "bwd_time_std_ms": 0.025796803681327574,
      "bwd_tflops": 116.97206807032377,
      "bwd_tflops_std": 4.10904008855225
    },
    {
      "attn_type": "row",
      "backend": "fa3",
      "batch": 1,
      "rows": 512,
      "cols": 64,
      "nheads": 8,
      "headdim": 256,
      "seq_len": 512,
      "batch_eff": 64,
      "causal": false,
      "dtype": "torch.bfloat16",
      "rep": 50,
      "fwd_time_ms": 0.5778137612342834,
      "fwd_time_std_ms": 0.006659664122122634,
      "fwd_tflops": 237.86029806284463,
      "fwd_tflops_std": 2.741488346872786,
      "bwd_time_ms": 1.926167657375336,
      "bwd_time_std_ms": 0.015597385923898267,
      "bwd_tflops": 178.38394407898943,
      "bwd_tflops_std": 1.444486521084243
    },
    {
      "attn_type": "row",
      "backend": "fa3",
      "batch": 1,
      "rows": 1024,
      "cols": 64,
      "nheads": 8,
      "headdim": 256,
      "seq_len": 1024,
      "batch_eff": 64,
      "causal": false,
      "dtype": "torch.bfloat16",
      "rep": 50,
      "fwd_time_ms": 1.6364281606674194,
      "fwd_time_std_ms": 0.008039244955476756,
      "fwd_tflops": 335.9486392997426,
      "fwd_tflops_std": 1.6504075575723542,
      "bwd_time_ms": 5.817550101280213,
      "bwd_time_std_ms": 0.2330445846932349,
      "bwd_tflops": 236.24885231629565,
      "bwd_tflops_std": 9.463866183153065
    },
    {
      "attn_type": "row",
      "backend": "fa3",
      "batch": 1,
      "rows": 2048,
      "cols": 64,
      "nheads": 8,
      "headdim": 256,
      "seq_len": 2048,
      "batch_eff": 64,
      "causal": false,
      "dtype": "torch.bfloat16",
      "rep": 50,
      "fwd_time_ms": 6.1755507087707535,
      "fwd_time_std_ms": 0.11734341165568966,
      "fwd_tflops": 356.08536942767927,
      "fwd_tflops_std": 6.766080315716116,
      "bwd_time_ms": 19.246757793426514,
      "bwd_time_std_ms": 0.6459283606426246,
      "bwd_tflops": 285.63554432828266,
      "bwd_tflops_std": 9.586035262118019
    },
    {
      "attn_type": "row",
      "backend": "fa3",
      "batch": 1,
      "rows": 4096,
      "cols": 64,
      "nheads": 8,
      "headdim": 256,
      "seq_len": 4096,
      "batch_eff": 64,
      "causal": false,
      "dtype": "torch.bfloat16",
      "rep": 50,
      "fwd_time_ms": 20.914531898498534,
      "fwd_time_std_ms": 0.9369049982077222,
      "fwd_tflops": 420.57326766368965,
      "fwd_tflops_std": 18.840354567770802,
      "bwd_time_ms": 72.50388957977295,
      "bwd_time_std_ms": 1.9536295034418734,
      "bwd_tflops": 303.29728078002057,
      "bwd_tflops_std": 8.172396260115203
    },
    {
      "attn_type": "row",
      "backend": "fa3",
      "batch": 1,
      "rows": 8192,
      "cols": 64,
      "nheads": 8,
      "headdim": 256,
      "seq_len": 8192,
      "batch_eff": 64,
      "causal": false,
      "dtype": "torch.bfloat16",
      "rep": 50,
      "fwd_time_ms": 79.92641403198243,
      "fwd_time_std_ms": 1.0785060367864927,
      "fwd_tflops": 440.20956669910186,
      "fwd_tflops_std": 5.940072263797168,
      "bwd_time_ms": 276.070372467041,
      "bwd_time_std_ms": 1.706256681465236,
      "bwd_tflops": 318.6177837050635,
      "bwd_tflops_std": 1.9692215337062782
    },
    {
      "attn_type": "row",
      "backend": "fa3",
      "batch": 1,
      "rows": 16384,
      "cols": 64,
      "nheads": 8,
      "headdim": 256,
      "seq_len": 16384,
      "batch_eff": 64,
      "causal": false,
      "dtype": "torch.bfloat16",
      "rep": 50,
      "fwd_time_ms": 308.03256164550777,
      "fwd_time_std_ms": 1.4425973094592384,
      "fwd_tflops": 456.8915948479905,
      "fwd_tflops_std": 2.1397432203962055,
      "bwd_time_ms": 1064.8041571044923,
      "bwd_time_std_ms": 3.8892463818226988,
      "bwd_tflops": 330.4304538452253,
      "bwd_tflops_std": 1.206912499812359
    }
  ]
}