{
  "metadata": {
    "timestamp": "2026-03-07T20:20:28.087194",
    "gpu": "NVIDIA H100 NVL",
    "pytorch_version": "2.10.0+cu130",
    "cuda_version": "13.0",
    "cudnn_version": "9.15.1",
    "cudnn_enabled": true,
    "dtype": "bfloat16",
    "causal": false,
    "nheads": 16,
    "headdim": 128,
    "col_attn_rows": 1024,
    "col_attn_cols": [
      16,
      32,
      64,
      128,
      256,
      512,
      1024,
      2048
    ],
    "row_attn_rows": [
      32,
      64,
      128,
      256,
      512,
      1024,
      2048,
      4096,
      8192,
      16384
    ],
    "row_attn_cols": 64,
    "warmup": 5,
    "rep": 25
  },
  "results": [
    {
      "attn_type": "col",
      "backend": "fa3",
      "batch": 1,
      "rows": 1024,
      "cols": 16,
      "nheads": 16,
      "headdim": 128,
      "seq_len": 16,
      "batch_eff": 1024,
      "causal": false,
      "dtype": "torch.bfloat16",
      "rep": 25,
      "fwd_time_ms": 0.4469849610328674,
      "fwd_time_std_ms": 0.025115261236291965,
      "fwd_tflops": 4.804375617107379,
      "fwd_tflops_std": 0.2699490122041281,
      "bwd_time_ms": 1.6731481528282166,
      "bwd_time_std_ms": 0.025391232787386586,
      "bwd_tflops": 3.2087470024247216,
      "bwd_tflops_std": 0.04869505545977794
    },
    {
      "attn_type": "col",
      "backend": "fa3",
      "batch": 1,
      "rows": 1024,
      "cols": 32,
      "nheads": 16,
      "headdim": 128,
      "seq_len": 32,
      "batch_eff": 1024,
      "causal": false,
      "dtype": "torch.bfloat16",
      "rep": 25,
      "fwd_time_ms": 0.4512691187858581,
      "fwd_time_std_ms": 0.001407640304472105,
      "fwd_tflops": 19.035059644921553,
      "fwd_tflops_std": 0.05937591569818214,
      "bwd_time_ms": 1.875258905887604,
      "bwd_time_std_ms": 0.01608548332623987,
      "bwd_tflops": 11.451664840826583,
      "bwd_tflops_std": 0.09822940356473847
    },
    {
      "attn_type": "col",
      "backend": "fa3",
      "batch": 1,
      "rows": 1024,
      "cols": 64,
      "nheads": 16,
      "headdim": 128,
      "seq_len": 64,
      "batch_eff": 1024,
      "causal": false,
      "dtype": "torch.bfloat16",
      "rep": 25,
      "fwd_time_ms": 0.5172902393341064,
      "fwd_time_std_ms": 0.0011773112744490808,
      "fwd_tflops": 66.4225530569267,
      "fwd_tflops_std": 0.15117242631965527,
      "bwd_time_ms": 2.545071363449097,
      "bwd_time_std_ms": 0.04163225741808257,
      "bwd_tflops": 33.7512523827971,
      "bwd_tflops_std": 0.5521027219759471
    },
    {
      "attn_type": "col",
      "backend": "fa3",
      "batch": 1,
      "rows": 1024,
      "cols": 128,
      "nheads": 16,
      "headdim": 128,
      "seq_len": 128,
      "batch_eff": 1024,
      "causal": false,
      "dtype": "torch.bfloat16",
      "rep": 25,
      "fwd_time_ms": 0.7441523194313049,
      "fwd_time_std_ms": 0.0029556474729474326,
      "fwd_tflops": 184.6919641089521,
      "fwd_tflops_std": 0.7335653235744762,
      "bwd_time_ms": 4.557096974849702,
      "bwd_time_std_ms": 0.009361770635815227,
      "bwd_tflops": 75.39830413447197,
      "bwd_tflops_std": 0.15489282618561032
    },
    {
      "attn_type": "col",
      "backend": "fa3",
      "batch": 1,
      "rows": 1024,
      "cols": 256,
      "nheads": 16,
      "headdim": 128,
      "seq_len": 256,
      "batch_eff": 1024,
      "causal": false,
      "dtype": "torch.bfloat16",
      "rep": 25,
      "fwd_time_ms": 2.13861632347107,
      "fwd_time_std_ms": 0.0826723591866796,
      "fwd_tflops": 257.06145036605807,
      "fwd_tflops_std": 9.93720861684008,
      "bwd_time_ms": 11.865878992080688,
      "bwd_time_std_ms": 0.9422872447539505,
      "bwd_tflops": 115.82703107264707,
      "bwd_tflops_std": 9.197998230920494
    },
    {
      "attn_type": "col",
      "backend": "fa3",
      "batch": 1,
      "rows": 1024,
      "cols": 512,
      "nheads": 16,
      "headdim": 128,
      "seq_len": 512,
      "batch_eff": 1024,
      "causal": false,
      "dtype": "torch.bfloat16",
      "rep": 25,
      "fwd_time_ms": 7.582926082611085,
      "fwd_time_std_ms": 0.23845741281889565,
      "fwd_tflops": 289.99666244864596,
      "fwd_tflops_std": 9.119415526441099,
      "bwd_time_ms": 28.10064889907837,
      "bwd_time_std_ms": 2.1711426777312965,
      "bwd_tflops": 195.6381206222005,
      "bwd_tflops_std": 15.115603721447647
    },
    {
      "attn_type": "col",
      "backend": "fa3",
      "batch": 1,
      "rows": 1024,
      "cols": 1024,
      "nheads": 16,
      "headdim": 128,
      "seq_len": 1024,
      "batch_eff": 1024,
      "causal": false,
      "dtype": "torch.bfloat16",
      "rep": 25,
      "fwd_time_ms": 23.26010108947754,
      "fwd_time_std_ms": 1.311667046521565,
      "fwd_tflops": 378.1622869294922,
      "fwd_tflops_std": 21.325058222856978,
      "bwd_time_ms": 81.72301414489745,
      "bwd_time_std_ms": 3.553367577864242,
      "bwd_tflops": 269.082495128369,
      "bwd_tflops_std": 11.699874557547243
    },
    {
      "attn_type": "col",
      "backend": "fa3",
      "rows": 1024,
      "cols": 2048,
      "error": "aoti_torch_aten_new_empty( self.get(), size.data(), static_cast<int64_t>(size.size()), &target_dtype, &layout, &device_type, device_index, nullptr, &ret0) API call failed at /venv/lib/python3.12/site-packages/torch/include/torch/csrc/stable/ops.h, line 95"
    }
  ]
}