{
  "metadata": {
    "timestamp": "2026-03-07T20:13:30.416439",
    "gpu": "NVIDIA H100 NVL",
    "pytorch_version": "2.10.0+cu130",
    "cuda_version": "13.0",
    "cudnn_version": "9.15.1",
    "cudnn_enabled": true,
    "dtype": "bfloat16",
    "causal": false,
    "nheads": 12,
    "headdim": 64,
    "col_attn_rows": 1024,
    "col_attn_cols": [
      16,
      32,
      64,
      128,
      256,
      512,
      1024,
      2048
    ],
    "row_attn_rows": [
      32,
      64,
      128,
      256,
      512,
      1024,
      2048,
      4096,
      8192,
      16384
    ],
    "row_attn_cols": 64,
    "warmup": 5,
    "rep": 50
  },
  "results": [
    {
      "attn_type": "col",
      "backend": "fa3",
      "batch": 1,
      "rows": 1024,
      "cols": 16,
      "nheads": 12,
      "headdim": 64,
      "seq_len": 16,
      "batch_eff": 1024,
      "causal": false,
      "dtype": "torch.bfloat16",
      "rep": 50,
      "fwd_time_ms": 0.41774079918861395,
      "fwd_time_std_ms": 0.02003402430600017,
      "fwd_tflops": 1.9277656613004097,
      "fwd_tflops_std": 0.09245183661681844,
      "bwd_time_ms": 1.0168806421756744,
      "bwd_time_std_ms": 0.020196229391483033,
      "bwd_tflops": 1.979844867232896,
      "bwd_tflops_std": 0.039321626786635235
    },
    {
      "attn_type": "col",
      "backend": "fa3",
      "batch": 1,
      "rows": 1024,
      "cols": 32,
      "nheads": 12,
      "headdim": 64,
      "seq_len": 32,
      "batch_eff": 1024,
      "causal": false,
      "dtype": "torch.bfloat16",
      "rep": 50,
      "fwd_time_ms": 0.4132697600126267,
      "fwd_time_std_ms": 0.002093000255480955,
      "fwd_tflops": 7.7944862742959495,
      "fwd_tflops_std": 0.03947509191803867,
      "bwd_time_ms": 1.1272159963846207,
      "bwd_time_std_ms": 0.004024166374216741,
      "bwd_tflops": 7.144206350716292,
      "bwd_tflops_std": 0.025504850054672668
    },
    {
      "attn_type": "col",
      "backend": "fa3",
      "batch": 1,
      "rows": 1024,
      "cols": 64,
      "nheads": 12,
      "headdim": 64,
      "seq_len": 64,
      "batch_eff": 1024,
      "causal": false,
      "dtype": "torch.bfloat16",
      "rep": 50,
      "fwd_time_ms": 0.4177356815338134,
      "fwd_time_std_ms": 0.002646271609346978,
      "fwd_tflops": 30.844628451871998,
      "fwd_tflops_std": 0.19539452381311115,
      "bwd_time_ms": 1.2763942408561708,
      "bwd_time_std_ms": 0.021035464572264656,
      "bwd_tflops": 25.23691637655219,
      "bwd_tflops_std": 0.41591402041745024
    },
    {
      "attn_type": "col",
      "backend": "fa3",
      "batch": 1,
      "rows": 1024,
      "cols": 128,
      "nheads": 12,
      "headdim": 64,
      "seq_len": 128,
      "batch_eff": 1024,
      "causal": false,
      "dtype": "torch.bfloat16",
      "rep": 50,
      "fwd_time_ms": 0.4419923192262649,
      "fwd_time_std_ms": 0.0012975414976496775,
      "fwd_tflops": 116.60747327515395,
      "fwd_tflops_std": 0.34232050859040575,
      "bwd_time_ms": 1.8387667196989057,
      "bwd_time_std_ms": 0.015157796657584715,
      "bwd_tflops": 70.07360830475481,
      "bwd_tflops_std": 0.5776488634298536
    },
    {
      "attn_type": "col",
      "backend": "fa3",
      "batch": 1,
      "rows": 1024,
      "cols": 256,
      "nheads": 12,
      "headdim": 64,
      "seq_len": 256,
      "batch_eff": 1024,
      "causal": false,
      "dtype": "torch.bfloat16",
      "rep": 50,
      "fwd_time_ms": 1.6076345634460452,
      "fwd_time_std_ms": 0.03380147911212757,
      "fwd_tflops": 128.2371223507966,
      "fwd_tflops_std": 2.6962622669970204,
      "bwd_time_ms": 4.303301124572754,
      "bwd_time_std_ms": 0.24200570455370415,
      "bwd_tflops": 119.7676064491467,
      "bwd_tflops_std": 6.735397580227246
    },
    {
      "attn_type": "col",
      "backend": "fa3",
      "batch": 1,
      "rows": 1024,
      "cols": 512,
      "nheads": 12,
      "headdim": 64,
      "seq_len": 512,
      "batch_eff": 1024,
      "causal": false,
      "dtype": "torch.bfloat16",
      "rep": 50,
      "fwd_time_ms": 3.8321363401412967,
      "fwd_time_std_ms": 0.05949796928909625,
      "fwd_tflops": 215.18903495004423,
      "fwd_tflops_std": 3.341037336979486,
      "bwd_time_ms": 10.794678940773009,
      "bwd_time_std_ms": 0.40649435516946447,
      "bwd_tflops": 190.9815301956882,
      "bwd_tflops_std": 7.191776095622773
    },
    {
      "attn_type": "col",
      "backend": "fa3",
      "batch": 1,
      "rows": 1024,
      "cols": 1024,
      "nheads": 12,
      "headdim": 64,
      "seq_len": 1024,
      "batch_eff": 1024,
      "causal": false,
      "dtype": "torch.bfloat16",
      "rep": 50,
      "fwd_time_ms": 12.739950065612792,
      "fwd_time_std_ms": 0.36835121851392333,
      "fwd_tflops": 258.9127010969442,
      "fwd_tflops_std": 7.485964108698668,
      "bwd_time_ms": 32.84952663421632,
      "bwd_time_std_ms": 0.8638350819422566,
      "bwd_tflops": 251.03366937807112,
      "bwd_tflops_std": 6.601364237973434
    },
    {
      "attn_type": "col",
      "backend": "fa3",
      "batch": 1,
      "rows": 1024,
      "cols": 2048,
      "nheads": 12,
      "headdim": 64,
      "seq_len": 2048,
      "batch_eff": 1024,
      "causal": false,
      "dtype": "torch.bfloat16",
      "rep": 50,
      "fwd_time_ms": 40.63446022033691,
      "fwd_time_std_ms": 0.3905212077124516,
      "fwd_tflops": 324.7032066322008,
      "fwd_tflops_std": 3.1205899552874983,
      "bwd_time_ms": 107.47970695495606,
      "bwd_time_std_ms": 0.5868202247755516,
      "bwd_tflops": 306.89838824275836,
      "bwd_tflops_std": 1.6756110178765755
    }
  ]
}