{
  "metadata": {
    "timestamp": "2026-05-03T16:41:48.164800",
    "gpu": "NVIDIA H100 NVL",
    "pytorch_version": "2.10.0+cu130",
    "cuda_version": "13.0",
    "cudnn_version": "9.15.1",
    "cudnn_enabled": true,
    "dtype": "bfloat16",
    "causal": false,
    "nheads": 8,
    "headdim": 32,
    "col_attn_rows": 1024,
    "col_attn_cols": [
      16,
      32,
      64,
      128,
      256,
      512,
      1024,
      2048
    ],
    "row_attn_rows": [
      32,
      64,
      128,
      256,
      512,
      1024,
      2048,
      4096,
      8192,
      16384
    ],
    "row_attn_cols": 64,
    "warmup": 5,
    "rep": 50
  },
  "results": [
    {
      "attn_type": "row",
      "backend": "fa3",
      "batch": 1,
      "rows": 32,
      "cols": 64,
      "nheads": 8,
      "headdim": 32,
      "seq_len": 32,
      "batch_eff": 64,
      "causal": false,
      "dtype": "torch.bfloat16",
      "rep": 50,
      "fwd_time_ms": 0.1013561600446701,
      "fwd_time_std_ms": 0.022861694768631875,
      "fwd_tflops": 0.662109377174742,
      "fwd_tflops_std": 0.1493440801007723,
      "bwd_time_ms": 0.30598591864109037,
      "bwd_time_std_ms": 0.025985822269247328,
      "bwd_tflops": 0.5483002640941469,
      "bwd_tflops_std": 0.04656434281750156
    },
    {
      "attn_type": "row",
      "backend": "fa3",
      "batch": 1,
      "rows": 64,
      "cols": 64,
      "nheads": 8,
      "headdim": 32,
      "seq_len": 64,
      "batch_eff": 64,
      "causal": false,
      "dtype": "torch.bfloat16",
      "rep": 50,
      "fwd_time_ms": 0.09550975888967514,
      "fwd_time_std_ms": 0.008742993741684047,
      "fwd_tflops": 2.8105552680755284,
      "fwd_tflops_std": 0.2572791241974106,
      "bwd_time_ms": 0.29884992212057115,
      "bwd_time_std_ms": 0.012616468055800746,
      "bwd_tflops": 2.245570737439406,
      "bwd_tflops_std": 0.09480066541397646
    },
    {
      "attn_type": "row",
      "backend": "fa3",
      "batch": 1,
      "rows": 128,
      "cols": 64,
      "nheads": 8,
      "headdim": 32,
      "seq_len": 128,
      "batch_eff": 64,
      "causal": false,
      "dtype": "torch.bfloat16",
      "rep": 50,
      "fwd_time_ms": 0.09506048008799552,
      "fwd_time_std_ms": 0.00889569869190928,
      "fwd_tflops": 11.29535452594032,
      "fwd_tflops_std": 1.0570120242191767,
      "bwd_time_ms": 0.3044166393578052,
      "bwd_time_std_ms": 0.012999176627170827,
      "bwd_tflops": 8.81802836291371,
      "bwd_tflops_std": 0.3765467894091917
    },
    {
      "attn_type": "row",
      "backend": "fa3",
      "batch": 1,
      "rows": 256,
      "cols": 64,
      "nheads": 8,
      "headdim": 32,
      "seq_len": 256,
      "batch_eff": 64,
      "causal": false,
      "dtype": "torch.bfloat16",
      "rep": 50,
      "fwd_time_ms": 0.09509695991873741,
      "fwd_time_std_ms": 0.008535962638348818,
      "fwd_tflops": 45.16408620917167,
      "fwd_tflops_std": 4.053956643893658,
      "bwd_time_ms": 0.3092620797455311,
      "bwd_time_std_ms": 0.030596639593118022,
      "bwd_tflops": 34.719478860243804,
      "bwd_tflops_std": 3.434948708945653
    },
    {
      "attn_type": "row",
      "backend": "fa3",
      "batch": 1,
      "rows": 512,
      "cols": 64,
      "nheads": 8,
      "headdim": 32,
      "seq_len": 512,
      "batch_eff": 64,
      "causal": false,
      "dtype": "torch.bfloat16",
      "rep": 50,
      "fwd_time_ms": 0.15085504055023194,
      "fwd_time_std_ms": 0.0006636664599687513,
      "fwd_tflops": 113.88329565480726,
      "fwd_tflops_std": 0.5010142412287091,
      "bwd_time_ms": 0.3441638392210007,
      "bwd_time_std_ms": 0.0037447907383820643,
      "bwd_tflops": 124.79426385181735,
      "bwd_tflops_std": 1.3578660806820089
    },
    {
      "attn_type": "row",
      "backend": "fa3",
      "batch": 1,
      "rows": 1024,
      "cols": 64,
      "nheads": 8,
      "headdim": 32,
      "seq_len": 1024,
      "batch_eff": 64,
      "causal": false,
      "dtype": "torch.bfloat16",
      "rep": 50,
      "fwd_time_ms": 0.47093567967414857,
      "fwd_time_std_ms": 0.002730480417928593,
      "fwd_tflops": 145.92115166034694,
      "fwd_tflops_std": 0.8460493956326524,
      "bwd_time_ms": 1.1129331147670745,
      "bwd_time_std_ms": 0.03986001492201669,
      "bwd_tflops": 154.36569328423272,
      "bwd_tflops_std": 5.528651053791973
    },
    {
      "attn_type": "row",
      "backend": "fa3",
      "batch": 1,
      "rows": 2048,
      "cols": 64,
      "nheads": 8,
      "headdim": 32,
      "seq_len": 2048,
      "batch_eff": 64,
      "causal": false,
      "dtype": "torch.bfloat16",
      "rep": 50,
      "fwd_time_ms": 1.5642476725578307,
      "fwd_time_std_ms": 0.046686450660816066,
      "fwd_tflops": 175.7253098510445,
      "fwd_tflops_std": 5.244688006984457,
      "bwd_time_ms": 3.771185266971588,
      "bwd_time_std_ms": 0.053573985211320806,
      "bwd_tflops": 182.22248940631994,
      "bwd_tflops_std": 2.588678163898278
    },
    {
      "attn_type": "row",
      "backend": "fa3",
      "batch": 1,
      "rows": 4096,
      "cols": 64,
      "nheads": 8,
      "headdim": 32,
      "seq_len": 4096,
      "batch_eff": 64,
      "causal": false,
      "dtype": "torch.bfloat16",
      "rep": 50,
      "fwd_time_ms": 6.023320922851563,
      "fwd_time_std_ms": 0.24432275118758653,
      "fwd_tflops": 182.54242831468937,
      "fwd_tflops_std": 7.404431685700967,
      "bwd_time_ms": 14.00427318572998,
      "bwd_time_std_ms": 0.5354266602330049,
      "bwd_tflops": 196.28145159585577,
      "bwd_tflops_std": 7.504446728498832
    },
    {
      "attn_type": "row",
      "backend": "fa3",
      "batch": 1,
      "rows": 8192,
      "cols": 64,
      "nheads": 8,
      "headdim": 32,
      "seq_len": 8192,
      "batch_eff": 64,
      "causal": false,
      "dtype": "torch.bfloat16",
      "rep": 50,
      "fwd_time_ms": 21.96533054351806,
      "fwd_time_std_ms": 0.24854480918532493,
      "fwd_tflops": 200.2267392421216,
      "fwd_tflops_std": 2.265630221231458,
      "bwd_time_ms": 53.29176433563234,
      "bwd_time_std_ms": 0.3808994944584603,
      "bwd_tflops": 206.319239282689,
      "bwd_tflops_std": 1.4746536340003473
    },
    {
      "attn_type": "row",
      "backend": "fa3",
      "batch": 1,
      "rows": 16384,
      "cols": 64,
      "nheads": 8,
      "headdim": 32,
      "seq_len": 16384,
      "batch_eff": 64,
      "causal": false,
      "dtype": "torch.bfloat16",
      "rep": 50,
      "fwd_time_ms": 86.25331680297852,
      "fwd_time_std_ms": 0.519480817962033,
      "fwd_tflops": 203.95953102418554,
      "fwd_tflops_std": 1.228394083089194,
      "bwd_time_ms": 208.80979782104495,
      "bwd_time_std_ms": 0.9385943420397019,
      "bwd_tflops": 210.62452801535838,
      "bwd_tflops_std": 0.946751504732666
    }
  ]
}