{
  "metadata": {
    "timestamp": "2026-05-03T16:43:07.966194",
    "gpu": "NVIDIA H100 NVL",
    "pytorch_version": "2.10.0+cu130",
    "cuda_version": "13.0",
    "cudnn_version": "9.15.1",
    "cudnn_enabled": true,
    "dtype": "bfloat16",
    "causal": false,
    "nheads": 8,
    "headdim": 128,
    "col_attn_rows": 1024,
    "col_attn_cols": [
      16,
      32,
      64,
      128,
      256,
      512,
      1024,
      2048
    ],
    "row_attn_rows": [
      32,
      64,
      128,
      256,
      512,
      1024,
      2048,
      4096,
      8192,
      16384
    ],
    "row_attn_cols": 64,
    "warmup": 5,
    "rep": 25
  },
  "results": [
    {
      "attn_type": "col",
      "backend": "fa3",
      "batch": 1,
      "rows": 1024,
      "cols": 16,
      "nheads": 8,
      "headdim": 128,
      "seq_len": 16,
      "batch_eff": 1024,
      "causal": false,
      "dtype": "torch.bfloat16",
      "rep": 25,
      "fwd_time_ms": 0.2293196797370911,
      "fwd_time_std_ms": 0.02105041432269683,
      "fwd_tflops": 4.682292532551137,
      "fwd_tflops_std": 0.42981133543912187,
      "bwd_time_ms": 0.8494643282890322,
      "bwd_time_std_ms": 0.021105297542040328,
      "bwd_tflops": 3.1600556616741673,
      "bwd_tflops_std": 0.07851290839178084
    },
    {
      "attn_type": "col",
      "backend": "fa3",
      "batch": 1,
      "rows": 1024,
      "cols": 32,
      "nheads": 8,
      "headdim": 128,
      "seq_len": 32,
      "batch_eff": 1024,
      "causal": false,
      "dtype": "torch.bfloat16",
      "rep": 25,
      "fwd_time_ms": 0.23023488104343415,
      "fwd_time_std_ms": 0.0010410077702554838,
      "fwd_tflops": 18.654720242801734,
      "fwd_tflops_std": 0.08434737880154361,
      "bwd_time_ms": 0.9324454444646837,
      "bwd_time_std_ms": 0.008318387720999083,
      "bwd_tflops": 11.515331329828465,
      "bwd_tflops_std": 0.10272878837675437
    },
    {
      "attn_type": "col",
      "backend": "fa3",
      "batch": 1,
      "rows": 1024,
      "cols": 64,
      "nheads": 8,
      "headdim": 128,
      "seq_len": 64,
      "batch_eff": 1024,
      "causal": false,
      "dtype": "torch.bfloat16",
      "rep": 25,
      "fwd_time_ms": 0.26089727878570557,
      "fwd_time_std_ms": 0.0010536285608494019,
      "fwd_tflops": 65.84916969605922,
      "fwd_tflops_std": 0.26593058472248143,
      "bwd_time_ms": 1.2350886392593383,
      "bwd_time_std_ms": 0.03706217087051267,
      "bwd_tflops": 34.774567261630864,
      "bwd_tflops_std": 1.0435048245376
    },
    {
      "attn_type": "col",
      "backend": "fa3",
      "batch": 1,
      "rows": 1024,
      "cols": 128,
      "nheads": 8,
      "headdim": 128,
      "seq_len": 128,
      "batch_eff": 1024,
      "causal": false,
      "dtype": "torch.bfloat16",
      "rep": 25,
      "fwd_time_ms": 0.3869465601444244,
      "fwd_time_std_ms": 0.0022083436587316944,
      "fwd_tflops": 177.59423086834278,
      "fwd_tflops_std": 1.0135484688610648,
      "bwd_time_ms": 2.263424018621445,
      "bwd_time_std_ms": 0.028343382965425802,
      "bwd_tflops": 75.9021245805438,
      "bwd_tflops_std": 0.9504728089728813
    },
    {
      "attn_type": "col",
      "backend": "fa3",
      "batch": 1,
      "rows": 1024,
      "cols": 256,
      "nheads": 8,
      "headdim": 128,
      "seq_len": 256,
      "batch_eff": 1024,
      "causal": false,
      "dtype": "torch.bfloat16",
      "rep": 25,
      "fwd_time_ms": 1.0455513668060306,
      "fwd_time_std_ms": 0.02263988026327691,
      "fwd_tflops": 262.9023457582023,
      "fwd_tflops_std": 5.692764428287097,
      "bwd_time_ms": 5.42144253730774,
      "bwd_time_std_ms": 0.028920401840400227,
      "bwd_tflops": 126.75496652985966,
      "bwd_tflops_std": 0.6761677435634025
    },
    {
      "attn_type": "col",
      "backend": "fa3",
      "batch": 1,
      "rows": 1024,
      "cols": 512,
      "nheads": 8,
      "headdim": 128,
      "seq_len": 512,
      "batch_eff": 1024,
      "causal": false,
      "dtype": "torch.bfloat16",
      "rep": 25,
      "fwd_time_ms": 3.140646390914917,
      "fwd_time_std_ms": 0.1872899253045269,
      "fwd_tflops": 350.09087013316895,
      "fwd_tflops_std": 20.877387886363405,
      "bwd_time_ms": 15.540395402908326,
      "bwd_time_std_ms": 1.11254576948781,
      "bwd_tflops": 176.87960944195643,
      "bwd_tflops_std": 12.662912113322218
    },
    {
      "attn_type": "col",
      "backend": "fa3",
      "batch": 1,
      "rows": 1024,
      "cols": 1024,
      "nheads": 8,
      "headdim": 128,
      "seq_len": 1024,
      "batch_eff": 1024,
      "causal": false,
      "dtype": "torch.bfloat16",
      "rep": 25,
      "fwd_time_ms": 11.961364402770995,
      "fwd_time_std_ms": 0.5540749711985845,
      "fwd_tflops": 367.68769540079717,
      "fwd_tflops_std": 17.032049386613025,
      "bwd_time_ms": 42.74990680694581,
      "bwd_time_std_ms": 2.1522763433023138,
      "bwd_tflops": 257.19626307988966,
      "bwd_tflops_std": 12.948740101643109
    },
    {
      "attn_type": "col",
      "backend": "fa3",
      "batch": 1,
      "rows": 1024,
      "cols": 2048,
      "nheads": 8,
      "headdim": 128,
      "seq_len": 2048,
      "batch_eff": 1024,
      "causal": false,
      "dtype": "torch.bfloat16",
      "rep": 25,
      "fwd_time_ms": 44.073794555664065,
      "fwd_time_std_ms": 1.8608273516630793,
      "fwd_tflops": 399.15297109708865,
      "fwd_tflops_std": 16.85252594207574,
      "bwd_time_ms": 135.97443725585939,
      "bwd_time_std_ms": 2.7630689218047353,
      "bwd_tflops": 323.44656833021605,
      "bwd_tflops_std": 6.572596870807055
    }
  ]
}