{
  "metadata": {
    "timestamp": "2026-03-07T20:15:03.723385",
    "gpu": "NVIDIA H100 NVL",
    "pytorch_version": "2.10.0+cu130",
    "cuda_version": "13.0",
    "cudnn_version": "9.15.1",
    "cudnn_enabled": true,
    "dtype": "bfloat16",
    "causal": false,
    "nheads": 16,
    "headdim": 64,
    "col_attn_rows": 1024,
    "col_attn_cols": [
      16,
      32,
      64,
      128,
      256,
      512,
      1024,
      2048
    ],
    "row_attn_rows": [
      32,
      64,
      128,
      256,
      512,
      1024,
      2048,
      4096,
      8192,
      16384
    ],
    "row_attn_cols": 64,
    "warmup": 5,
    "rep": 50
  },
  "results": [
    {
      "attn_type": "row",
      "backend": "fa3",
      "batch": 1,
      "rows": 32,
      "cols": 64,
      "nheads": 16,
      "headdim": 64,
      "seq_len": 32,
      "batch_eff": 64,
      "causal": false,
      "dtype": "torch.bfloat16",
      "rep": 50,
      "fwd_time_ms": 0.10549696028232573,
      "fwd_time_std_ms": 0.022945511478847835,
      "fwd_tflops": 2.544485218167673,
      "fwd_tflops_std": 0.5534236685585939,
      "bwd_time_ms": 0.3087155205011368,
      "bwd_time_std_ms": 0.026683900008448388,
      "bwd_tflops": 2.1738092043789186,
      "bwd_tflops_std": 0.1878937196061
    },
    {
      "attn_type": "row",
      "backend": "fa3",
      "batch": 1,
      "rows": 64,
      "cols": 64,
      "nheads": 16,
      "headdim": 64,
      "seq_len": 64,
      "batch_eff": 64,
      "causal": false,
      "dtype": "torch.bfloat16",
      "rep": 50,
      "fwd_time_ms": 0.09667648017406462,
      "fwd_time_std_ms": 0.008491104670573112,
      "fwd_tflops": 11.106546515416605,
      "fwd_tflops_std": 0.9754890622951242,
      "bwd_time_ms": 0.3147948771715164,
      "bwd_time_std_ms": 0.01506550233294916,
      "bwd_tflops": 8.527313354395618,
      "bwd_tflops_std": 0.4081014925933487
    },
    {
      "attn_type": "row",
      "backend": "fa3",
      "batch": 1,
      "rows": 128,
      "cols": 64,
      "nheads": 16,
      "headdim": 64,
      "seq_len": 128,
      "batch_eff": 64,
      "causal": false,
      "dtype": "torch.bfloat16",
      "rep": 50,
      "fwd_time_ms": 0.09776639983057975,
      "fwd_time_std_ms": 0.008149164866010188,
      "fwd_tflops": 43.93091392792193,
      "fwd_tflops_std": 3.6617924044817114,
      "bwd_time_ms": 0.3156236799061298,
      "bwd_time_std_ms": 0.013078496477310584,
      "bwd_tflops": 34.0196852251182,
      "bwd_tflops_std": 1.4096734868190173
    },
    {
      "attn_type": "row",
      "backend": "fa3",
      "batch": 1,
      "rows": 256,
      "cols": 64,
      "nheads": 16,
      "headdim": 64,
      "seq_len": 256,
      "batch_eff": 64,
      "causal": false,
      "dtype": "torch.bfloat16",
      "rep": 50,
      "fwd_time_ms": 0.1739494401216507,
      "fwd_time_std_ms": 0.0007912952504336447,
      "fwd_tflops": 98.76357849720782,
      "fwd_tflops_std": 0.4492750912335007,
      "bwd_time_ms": 0.33617344558238993,
      "bwd_time_std_ms": 0.007868416062032991,
      "bwd_tflops": 127.76045676538668,
      "bwd_tflops_std": 2.990338598469302
    },
    {
      "attn_type": "row",
      "backend": "fa3",
      "batch": 1,
      "rows": 512,
      "cols": 64,
      "nheads": 16,
      "headdim": 64,
      "seq_len": 512,
      "batch_eff": 64,
      "causal": false,
      "dtype": "torch.bfloat16",
      "rep": 50,
      "fwd_time_ms": 0.36405376076698304,
      "fwd_time_std_ms": 0.0025702866521745355,
      "fwd_tflops": 188.761892175548,
      "fwd_tflops_std": 1.3326937507138132,
      "bwd_time_ms": 0.9233465564250948,
      "bwd_time_std_ms": 0.03634971586036477,
      "bwd_tflops": 186.06090058444587,
      "bwd_tflops_std": 7.324726368345799
    },
    {
      "attn_type": "row",
      "backend": "fa3",
      "batch": 1,
      "rows": 1024,
      "cols": 64,
      "nheads": 16,
      "headdim": 64,
      "seq_len": 1024,
      "batch_eff": 64,
      "causal": false,
      "dtype": "torch.bfloat16",
      "rep": 50,
      "fwd_time_ms": 1.1981983995437624,
      "fwd_time_std_ms": 0.016336079940052838,
      "fwd_tflops": 229.40934243332757,
      "fwd_tflops_std": 3.127736907688064,
      "bwd_time_ms": 2.6403225564956663,
      "bwd_time_std_ms": 0.03725523320751947,
      "bwd_tflops": 260.26924841791686,
      "bwd_tflops_std": 3.672426886897001
    },
    {
      "attn_type": "row",
      "backend": "fa3",
      "batch": 1,
      "rows": 2048,
      "cols": 64,
      "nheads": 16,
      "headdim": 64,
      "seq_len": 2048,
      "batch_eff": 64,
      "causal": false,
      "dtype": "torch.bfloat16",
      "rep": 50,
      "fwd_time_ms": 3.597183365821839,
      "fwd_time_std_ms": 0.03891784540078968,
      "fwd_tflops": 305.65904374596636,
      "fwd_tflops_std": 3.3069182746932264,
      "bwd_time_ms": 9.38916865825653,
      "bwd_time_std_ms": 0.4386344126191625,
      "bwd_tflops": 292.7606446842142,
      "bwd_tflops_std": 13.676918382560284
    },
    {
      "attn_type": "row",
      "backend": "fa3",
      "batch": 1,
      "rows": 4096,
      "cols": 64,
      "nheads": 16,
      "headdim": 64,
      "seq_len": 4096,
      "batch_eff": 64,
      "causal": false,
      "dtype": "torch.bfloat16",
      "rep": 50,
      "fwd_time_ms": 13.497946224212647,
      "fwd_time_std_ms": 0.3567211241136126,
      "fwd_tflops": 325.83079218487137,
      "fwd_tflops_std": 8.610993445100654,
      "bwd_time_ms": 31.697370166778565,
      "bwd_time_std_ms": 0.8780177462229113,
      "bwd_tflops": 346.8778709371852,
      "bwd_tflops_std": 9.608523510069558
    },
    {
      "attn_type": "row",
      "backend": "fa3",
      "batch": 1,
      "rows": 8192,
      "cols": 64,
      "nheads": 16,
      "headdim": 64,
      "seq_len": 8192,
      "batch_eff": 64,
      "causal": false,
      "dtype": "torch.bfloat16",
      "rep": 50,
      "fwd_time_ms": 48.59583740234376,
      "fwd_time_std_ms": 0.5169100001805735,
      "fwd_tflops": 362.01014294215116,
      "fwd_tflops_std": 3.850672671906087,
      "bwd_time_ms": 119.49793121337889,
      "bwd_time_std_ms": 0.8758787521626563,
      "bwd_tflops": 368.0437365271809,
      "bwd_tflops_std": 2.697634054560246
    },
    {
      "attn_type": "row",
      "backend": "fa3",
      "batch": 1,
      "rows": 16384,
      "cols": 64,
      "nheads": 16,
      "headdim": 64,
      "seq_len": 16384,
      "batch_eff": 64,
      "causal": false,
      "dtype": "torch.bfloat16",
      "rep": 50,
      "fwd_time_ms": 188.9132455444336,
      "fwd_time_std_ms": 0.8499619704557283,
      "fwd_tflops": 372.4923785776198,
      "fwd_tflops_std": 1.6759246031856851,
      "bwd_time_ms": 462.4772012329101,
      "bwd_time_std_ms": 1.8163189522562724,
      "bwd_tflops": 380.39034135125564,
      "bwd_tflops_std": 1.4939335050671314
    }
  ]
}