{
  "metadata": {
    "timestamp": "2026-03-07T19:44:23.235265",
    "gpu": "NVIDIA H100 NVL",
    "pytorch_version": "2.10.0+cu130",
    "cuda_version": "13.0",
    "cudnn_version": "9.15.1",
    "cudnn_enabled": true,
    "dtype": "bfloat16",
    "causal": false,
    "nheads": 16,
    "headdim": 128,
    "col_attn_rows": 1024,
    "col_attn_cols": [
      16,
      32,
      64,
      128,
      256,
      512,
      1024,
      2048
    ],
    "row_attn_rows": [
      32,
      64,
      128,
      256,
      512,
      1024,
      2048,
      4096,
      8192,
      16384
    ],
    "row_attn_cols": 64,
    "warmup": 5,
    "rep": 25
  },
  "results": [
    {
      "attn_type": "row",
      "backend": "sdpa_efficient",
      "batch": 1,
      "rows": 32,
      "cols": 64,
      "nheads": 16,
      "headdim": 128,
      "seq_len": 32,
      "batch_eff": 64,
      "causal": false,
      "dtype": "torch.bfloat16",
      "rep": 25,
      "fwd_time_ms": 0.10501248002052307,
      "fwd_time_std_ms": 0.020750352597361233,
      "fwd_tflops": 5.11244865272277,
      "fwd_tflops_std": 1.0102143303269207,
      "bwd_time_ms": 0.23003520250320428,
      "bwd_time_std_ms": 0.021391859628868203,
      "bwd_tflops": 5.834660371085179,
      "bwd_tflops_std": 0.5425875443504592
    },
    {
      "attn_type": "row",
      "backend": "sdpa_efficient",
      "batch": 1,
      "rows": 64,
      "cols": 64,
      "nheads": 16,
      "headdim": 128,
      "seq_len": 64,
      "batch_eff": 64,
      "causal": false,
      "dtype": "torch.bfloat16",
      "rep": 25,
      "fwd_time_ms": 0.144828160405159,
      "fwd_time_std_ms": 0.00047870157429297423,
      "fwd_tflops": 14.827804495979107,
      "fwd_tflops_std": 0.04901045028588788,
      "bwd_time_ms": 0.3154649597406388,
      "bwd_time_std_ms": 0.0008907723876728859,
      "bwd_tflops": 17.01840078978633,
      "bwd_tflops_std": 0.04805453359496909
    },
    {
      "attn_type": "row",
      "backend": "sdpa_efficient",
      "batch": 1,
      "rows": 128,
      "cols": 64,
      "nheads": 16,
      "headdim": 128,
      "seq_len": 128,
      "batch_eff": 64,
      "causal": false,
      "dtype": "torch.bfloat16",
      "rep": 25,
      "fwd_time_ms": 0.28088319897651676,
      "fwd_time_std_ms": 0.0006005783313976273,
      "fwd_tflops": 30.581873972170765,
      "fwd_tflops_std": 0.06538949608999008,
      "bwd_time_ms": 0.46689024090766906,
      "bwd_time_std_ms": 0.0010694682829646752,
      "bwd_tflops": 45.99547088037509,
      "bwd_tflops_std": 0.10535816120498925
    },
    {
      "attn_type": "row",
      "backend": "sdpa_efficient",
      "batch": 1,
      "rows": 256,
      "cols": 64,
      "nheads": 16,
      "headdim": 128,
      "seq_len": 256,
      "batch_eff": 64,
      "causal": false,
      "dtype": "torch.bfloat16",
      "rep": 25,
      "fwd_time_ms": 0.6472844815254212,
      "fwd_time_std_ms": 0.0008802660062971551,
      "fwd_tflops": 53.082901488733704,
      "fwd_tflops_std": 0.07218939280922307,
      "bwd_time_ms": 1.3032422423362735,
      "bwd_time_std_ms": 0.02700450898666527,
      "bwd_tflops": 65.91203318119237,
      "bwd_tflops_std": 1.3657645789474175
    },
    {
      "attn_type": "row",
      "backend": "sdpa_efficient",
      "batch": 1,
      "rows": 512,
      "cols": 64,
      "nheads": 16,
      "headdim": 128,
      "seq_len": 512,
      "batch_eff": 64,
      "causal": false,
      "dtype": "torch.bfloat16",
      "rep": 25,
      "fwd_time_ms": 1.7781580877304075,
      "fwd_time_std_ms": 0.01998324774453832,
      "fwd_tflops": 77.29287649976236,
      "fwd_tflops_std": 0.8686306974843799,
      "bwd_time_ms": 4.278218216896057,
      "bwd_time_std_ms": 0.02260779442636032,
      "bwd_tflops": 80.31319728456664,
      "bwd_tflops_std": 0.42440664825426694
    },
    {
      "attn_type": "row",
      "backend": "sdpa_efficient",
      "batch": 1,
      "rows": 1024,
      "cols": 64,
      "nheads": 16,
      "headdim": 128,
      "seq_len": 1024,
      "batch_eff": 64,
      "causal": false,
      "dtype": "torch.bfloat16",
      "rep": 25,
      "fwd_time_ms": 5.630017299652099,
      "fwd_time_std_ms": 0.06632366640483078,
      "fwd_tflops": 97.64726902739208,
      "fwd_tflops_std": 1.1503206032272255,
      "bwd_time_ms": 15.642490787506107,
      "bwd_time_std_ms": 0.8347424913282596,
      "bwd_tflops": 87.86257594076676,
      "bwd_tflops_std": 4.688679477688676
    },
    {
      "attn_type": "row",
      "backend": "sdpa_efficient",
      "batch": 1,
      "rows": 2048,
      "cols": 64,
      "nheads": 16,
      "headdim": 128,
      "seq_len": 2048,
      "batch_eff": 64,
      "causal": false,
      "dtype": "torch.bfloat16",
      "rep": 25,
      "fwd_time_ms": 19.383233489990232,
      "fwd_time_std_ms": 0.3867803685508811,
      "fwd_tflops": 113.44976351275992,
      "fwd_tflops_std": 2.2638194688278346,
      "bwd_time_ms": 53.37782485961916,
      "bwd_time_std_ms": 1.6465305709425413,
      "bwd_tflops": 102.99329643608156,
      "bwd_tflops_std": 3.177004901007982
    },
    {
      "attn_type": "row",
      "backend": "sdpa_efficient",
      "batch": 1,
      "rows": 4096,
      "cols": 64,
      "nheads": 16,
      "headdim": 128,
      "seq_len": 4096,
      "batch_eff": 64,
      "causal": false,
      "dtype": "torch.bfloat16",
      "rep": 25,
      "fwd_time_ms": 72.04158081054688,
      "fwd_time_std_ms": 0.8835314196854326,
      "fwd_tflops": 122.09744599219363,
      "fwd_tflops_std": 1.4974259113100292,
      "bwd_time_ms": 200.00192138671872,
      "bwd_time_std_ms": 1.851679316503046,
      "bwd_tflops": 109.95010649422831,
      "bwd_tflops_std": 1.0179519108169404
    },
    {
      "attn_type": "row",
      "backend": "sdpa_efficient",
      "batch": 1,
      "rows": 8192,
      "cols": 64,
      "nheads": 16,
      "headdim": 128,
      "seq_len": 8192,
      "batch_eff": 64,
      "causal": false,
      "dtype": "torch.bfloat16",
      "rep": 25,
      "fwd_time_ms": 273.30433593749996,
      "fwd_time_std_ms": 2.094635958672731,
      "fwd_tflops": 128.7369699721049,
      "fwd_tflops_std": 0.9866549888026966,
      "bwd_time_ms": 779.375859375,
      "bwd_time_std_ms": 2.272606544665771,
      "bwd_tflops": 112.86073229496479,
      "bwd_tflops_std": 0.32909415369240763
    },
    {
      "attn_type": "row",
      "backend": "sdpa_efficient",
      "batch": 1,
      "rows": 16384,
      "cols": 64,
      "nheads": 16,
      "headdim": 128,
      "seq_len": 16384,
      "batch_eff": 64,
      "causal": false,
      "dtype": "torch.bfloat16",
      "rep": 25,
      "fwd_time_ms": 1061.039541015625,
      "fwd_time_std_ms": 0.7034140835376383,
      "fwd_tflops": 132.6411343922342,
      "fwd_tflops_std": 0.08793418000105631,
      "bwd_time_ms": 3063.3123925781256,
      "bwd_time_std_ms": 2.2045599160157927,
      "bwd_tflops": 114.8572772861091,
      "bwd_tflops_std": 0.08265880756437072
    }
  ]
}