{
  "metadata": {
    "timestamp": "2026-03-10T11:54:45.621815",
    "gpu": "NVIDIA H100 NVL",
    "pytorch_version": "2.10.0+cu130",
    "cuda_version": "13.0",
    "cudnn_version": "9.15.1",
    "cudnn_enabled": true,
    "dtype": "bfloat16",
    "causal": false,
    "nheads": 8,
    "headdim": 16,
    "col_attn_rows": 1024,
    "col_attn_cols": [
      16,
      32,
      64,
      128,
      256,
      512,
      1024,
      2048
    ],
    "row_attn_rows": [
      32,
      64,
      128,
      256,
      512,
      1024,
      2048,
      4096,
      8192,
      16384
    ],
    "row_attn_cols": 64,
    "warmup": 5,
    "rep": 50
  },
  "results": [
    {
      "attn_type": "col",
      "backend": "sdpa_efficient",
      "batch": 1,
      "rows": 1024,
      "cols": 16,
      "nheads": 8,
      "headdim": 16,
      "seq_len": 16,
      "batch_eff": 1024,
      "causal": false,
      "dtype": "torch.bfloat16",
      "rep": 50,
      "fwd_time_ms": 0.10342655986547471,
      "fwd_time_std_ms": 0.008220103296287876,
      "fwd_tflops": 1.297710454399478,
      "fwd_tflops_std": 0.10313901958753334,
      "bwd_time_ms": 0.21475840061902993,
      "bwd_time_std_ms": 0.008255260075021705,
      "bwd_tflops": 1.5624269832184023,
      "bwd_tflops_std": 0.0600593087745158
    },
    {
      "attn_type": "col",
      "backend": "sdpa_efficient",
      "batch": 1,
      "rows": 1024,
      "cols": 32,
      "nheads": 8,
      "headdim": 16,
      "seq_len": 32,
      "batch_eff": 1024,
      "causal": false,
      "dtype": "torch.bfloat16",
      "rep": 50,
      "fwd_time_ms": 0.10278912022709845,
      "fwd_time_std_ms": 0.00028710082451262,
      "fwd_tflops": 5.223032465049388,
      "fwd_tflops_std": 0.01458847905166267,
      "bwd_time_ms": 0.23410303995013243,
      "bwd_time_std_ms": 0.0007789100449341272,
      "bwd_tflops": 5.7332757416815445,
      "bwd_tflops_std": 0.019075814079664143
    },
    {
      "attn_type": "col",
      "backend": "sdpa_efficient",
      "batch": 1,
      "rows": 1024,
      "cols": 64,
      "nheads": 8,
      "headdim": 16,
      "seq_len": 64,
      "batch_eff": 1024,
      "causal": false,
      "dtype": "torch.bfloat16",
      "rep": 50,
      "fwd_time_ms": 0.10999423995614051,
      "fwd_time_std_ms": 0.00027885402512506504,
      "fwd_tflops": 19.523600952707117,
      "fwd_tflops_std": 0.04949563461476517,
      "bwd_time_ms": 0.2571878395974636,
      "bwd_time_std_ms": 0.0010446242824975382,
      "bwd_tflops": 20.874661602985626,
      "bwd_tflops_std": 0.08478697295147239
    },
    {
      "attn_type": "col",
      "backend": "sdpa_efficient",
      "batch": 1,
      "rows": 1024,
      "cols": 128,
      "nheads": 8,
      "headdim": 16,
      "seq_len": 128,
      "batch_eff": 1024,
      "causal": false,
      "dtype": "torch.bfloat16",
      "rep": 50,
      "fwd_time_ms": 0.34320703923702245,
      "fwd_time_std_ms": 0.0003141416051151656,
      "fwd_tflops": 25.028433598262243,
      "fwd_tflops_std": 0.022908831711480525,
      "bwd_time_ms": 0.758332810997963,
      "bwd_time_std_ms": 0.005288074643968406,
      "bwd_tflops": 28.3184851935118,
      "bwd_tflops_std": 0.19747301097302347
    },
    {
      "attn_type": "col",
      "backend": "sdpa_efficient",
      "batch": 1,
      "rows": 1024,
      "cols": 256,
      "nheads": 8,
      "headdim": 16,
      "seq_len": 256,
      "batch_eff": 1024,
      "causal": false,
      "dtype": "torch.bfloat16",
      "rep": 50,
      "fwd_time_ms": 1.2081708765029908,
      "fwd_time_std_ms": 0.003360078280337204,
      "fwd_tflops": 28.439469148149875,
      "fwd_tflops_std": 0.07909381400221316,
      "bwd_time_ms": 3.571895689964295,
      "bwd_time_std_ms": 0.017293323692191647,
      "bwd_tflops": 24.048671455145055,
      "bwd_tflops_std": 0.11643158029767385
    },
    {
      "attn_type": "col",
      "backend": "sdpa_efficient",
      "batch": 1,
      "rows": 1024,
      "cols": 512,
      "nheads": 8,
      "headdim": 16,
      "seq_len": 512,
      "batch_eff": 1024,
      "causal": false,
      "dtype": "torch.bfloat16",
      "rep": 50,
      "fwd_time_ms": 4.446501722335816,
      "fwd_time_std_ms": 0.005293353458888125,
      "fwd_tflops": 30.909456929165703,
      "fwd_tflops_std": 0.03679627063371596,
      "bwd_time_ms": 12.937681322097779,
      "bwd_time_std_ms": 0.07856794801344913,
      "bwd_tflops": 26.557879663733086,
      "bwd_tflops_std": 0.16128068521858502
    },
    {
      "attn_type": "col",
      "backend": "sdpa_efficient",
      "batch": 1,
      "rows": 1024,
      "cols": 1024,
      "nheads": 8,
      "headdim": 16,
      "seq_len": 1024,
      "batch_eff": 1024,
      "causal": false,
      "dtype": "torch.bfloat16",
      "rep": 50,
      "fwd_time_ms": 17.289772720336913,
      "fwd_time_std_ms": 0.11859452727007083,
      "fwd_tflops": 31.796589971443378,
      "fwd_tflops_std": 0.21810012297201103,
      "bwd_time_ms": 48.883687362670905,
      "bwd_time_std_ms": 0.13302915512218816,
      "bwd_tflops": 28.115504555197003,
      "bwd_tflops_std": 0.07651185944839359
    },
    {
      "attn_type": "col",
      "backend": "sdpa_efficient",
      "batch": 1,
      "rows": 1024,
      "cols": 2048,
      "nheads": 8,
      "headdim": 16,
      "seq_len": 2048,
      "batch_eff": 1024,
      "causal": false,
      "dtype": "torch.bfloat16",
      "rep": 50,
      "fwd_time_ms": 67.81541091918945,
      "fwd_time_std_ms": 0.3502969892046513,
      "fwd_tflops": 32.42660076442523,
      "fwd_tflops_std": 0.16749792508748493,
      "bwd_time_ms": 190.82361923217772,
      "bwd_time_std_ms": 0.35498181222195024,
      "bwd_tflops": 28.809631433470745,
      "bwd_tflops_std": 0.053593445176494135
    }
  ]
}