{
  "metadata": {
    "timestamp": "2026-03-07T19:29:00.587730",
    "gpu": "NVIDIA H100 NVL",
    "pytorch_version": "2.10.0+cu130",
    "cuda_version": "13.0",
    "cudnn_version": "9.15.1",
    "cudnn_enabled": true,
    "dtype": "bfloat16",
    "causal": false,
    "nheads": 32,
    "headdim": 64,
    "col_attn_rows": 1024,
    "col_attn_cols": [
      16,
      32,
      64,
      128,
      256,
      512,
      1024,
      2048
    ],
    "row_attn_rows": [
      32,
      64,
      128,
      256,
      512,
      1024,
      2048,
      4096,
      8192,
      16384
    ],
    "row_attn_cols": 64,
    "warmup": 5,
    "rep": 50
  },
  "results": [
    {
      "attn_type": "col",
      "backend": "sdpa_efficient",
      "batch": 1,
      "rows": 1024,
      "cols": 16,
      "nheads": 32,
      "headdim": 64,
      "seq_len": 16,
      "batch_eff": 1024,
      "causal": false,
      "dtype": "torch.bfloat16",
      "rep": 50,
      "fwd_time_ms": 0.40903360009193424,
      "fwd_time_std_ms": 0.01320292418215081,
      "fwd_tflops": 5.25013995798226,
      "fwd_tflops_std": 0.1694657842175814,
      "bwd_time_ms": 1.0426009595394135,
      "bwd_time_std_ms": 0.013333278499552386,
      "bwd_tflops": 5.149342201230773,
      "bwd_tflops_std": 0.06585224484047922
    },
    {
      "attn_type": "col",
      "backend": "sdpa_efficient",
      "batch": 1,
      "rows": 1024,
      "cols": 32,
      "nheads": 32,
      "headdim": 64,
      "seq_len": 32,
      "batch_eff": 1024,
      "causal": false,
      "dtype": "torch.bfloat16",
      "rep": 50,
      "fwd_time_ms": 0.41229439914226534,
      "fwd_time_std_ms": 0.00024328633864209112,
      "fwd_tflops": 20.83446830679836,
      "fwd_tflops_std": 0.012293985856855292,
      "bwd_time_ms": 1.3305964833498003,
      "bwd_time_std_ms": 0.031008521296701518,
      "bwd_tflops": 16.139255400658143,
      "bwd_tflops_std": 0.3761128569529284
    },
    {
      "attn_type": "col",
      "backend": "sdpa_efficient",
      "batch": 1,
      "rows": 1024,
      "cols": 64,
      "nheads": 32,
      "headdim": 64,
      "seq_len": 64,
      "batch_eff": 1024,
      "causal": false,
      "dtype": "torch.bfloat16",
      "rep": 50,
      "fwd_time_ms": 0.5131718432903289,
      "fwd_time_std_ms": 0.001685313722946181,
      "fwd_tflops": 66.9556188969644,
      "fwd_tflops_std": 0.219889740309794,
      "bwd_time_ms": 2.0118995201587677,
      "bwd_time_std_ms": 0.012972790531415384,
      "bwd_tflops": 42.69564412104502,
      "bwd_tflops_std": 0.27530283805747147
    },
    {
      "attn_type": "col",
      "backend": "sdpa_efficient",
      "batch": 1,
      "rows": 1024,
      "cols": 128,
      "nheads": 32,
      "headdim": 64,
      "seq_len": 128,
      "batch_eff": 1024,
      "causal": false,
      "dtype": "torch.bfloat16",
      "rep": 50,
      "fwd_time_ms": 1.8489433622360227,
      "fwd_time_std_ms": 0.035622971512987024,
      "fwd_tflops": 74.33378235328311,
      "fwd_tflops_std": 1.4321640485629752,
      "bwd_time_ms": 5.689176297187805,
      "bwd_time_std_ms": 0.29825551176401116,
      "bwd_tflops": 60.394926388525235,
      "bwd_tflops_std": 3.1662087333914
    },
    {
      "attn_type": "col",
      "backend": "sdpa_efficient",
      "batch": 1,
      "rows": 1024,
      "cols": 256,
      "nheads": 32,
      "headdim": 64,
      "seq_len": 256,
      "batch_eff": 1024,
      "causal": false,
      "dtype": "torch.bfloat16",
      "rep": 50,
      "fwd_time_ms": 6.675134086608886,
      "fwd_time_std_ms": 0.1318682572234186,
      "fwd_tflops": 82.35876714310139,
      "fwd_tflops_std": 1.627009577533072,
      "bwd_time_ms": 21.503265419006347,
      "bwd_time_std_ms": 0.7420796923483499,
      "bwd_tflops": 63.91538717208977,
      "bwd_tflops_std": 2.2057259641629714
    },
    {
      "attn_type": "col",
      "backend": "sdpa_efficient",
      "batch": 1,
      "rows": 1024,
      "cols": 512,
      "nheads": 32,
      "headdim": 64,
      "seq_len": 512,
      "batch_eff": 1024,
      "causal": false,
      "dtype": "torch.bfloat16",
      "rep": 50,
      "fwd_time_ms": 23.970574607849123,
      "fwd_time_std_ms": 0.6429727224431047,
      "fwd_tflops": 91.73844563709096,
      "fwd_tflops_std": 2.460738597591419,
      "bwd_time_ms": 74.31085041046143,
      "bwd_time_std_ms": 1.0897902277985845,
      "bwd_tflops": 73.98055746252174,
      "bwd_tflops_std": 1.0849463856814878
    },
    {
      "attn_type": "col",
      "backend": "sdpa_efficient",
      "batch": 1,
      "rows": 1024,
      "cols": 1024,
      "nheads": 32,
      "headdim": 64,
      "seq_len": 1024,
      "batch_eff": 1024,
      "causal": false,
      "dtype": "torch.bfloat16",
      "rep": 50,
      "fwd_time_ms": 90.61506271362305,
      "fwd_time_std_ms": 0.5734012627233361,
      "fwd_tflops": 97.0709809031076,
      "fwd_tflops_std": 0.6142535397182564,
      "bwd_time_ms": 269.5120661926269,
      "bwd_time_std_ms": 1.0437192608444863,
      "bwd_tflops": 81.59275711167247,
      "bwd_tflops_std": 0.3159781799230933
    },
    {
      "attn_type": "col",
      "backend": "sdpa_efficient",
      "rows": 1024,
      "cols": 2048,
      "error": "CUDA out of memory. Tried to allocate 16.02 GiB. GPU 0 has a total capacity of 93.09 GiB of which 8.39 GiB is free. Including non-PyTorch memory, this process has 84.69 GiB memory in use. Of the allocated memory 80.53 GiB is allocated by PyTorch, and 3.50 GiB is reserved by PyTorch but unallocated. If reserved but unallocated memory is large try setting PYTORCH_ALLOC_CONF=expandable_segments:True to avoid fragmentation.  See documentation for Memory Management  (https://pytorch.org/docs/stable/notes/cuda.html#environment-variables)"
    }
  ]
}