{
  "metadata": {
    "timestamp": "2026-03-07T19:43:56.385023",
    "gpu": "NVIDIA H100 NVL",
    "pytorch_version": "2.10.0+cu130",
    "cuda_version": "13.0",
    "cudnn_version": "9.15.1",
    "cudnn_enabled": true,
    "dtype": "bfloat16",
    "causal": false,
    "nheads": 16,
    "headdim": 128,
    "col_attn_rows": 1024,
    "col_attn_cols": [
      16,
      32,
      64,
      128,
      256,
      512,
      1024,
      2048
    ],
    "row_attn_rows": [
      32,
      64,
      128,
      256,
      512,
      1024,
      2048,
      4096,
      8192,
      16384
    ],
    "row_attn_cols": 64,
    "warmup": 5,
    "rep": 25
  },
  "results": [
    {
      "attn_type": "col",
      "backend": "sdpa_efficient",
      "batch": 1,
      "rows": 1024,
      "cols": 16,
      "nheads": 16,
      "headdim": 128,
      "seq_len": 16,
      "batch_eff": 1024,
      "causal": false,
      "dtype": "torch.bfloat16",
      "rep": 25,
      "fwd_time_ms": 0.5068031990528107,
      "fwd_time_std_ms": 0.018556701082459964,
      "fwd_tflops": 4.237312732069445,
      "fwd_tflops_std": 0.15515005806765017,
      "bwd_time_ms": 2.566711024045944,
      "bwd_time_std_ms": 0.01899721510547099,
      "bwd_tflops": 2.091668703529089,
      "bwd_tflops_std": 0.015481244253078199
    },
    {
      "attn_type": "col",
      "backend": "sdpa_efficient",
      "batch": 1,
      "rows": 1024,
      "cols": 32,
      "nheads": 16,
      "headdim": 128,
      "seq_len": 32,
      "batch_eff": 1024,
      "causal": false,
      "dtype": "torch.bfloat16",
      "rep": 25,
      "fwd_time_ms": 0.48328192114830015,
      "fwd_time_std_ms": 0.003687525939203154,
      "fwd_tflops": 17.774169105250035,
      "fwd_tflops_std": 0.13562003202532452,
      "bwd_time_ms": 2.7597952044010157,
      "bwd_time_std_ms": 0.005063837617397005,
      "bwd_tflops": 7.781315238809861,
      "bwd_tflops_std": 0.014277623483175088
    },
    {
      "attn_type": "col",
      "backend": "sdpa_efficient",
      "batch": 1,
      "rows": 1024,
      "cols": 64,
      "nheads": 16,
      "headdim": 128,
      "seq_len": 64,
      "batch_eff": 1024,
      "causal": false,
      "dtype": "torch.bfloat16",
      "rep": 25,
      "fwd_time_ms": 0.5546956801414489,
      "fwd_time_std_ms": 0.001014850751497269,
      "fwd_tflops": 61.94340356001722,
      "fwd_tflops_std": 0.11332936581938365,
      "bwd_time_ms": 3.5725094437599187,
      "bwd_time_std_ms": 0.016885261999387384,
      "bwd_tflops": 24.044539915783815,
      "bwd_tflops_std": 0.11364514566697437
    },
    {
      "attn_type": "col",
      "backend": "sdpa_efficient",
      "batch": 1,
      "rows": 1024,
      "cols": 128,
      "nheads": 16,
      "headdim": 128,
      "seq_len": 128,
      "batch_eff": 1024,
      "causal": false,
      "dtype": "torch.bfloat16",
      "rep": 25,
      "fwd_time_ms": 1.3818943977355953,
      "fwd_time_std_ms": 0.08295058048919882,
      "fwd_tflops": 99.45691486788766,
      "fwd_tflops_std": 5.970071834341877,
      "bwd_time_ms": 5.376719360351563,
      "bwd_time_std_ms": 0.09248011530015186,
      "bwd_tflops": 63.904652754190515,
      "bwd_tflops_std": 1.099166472868928
    },
    {
      "attn_type": "col",
      "backend": "sdpa_efficient",
      "batch": 1,
      "rows": 1024,
      "cols": 256,
      "nheads": 16,
      "headdim": 128,
      "seq_len": 256,
      "batch_eff": 1024,
      "causal": false,
      "dtype": "torch.bfloat16",
      "rep": 25,
      "fwd_time_ms": 4.929189128875732,
      "fwd_time_std_ms": 0.058530353056163824,
      "fwd_tflops": 111.53067969485485,
      "fwd_tflops_std": 1.3243415678437744,
      "bwd_time_ms": 17.497052249908446,
      "bwd_time_std_ms": 0.6151772107737076,
      "bwd_tflops": 78.54977599024953,
      "bwd_tflops_std": 2.761724169900338
    },
    {
      "attn_type": "col",
      "backend": "sdpa_efficient",
      "batch": 1,
      "rows": 1024,
      "cols": 512,
      "nheads": 16,
      "headdim": 128,
      "seq_len": 512,
      "batch_eff": 1024,
      "causal": false,
      "dtype": "torch.bfloat16",
      "rep": 25,
      "fwd_time_ms": 18.614734039306644,
      "fwd_time_std_ms": 0.4501307311521982,
      "fwd_tflops": 118.13347700314007,
      "fwd_tflops_std": 2.8566354085258534,
      "bwd_time_ms": 61.70393020629882,
      "bwd_time_std_ms": 1.9351914458565693,
      "bwd_tflops": 89.09575322835435,
      "bwd_tflops_std": 2.794268354271841
    },
    {
      "attn_type": "col",
      "backend": "sdpa_efficient",
      "batch": 1,
      "rows": 1024,
      "cols": 1024,
      "nheads": 16,
      "headdim": 128,
      "seq_len": 1024,
      "batch_eff": 1024,
      "causal": false,
      "dtype": "torch.bfloat16",
      "rep": 25,
      "fwd_time_ms": 70.31698425292969,
      "fwd_time_std_ms": 0.9333654202663942,
      "fwd_tflops": 125.09201177582526,
      "fwd_tflops_std": 1.660431820044207,
      "bwd_time_ms": 219.36591857910153,
      "bwd_time_std_ms": 1.7835012346301282,
      "bwd_tflops": 100.24452612309739,
      "bwd_tflops_std": 0.8150137325957838
    },
    {
      "attn_type": "col",
      "backend": "sdpa_efficient",
      "rows": 1024,
      "cols": 2048,
      "error": "CUDA out of memory. Tried to allocate 16.00 GiB. GPU 0 has a total capacity of 93.09 GiB of which 8.39 GiB is free. Including non-PyTorch memory, this process has 84.69 GiB memory in use. Of the allocated memory 80.28 GiB is allocated by PyTorch, and 3.75 GiB is reserved by PyTorch but unallocated. If reserved but unallocated memory is large try setting PYTORCH_ALLOC_CONF=expandable_segments:True to avoid fragmentation.  See documentation for Memory Management  (https://pytorch.org/docs/stable/notes/cuda.html#environment-variables)"
    }
  ]
}