{
  "metadata": {
    "timestamp": "2026-03-07T19:19:31.860628",
    "gpu": "NVIDIA H100 NVL",
    "pytorch_version": "2.10.0+cu130",
    "cuda_version": "13.0",
    "cudnn_version": "9.15.1",
    "cudnn_enabled": true,
    "dtype": "bfloat16",
    "causal": false,
    "nheads": 12,
    "headdim": 64,
    "col_attn_rows": 1024,
    "col_attn_cols": [
      16,
      32,
      64,
      128,
      256,
      512,
      1024,
      2048
    ],
    "row_attn_rows": [
      32,
      64,
      128,
      256,
      512,
      1024,
      2048,
      4096,
      8192,
      16384
    ],
    "row_attn_cols": 64,
    "warmup": 5,
    "rep": 50
  },
  "results": [
    {
      "attn_type": "col",
      "backend": "sdpa_efficient",
      "batch": 1,
      "rows": 1024,
      "cols": 16,
      "nheads": 12,
      "headdim": 64,
      "seq_len": 16,
      "batch_eff": 1024,
      "causal": false,
      "dtype": "torch.bfloat16",
      "rep": 50,
      "fwd_time_ms": 0.166424959897995,
      "fwd_time_std_ms": 0.011747597714901267,
      "fwd_tflops": 4.838855713070848,
      "fwd_tflops_std": 0.34156493324348325,
      "bwd_time_ms": 0.3973964822292328,
      "bwd_time_std_ms": 0.011774520740197707,
      "bwd_tflops": 5.066139258974806,
      "bwd_tflops_std": 0.15010540969791375
    },
    {
      "attn_type": "col",
      "backend": "sdpa_efficient",
      "batch": 1,
      "rows": 1024,
      "cols": 32,
      "nheads": 12,
      "headdim": 64,
      "seq_len": 32,
      "batch_eff": 1024,
      "causal": false,
      "dtype": "torch.bfloat16",
      "rep": 50,
      "fwd_time_ms": 0.16192256033420563,
      "fwd_time_std_ms": 0.00027570936879963397,
      "fwd_tflops": 19.893617451153446,
      "fwd_tflops_std": 0.03387333240827122,
      "bwd_time_ms": 0.4816671973466874,
      "bwd_time_std_ms": 0.0012238630180711131,
      "bwd_tflops": 16.719144929032158,
      "bwd_tflops_std": 0.042481496114184926
    },
    {
      "attn_type": "col",
      "backend": "sdpa_efficient",
      "batch": 1,
      "rows": 1024,
      "cols": 64,
      "nheads": 12,
      "headdim": 64,
      "seq_len": 64,
      "batch_eff": 1024,
      "causal": false,
      "dtype": "torch.bfloat16",
      "rep": 50,
      "fwd_time_ms": 0.191822079718113,
      "fwd_time_std_ms": 0.001095842758373319,
      "fwd_tflops": 67.17110932659402,
      "fwd_tflops_std": 0.38373566711204815,
      "bwd_time_ms": 0.7043193563818931,
      "bwd_time_std_ms": 0.03354345075882813,
      "bwd_tflops": 45.73529667773891,
      "bwd_tflops_std": 2.1781591804191542
    },
    {
      "attn_type": "col",
      "backend": "sdpa_efficient",
      "batch": 1,
      "rows": 1024,
      "cols": 128,
      "nheads": 12,
      "headdim": 64,
      "seq_len": 128,
      "batch_eff": 1024,
      "causal": false,
      "dtype": "torch.bfloat16",
      "rep": 50,
      "fwd_time_ms": 0.6882559978961945,
      "fwd_time_std_ms": 0.009436847994758113,
      "fwd_tflops": 74.8843565614279,
      "fwd_tflops_std": 1.0267579101606978,
      "bwd_time_ms": 2.0636198651790623,
      "bwd_time_std_ms": 0.04122930711640779,
      "bwd_tflops": 62.438349743652836,
      "bwd_tflops_std": 1.2474632275355477
    },
    {
      "attn_type": "col",
      "backend": "sdpa_efficient",
      "batch": 1,
      "rows": 1024,
      "cols": 256,
      "nheads": 12,
      "headdim": 64,
      "seq_len": 256,
      "batch_eff": 1024,
      "causal": false,
      "dtype": "torch.bfloat16",
      "rep": 50,
      "fwd_time_ms": 2.3549708938598632,
      "fwd_time_std_ms": 0.01897780213794709,
      "fwd_tflops": 87.54181665069353,
      "fwd_tflops_std": 0.7054657361264888,
      "bwd_time_ms": 8.278231678009032,
      "bwd_time_std_ms": 0.36882108387703216,
      "bwd_tflops": 62.25919925497375,
      "bwd_tflops_std": 2.7738418352720187
    },
    {
      "attn_type": "col",
      "backend": "sdpa_efficient",
      "batch": 1,
      "rows": 1024,
      "cols": 512,
      "nheads": 12,
      "headdim": 64,
      "seq_len": 512,
      "batch_eff": 1024,
      "causal": false,
      "dtype": "torch.bfloat16",
      "rep": 50,
      "fwd_time_ms": 8.798065872192383,
      "fwd_time_std_ms": 0.1916331072254166,
      "fwd_tflops": 93.7289778016302,
      "fwd_tflops_std": 2.041536800714207,
      "bwd_time_ms": 28.07975616455078,
      "bwd_time_std_ms": 0.9231449236143278,
      "bwd_tflops": 73.41888191616998,
      "bwd_tflops_std": 2.4137057224135043
    },
    {
      "attn_type": "col",
      "backend": "sdpa_efficient",
      "batch": 1,
      "rows": 1024,
      "cols": 1024,
      "nheads": 12,
      "headdim": 64,
      "seq_len": 1024,
      "batch_eff": 1024,
      "causal": false,
      "dtype": "torch.bfloat16",
      "rep": 50,
      "fwd_time_ms": 33.904122848510745,
      "fwd_time_std_ms": 0.6955658749851156,
      "fwd_tflops": 97.29008174216457,
      "fwd_tflops_std": 1.9959714379496072,
      "bwd_time_ms": 101.2966611480713,
      "bwd_time_std_ms": 1.382488163963182,
      "bwd_tflops": 81.40778891286301,
      "bwd_tflops_std": 1.11104653747602
    },
    {
      "attn_type": "col",
      "backend": "sdpa_efficient",
      "batch": 1,
      "rows": 1024,
      "cols": 2048,
      "nheads": 12,
      "headdim": 64,
      "seq_len": 2048,
      "batch_eff": 1024,
      "causal": false,
      "dtype": "torch.bfloat16",
      "rep": 50,
      "fwd_time_ms": 131.3078857421875,
      "fwd_time_std_ms": 0.5717583832093238,
      "fwd_tflops": 100.48246119214527,
      "fwd_tflops_std": 0.43753419093896906,
      "bwd_time_ms": 382.994090576172,
      "bwd_time_std_ms": 1.1193818215086622,
      "bwd_tflops": 86.12495504475594,
      "bwd_tflops_std": 0.2517185288950996
    }
  ]
}