{
  "metadata": {
    "timestamp": "2026-03-07T19:38:58.596450",
    "gpu": "NVIDIA H100 NVL",
    "pytorch_version": "2.10.0+cu130",
    "cuda_version": "13.0",
    "cudnn_version": "9.15.1",
    "cudnn_enabled": true,
    "dtype": "bfloat16",
    "causal": false,
    "nheads": 8,
    "headdim": 128,
    "col_attn_rows": 1024,
    "col_attn_cols": [
      16,
      32,
      64,
      128,
      256,
      512,
      1024,
      2048
    ],
    "row_attn_rows": [
      32,
      64,
      128,
      256,
      512,
      1024,
      2048,
      4096,
      8192,
      16384
    ],
    "row_attn_cols": 64,
    "warmup": 5,
    "rep": 25
  },
  "results": [
    {
      "attn_type": "row",
      "backend": "sdpa_efficient",
      "batch": 1,
      "rows": 32,
      "cols": 64,
      "nheads": 8,
      "headdim": 128,
      "seq_len": 32,
      "batch_eff": 64,
      "causal": false,
      "dtype": "torch.bfloat16",
      "rep": 25,
      "fwd_time_ms": 0.0611635196208954,
      "fwd_time_std_ms": 0.026301211034858222,
      "fwd_tflops": 4.38881636740038,
      "fwd_tflops_std": 1.8872554455287152,
      "bwd_time_ms": 0.2289779198169708,
      "bwd_time_std_ms": 0.030689125101752326,
      "bwd_tflops": 2.930800666441647,
      "bwd_tflops_std": 0.39280515943468086
    },
    {
      "attn_type": "row",
      "backend": "sdpa_efficient",
      "batch": 1,
      "rows": 64,
      "cols": 64,
      "nheads": 8,
      "headdim": 128,
      "seq_len": 64,
      "batch_eff": 64,
      "causal": false,
      "dtype": "torch.bfloat16",
      "rep": 25,
      "fwd_time_ms": 0.07999871999025346,
      "fwd_time_std_ms": 0.0005993137127057282,
      "fwd_tflops": 13.42198755343608,
      "fwd_tflops_std": 0.10055137374097835,
      "bwd_time_ms": 0.20581120103597642,
      "bwd_time_std_ms": 0.010956672700826684,
      "bwd_tflops": 13.042801103574371,
      "bwd_tflops_std": 0.6943533786038454
    },
    {
      "attn_type": "row",
      "backend": "sdpa_efficient",
      "batch": 1,
      "rows": 128,
      "cols": 64,
      "nheads": 8,
      "headdim": 128,
      "seq_len": 128,
      "batch_eff": 64,
      "causal": false,
      "dtype": "torch.bfloat16",
      "rep": 25,
      "fwd_time_ms": 0.1480716806650162,
      "fwd_time_std_ms": 0.0005216908148009264,
      "fwd_tflops": 29.006000855197563,
      "fwd_tflops_std": 0.10219485692539687,
      "bwd_time_ms": 0.2416166406869889,
      "bwd_time_std_ms": 0.0010878327800462185,
      "bwd_tflops": 44.43989540401805,
      "bwd_tflops_std": 0.20008214179645042
    },
    {
      "attn_type": "row",
      "backend": "sdpa_efficient",
      "batch": 1,
      "rows": 256,
      "cols": 64,
      "nheads": 8,
      "headdim": 128,
      "seq_len": 256,
      "batch_eff": 64,
      "causal": false,
      "dtype": "torch.bfloat16",
      "rep": 25,
      "fwd_time_ms": 0.3363276803493499,
      "fwd_time_std_ms": 0.0005983436548168313,
      "fwd_tflops": 51.08074710399972,
      "fwd_tflops_std": 0.09087518720205907,
      "bwd_time_ms": 0.6329036748409272,
      "bwd_time_std_ms": 0.009746421270006066,
      "bwd_tflops": 67.86131076074868,
      "bwd_tflops_std": 1.0450325205889959
    },
    {
      "attn_type": "row",
      "backend": "sdpa_efficient",
      "batch": 1,
      "rows": 512,
      "cols": 64,
      "nheads": 8,
      "headdim": 128,
      "seq_len": 512,
      "batch_eff": 64,
      "causal": false,
      "dtype": "torch.bfloat16",
      "rep": 25,
      "fwd_time_ms": 0.882739200592041,
      "fwd_time_std_ms": 0.0007693877951684327,
      "fwd_tflops": 77.84799484367612,
      "fwd_tflops_std": 0.0678516339490628,
      "bwd_time_ms": 2.191281929016114,
      "bwd_time_std_ms": 0.0037175095888586037,
      "bwd_tflops": 78.40099877843544,
      "bwd_tflops_std": 0.1330072871388984
    },
    {
      "attn_type": "row",
      "backend": "sdpa_efficient",
      "batch": 1,
      "rows": 1024,
      "cols": 64,
      "nheads": 8,
      "headdim": 128,
      "seq_len": 1024,
      "batch_eff": 64,
      "causal": false,
      "dtype": "torch.bfloat16",
      "rep": 25,
      "fwd_time_ms": 2.7648678302764895,
      "fwd_time_std_ms": 0.035416492297620776,
      "fwd_tflops": 99.4181001832959,
      "fwd_tflops_std": 1.2734931995044705,
      "bwd_time_ms": 7.222668828964234,
      "bwd_time_std_ms": 0.050970599668891566,
      "bwd_tflops": 95.14416120038928,
      "bwd_tflops_std": 0.6714353193005219
    },
    {
      "attn_type": "row",
      "backend": "sdpa_efficient",
      "batch": 1,
      "rows": 2048,
      "cols": 64,
      "nheads": 8,
      "headdim": 128,
      "seq_len": 2048,
      "batch_eff": 64,
      "causal": false,
      "dtype": "torch.bfloat16",
      "rep": 25,
      "fwd_time_ms": 10.0039794921875,
      "fwd_time_std_ms": 0.4366174873035644,
      "fwd_tflops": 109.90742520360538,
      "fwd_tflops_std": 4.796841483519429,
      "bwd_time_ms": 26.286886596679686,
      "bwd_time_std_ms": 1.3113826960729076,
      "bwd_tflops": 104.56845314603366,
      "bwd_tflops_std": 5.2166413662750015
    },
    {
      "attn_type": "row",
      "backend": "sdpa_efficient",
      "batch": 1,
      "rows": 4096,
      "cols": 64,
      "nheads": 8,
      "headdim": 128,
      "seq_len": 4096,
      "batch_eff": 64,
      "causal": false,
      "dtype": "torch.bfloat16",
      "rep": 25,
      "fwd_time_ms": 36.054993896484376,
      "fwd_time_std_ms": 0.870074165602474,
      "fwd_tflops": 121.9816185167304,
      "fwd_tflops_std": 2.9436436809418582,
      "bwd_time_ms": 100.23834350585939,
      "bwd_time_std_ms": 1.985006637552828,
      "bwd_tflops": 109.68972444279554,
      "bwd_tflops_std": 2.172171082192337
    },
    {
      "attn_type": "row",
      "backend": "sdpa_efficient",
      "batch": 1,
      "rows": 8192,
      "cols": 64,
      "nheads": 8,
      "headdim": 128,
      "seq_len": 8192,
      "batch_eff": 64,
      "causal": false,
      "dtype": "torch.bfloat16",
      "rep": 25,
      "fwd_time_ms": 136.47188232421877,
      "fwd_time_std_ms": 1.3498119935936523,
      "fwd_tflops": 128.90703744103067,
      "fwd_tflops_std": 1.2749898530977504,
      "bwd_time_ms": 390.40339355468745,
      "bwd_time_std_ms": 1.7559027277324633,
      "bwd_tflops": 112.65390065027508,
      "bwd_tflops_std": 0.5066792315518408
    },
    {
      "attn_type": "row",
      "backend": "sdpa_efficient",
      "batch": 1,
      "rows": 16384,
      "cols": 64,
      "nheads": 8,
      "headdim": 128,
      "seq_len": 16384,
      "batch_eff": 64,
      "causal": false,
      "dtype": "torch.bfloat16",
      "rep": 25,
      "fwd_time_ms": 530.279453125,
      "fwd_time_std_ms": 1.5223107158824267,
      "fwd_tflops": 132.70124603729715,
      "fwd_tflops_std": 0.380954848736914,
      "bwd_time_ms": 1539.2922363281248,
      "bwd_time_std_ms": 2.0090932789597677,
      "bwd_tflops": 114.28749934048226,
      "bwd_tflops_std": 0.1491687162288369
    }
  ]
}