{
  "metadata": {
    "timestamp": "2026-03-07T19:20:23.388375",
    "gpu": "NVIDIA H100 NVL",
    "pytorch_version": "2.10.0+cu130",
    "cuda_version": "13.0",
    "cudnn_version": "9.15.1",
    "cudnn_enabled": true,
    "dtype": "bfloat16",
    "causal": false,
    "nheads": 12,
    "headdim": 64,
    "col_attn_rows": 1024,
    "col_attn_cols": [
      16,
      32,
      64,
      128,
      256,
      512,
      1024,
      2048
    ],
    "row_attn_rows": [
      32,
      64,
      128,
      256,
      512,
      1024,
      2048,
      4096,
      8192,
      16384
    ],
    "row_attn_cols": 64,
    "warmup": 5,
    "rep": 50
  },
  "results": [
    {
      "attn_type": "row",
      "backend": "sdpa_efficient",
      "batch": 1,
      "rows": 32,
      "cols": 64,
      "nheads": 12,
      "headdim": 64,
      "seq_len": 32,
      "batch_eff": 64,
      "causal": false,
      "dtype": "torch.bfloat16",
      "rep": 50,
      "fwd_time_ms": 0.050581119880080225,
      "fwd_time_std_ms": 0.020425329959960634,
      "fwd_tflops": 3.98027154158139,
      "fwd_tflops_std": 1.607286666641358,
      "bwd_time_ms": 0.2312057588249445,
      "bwd_time_std_ms": 0.026331283589629443,
      "bwd_tflops": 2.176920170838313,
      "bwd_tflops_std": 0.24792246811520113
    },
    {
      "attn_type": "row",
      "backend": "sdpa_efficient",
      "batch": 1,
      "rows": 64,
      "cols": 64,
      "nheads": 12,
      "headdim": 64,
      "seq_len": 64,
      "batch_eff": 64,
      "causal": false,
      "dtype": "torch.bfloat16",
      "rep": 50,
      "fwd_time_ms": 0.06541504070162774,
      "fwd_time_std_ms": 0.0005907893731477551,
      "fwd_tflops": 12.310721805909713,
      "fwd_tflops_std": 0.11118304812930924,
      "bwd_time_ms": 0.20704383864998815,
      "bwd_time_std_ms": 0.00889271873657648,
      "bwd_tflops": 9.723862990211785,
      "bwd_tflops_std": 0.4176486446966476
    },
    {
      "attn_type": "row",
      "backend": "sdpa_efficient",
      "batch": 1,
      "rows": 128,
      "cols": 64,
      "nheads": 12,
      "headdim": 64,
      "seq_len": 128,
      "batch_eff": 64,
      "causal": false,
      "dtype": "torch.bfloat16",
      "rep": 50,
      "fwd_time_ms": 0.12441279992461207,
      "fwd_time_std_ms": 0.00040377156203832753,
      "fwd_tflops": 25.891431379664322,
      "fwd_tflops_std": 0.08402852196807699,
      "bwd_time_ms": 0.18963711872696878,
      "bwd_time_std_ms": 0.0013784486159903538,
      "bwd_tflops": 42.46565089187233,
      "bwd_tflops_std": 0.30867753155071687
    },
    {
      "attn_type": "row",
      "backend": "sdpa_efficient",
      "batch": 1,
      "rows": 256,
      "cols": 64,
      "nheads": 12,
      "headdim": 64,
      "seq_len": 256,
      "batch_eff": 64,
      "causal": false,
      "dtype": "torch.bfloat16",
      "rep": 50,
      "fwd_time_ms": 0.28806847870349883,
      "fwd_time_std_ms": 0.0004434970947718235,
      "fwd_tflops": 44.72860739915277,
      "fwd_tflops_std": 0.06886212446427172,
      "bwd_time_ms": 0.5902976042032242,
      "bwd_time_std_ms": 0.011856940324299828,
      "bwd_tflops": 54.5695162755737,
      "bwd_tflops_std": 1.096103886240119
    },
    {
      "attn_type": "row",
      "backend": "sdpa_efficient",
      "batch": 1,
      "rows": 512,
      "cols": 64,
      "nheads": 12,
      "headdim": 64,
      "seq_len": 512,
      "batch_eff": 64,
      "causal": false,
      "dtype": "torch.bfloat16",
      "rep": 50,
      "fwd_time_ms": 0.7947334396839141,
      "fwd_time_std_ms": 0.018445563768594415,
      "fwd_tflops": 64.85143946188879,
      "fwd_tflops_std": 1.50518564130783,
      "bwd_time_ms": 1.883522566556931,
      "bwd_time_std_ms": 0.018914279640406616,
      "bwd_tflops": 68.40853471457754,
      "bwd_tflops_std": 0.6869565453347457
    },
    {
      "attn_type": "row",
      "backend": "sdpa_efficient",
      "batch": 1,
      "rows": 1024,
      "cols": 64,
      "nheads": 12,
      "headdim": 64,
      "seq_len": 1024,
      "batch_eff": 64,
      "causal": false,
      "dtype": "torch.bfloat16",
      "rep": 50,
      "fwd_time_ms": 2.5679539442062373,
      "fwd_time_std_ms": 0.024576507167905184,
      "fwd_tflops": 80.28120234520959,
      "fwd_tflops_std": 0.7683282441013404,
      "bwd_time_ms": 6.892161240577699,
      "bwd_time_std_ms": 0.41398068503208074,
      "bwd_tflops": 74.78003742651842,
      "bwd_tflops_std": 4.491695716329452
    },
    {
      "attn_type": "row",
      "backend": "sdpa_efficient",
      "batch": 1,
      "rows": 2048,
      "cols": 64,
      "nheads": 12,
      "headdim": 64,
      "seq_len": 2048,
      "batch_eff": 64,
      "causal": false,
      "dtype": "torch.bfloat16",
      "rep": 50,
      "fwd_time_ms": 9.291194877624513,
      "fwd_time_std_ms": 0.3027256118234056,
      "fwd_tflops": 88.7543240340294,
      "fwd_tflops_std": 2.891792433487711,
      "bwd_time_ms": 25.002937049865725,
      "bwd_time_std_ms": 0.8526430875340377,
      "bwd_tflops": 82.45368525979117,
      "bwd_tflops_std": 2.811812253826623
    },
    {
      "attn_type": "row",
      "backend": "sdpa_efficient",
      "batch": 1,
      "rows": 4096,
      "cols": 64,
      "nheads": 12,
      "headdim": 64,
      "seq_len": 4096,
      "batch_eff": 64,
      "causal": false,
      "dtype": "torch.bfloat16",
      "rep": 50,
      "fwd_time_ms": 34.437472000122064,
      "fwd_time_std_ms": 0.4246657617344457,
      "fwd_tflops": 95.78330498000282,
      "fwd_tflops_std": 1.181152036091135,
      "bwd_time_ms": 94.73487678527833,
      "bwd_time_std_ms": 1.0514978173305973,
      "bwd_tflops": 87.04647631527261,
      "bwd_tflops_std": 0.966161385941151
    },
    {
      "attn_type": "row",
      "backend": "sdpa_efficient",
      "batch": 1,
      "rows": 8192,
      "cols": 64,
      "nheads": 12,
      "headdim": 64,
      "seq_len": 8192,
      "batch_eff": 64,
      "causal": false,
      "dtype": "torch.bfloat16",
      "rep": 50,
      "fwd_time_ms": 131.57417816162112,
      "fwd_time_std_ms": 0.45075167586627196,
      "fwd_tflops": 100.27909516641463,
      "fwd_tflops_std": 0.3435398254594566,
      "bwd_time_ms": 376.23516387939446,
      "bwd_time_std_ms": 0.7333484042391037,
      "bwd_tflops": 87.67215826709314,
      "bwd_tflops_std": 0.1708884323794386
    },
    {
      "attn_type": "row",
      "backend": "sdpa_efficient",
      "batch": 1,
      "rows": 16384,
      "cols": 64,
      "nheads": 12,
      "headdim": 64,
      "seq_len": 16384,
      "batch_eff": 64,
      "causal": false,
      "dtype": "torch.bfloat16",
      "rep": 50,
      "fwd_time_ms": 513.9177264404298,
      "fwd_time_std_ms": 1.0118168751695524,
      "fwd_tflops": 102.69456649957674,
      "fwd_tflops_std": 0.20218819088455386,
      "bwd_time_ms": 1507.4529302978515,
      "bwd_time_std_ms": 2.4852858002800247,
      "bwd_tflops": 87.52604653934384,
      "bwd_tflops_std": 0.14430118264183514
    }
  ]
}