{
  "metadata": {
    "timestamp": "2026-03-07T19:40:49.342657",
    "gpu": "NVIDIA H100 NVL",
    "pytorch_version": "2.10.0+cu130",
    "cuda_version": "13.0",
    "cudnn_version": "9.15.1",
    "cudnn_enabled": true,
    "dtype": "bfloat16",
    "causal": false,
    "nheads": 12,
    "headdim": 128,
    "col_attn_rows": 1024,
    "col_attn_cols": [
      16,
      32,
      64,
      128,
      256,
      512,
      1024,
      2048
    ],
    "row_attn_rows": [
      32,
      64,
      128,
      256,
      512,
      1024,
      2048,
      4096,
      8192,
      16384
    ],
    "row_attn_cols": 64,
    "warmup": 5,
    "rep": 25
  },
  "results": [
    {
      "attn_type": "col",
      "backend": "sdpa_efficient",
      "batch": 1,
      "rows": 1024,
      "cols": 16,
      "nheads": 12,
      "headdim": 128,
      "seq_len": 16,
      "batch_eff": 1024,
      "causal": false,
      "dtype": "torch.bfloat16",
      "rep": 25,
      "fwd_time_ms": 0.36172159790992736,
      "fwd_time_std_ms": 0.014918438059808302,
      "fwd_tflops": 4.452630822451083,
      "fwd_tflops_std": 0.18363928919851408,
      "bwd_time_ms": 1.9334297788143155,
      "bwd_time_std_ms": 0.015256238546212362,
      "bwd_tflops": 2.0825849917700596,
      "bwd_tflops_std": 0.016433187165809725
    },
    {
      "attn_type": "col",
      "backend": "sdpa_efficient",
      "batch": 1,
      "rows": 1024,
      "cols": 32,
      "nheads": 12,
      "headdim": 128,
      "seq_len": 32,
      "batch_eff": 1024,
      "causal": false,
      "dtype": "torch.bfloat16",
      "rep": 25,
      "fwd_time_ms": 0.36649087667465213,
      "fwd_time_std_ms": 0.002327044871314548,
      "fwd_tflops": 17.578748487426083,
      "fwd_tflops_std": 0.11161679352828073,
      "bwd_time_ms": 2.0833011174201963,
      "bwd_time_std_ms": 0.005092827501900717,
      "bwd_tflops": 7.731060683126123,
      "bwd_tflops_std": 0.01889931231575615
    },
    {
      "attn_type": "col",
      "backend": "sdpa_efficient",
      "batch": 1,
      "rows": 1024,
      "cols": 64,
      "nheads": 12,
      "headdim": 128,
      "seq_len": 64,
      "batch_eff": 1024,
      "causal": false,
      "dtype": "torch.bfloat16",
      "rep": 25,
      "fwd_time_ms": 0.4196211206912995,
      "fwd_time_std_ms": 0.0007198632883950311,
      "fwd_tflops": 61.41207509656774,
      "fwd_tflops_std": 0.10535289132574512,
      "bwd_time_ms": 2.672213758230209,
      "bwd_time_std_ms": 0.012586584267074086,
      "bwd_tflops": 24.10904039453339,
      "bwd_tflops_std": 0.11355770757091714
    },
    {
      "attn_type": "col",
      "backend": "sdpa_efficient",
      "batch": 1,
      "rows": 1024,
      "cols": 128,
      "nheads": 12,
      "headdim": 128,
      "seq_len": 128,
      "batch_eff": 1024,
      "causal": false,
      "dtype": "torch.bfloat16",
      "rep": 25,
      "fwd_time_ms": 1.0018380784988403,
      "fwd_time_std_ms": 0.01630903403206431,
      "fwd_tflops": 102.89009503257698,
      "fwd_tflops_std": 1.674959354672374,
      "bwd_time_ms": 4.109340167045592,
      "bwd_time_std_ms": 0.035398353427261706,
      "bwd_tflops": 62.710320217971116,
      "bwd_tflops_std": 0.5401942862784346
    },
    {
      "attn_type": "col",
      "backend": "sdpa_efficient",
      "batch": 1,
      "rows": 1024,
      "cols": 256,
      "nheads": 12,
      "headdim": 128,
      "seq_len": 256,
      "batch_eff": 1024,
      "causal": false,
      "dtype": "torch.bfloat16",
      "rep": 25,
      "fwd_time_ms": 3.6963775920867925,
      "fwd_time_std_ms": 0.0950821003524805,
      "fwd_tflops": 111.54619628110727,
      "fwd_tflops_std": 2.869308225286064,
      "bwd_time_ms": 13.259399614334106,
      "bwd_time_std_ms": 0.5431046060518265,
      "bwd_tflops": 77.74048456354386,
      "bwd_tflops_std": 3.184247889890749
    },
    {
      "attn_type": "col",
      "backend": "sdpa_efficient",
      "batch": 1,
      "rows": 1024,
      "cols": 512,
      "nheads": 12,
      "headdim": 128,
      "seq_len": 512,
      "batch_eff": 1024,
      "causal": false,
      "dtype": "torch.bfloat16",
      "rep": 25,
      "fwd_time_ms": 13.746750717163083,
      "fwd_time_std_ms": 0.23853759156665677,
      "fwd_tflops": 119.97507451741727,
      "fwd_tflops_std": 2.0818421685412587,
      "bwd_time_ms": 46.95090156555177,
      "bwd_time_std_ms": 1.4745108752121214,
      "bwd_tflops": 87.81873119951332,
      "bwd_tflops_std": 2.757980568705841
    },
    {
      "attn_type": "col",
      "backend": "sdpa_efficient",
      "batch": 1,
      "rows": 1024,
      "cols": 1024,
      "nheads": 12,
      "headdim": 128,
      "seq_len": 1024,
      "batch_eff": 1024,
      "causal": false,
      "dtype": "torch.bfloat16",
      "rep": 25,
      "fwd_time_ms": 53.19117431640624,
      "fwd_time_std_ms": 0.7308085722138992,
      "fwd_tflops": 124.0256461986252,
      "fwd_tflops_std": 1.7040233945045067,
      "bwd_time_ms": 164.2050299072266,
      "bwd_time_std_ms": 1.6180981937869825,
      "bwd_tflops": 100.43952018983899,
      "bwd_tflops_std": 0.9897443841752689
    },
    {
      "attn_type": "col",
      "backend": "sdpa_efficient",
      "rows": 1024,
      "cols": 2048,
      "error": "CUDA out of memory. Tried to allocate 12.00 GiB. GPU 0 has a total capacity of 93.09 GiB of which 11.38 GiB is free. Including non-PyTorch memory, this process has 81.70 GiB memory in use. Of the allocated memory 78.47 GiB is allocated by PyTorch, and 2.57 GiB is reserved by PyTorch but unallocated. If reserved but unallocated memory is large try setting PYTORCH_ALLOC_CONF=expandable_segments:True to avoid fragmentation.  See documentation for Memory Management  (https://pytorch.org/docs/stable/notes/cuda.html#environment-variables)"
    }
  ]
}