{
  "metadata": {
    "timestamp": "2026-03-07T19:24:44.209439",
    "gpu": "NVIDIA H100 NVL",
    "pytorch_version": "2.10.0+cu130",
    "cuda_version": "13.0",
    "cudnn_version": "9.15.1",
    "cudnn_enabled": true,
    "dtype": "bfloat16",
    "causal": false,
    "nheads": 16,
    "headdim": 64,
    "col_attn_rows": 1024,
    "col_attn_cols": [
      16,
      32,
      64,
      128,
      256,
      512,
      1024,
      2048
    ],
    "row_attn_rows": [
      32,
      64,
      128,
      256,
      512,
      1024,
      2048,
      4096,
      8192,
      16384
    ],
    "row_attn_cols": 64,
    "warmup": 5,
    "rep": 50
  },
  "results": [
    {
      "attn_type": "row",
      "backend": "sdpa_efficient",
      "batch": 1,
      "rows": 32,
      "cols": 64,
      "nheads": 16,
      "headdim": 64,
      "seq_len": 32,
      "batch_eff": 64,
      "causal": false,
      "dtype": "torch.bfloat16",
      "rep": 50,
      "fwd_time_ms": 0.057439359799027444,
      "fwd_time_std_ms": 0.018160322552872633,
      "fwd_tflops": 4.67337130739652,
      "fwd_tflops_std": 1.4775570383898653,
      "bwd_time_ms": 0.2370560010522604,
      "bwd_time_std_ms": 0.057219031437688334,
      "bwd_tflops": 2.830928713135824,
      "bwd_tflops_std": 0.6833111092558385
    },
    {
      "attn_type": "row",
      "backend": "sdpa_efficient",
      "batch": 1,
      "rows": 64,
      "cols": 64,
      "nheads": 16,
      "headdim": 64,
      "seq_len": 64,
      "batch_eff": 64,
      "causal": false,
      "dtype": "torch.bfloat16",
      "rep": 50,
      "fwd_time_ms": 0.07918848007917406,
      "fwd_time_std_ms": 0.0009235042520547487,
      "fwd_tflops": 13.55931851358245,
      "fwd_tflops_std": 0.1581301761283745,
      "bwd_time_ms": 0.19934336155652999,
      "bwd_time_std_ms": 0.009716096340174368,
      "bwd_tflops": 13.465984214572241,
      "bwd_tflops_std": 0.6563388864441736
    },
    {
      "attn_type": "row",
      "backend": "sdpa_efficient",
      "batch": 1,
      "rows": 128,
      "cols": 64,
      "nheads": 16,
      "headdim": 64,
      "seq_len": 128,
      "batch_eff": 64,
      "causal": false,
      "dtype": "torch.bfloat16",
      "rep": 50,
      "fwd_time_ms": 0.15895103991031645,
      "fwd_time_std_ms": 0.0004496107008592608,
      "fwd_tflops": 27.020693280291287,
      "fwd_tflops_std": 0.07643103719428002,
      "bwd_time_ms": 0.2501542395353317,
      "bwd_time_std_ms": 0.0030579652832669973,
      "bwd_tflops": 42.92319114776966,
      "bwd_tflops_std": 0.5247067913808997
    },
    {
      "attn_type": "row",
      "backend": "sdpa_efficient",
      "batch": 1,
      "rows": 256,
      "cols": 64,
      "nheads": 16,
      "headdim": 64,
      "seq_len": 256,
      "batch_eff": 64,
      "causal": false,
      "dtype": "torch.bfloat16",
      "rep": 50,
      "fwd_time_ms": 0.3748223996162415,
      "fwd_time_std_ms": 0.0006704113374313736,
      "fwd_tflops": 45.834691847630914,
      "fwd_tflops_std": 0.0819804181761437,
      "bwd_time_ms": 0.7932019209861755,
      "bwd_time_std_ms": 0.018132270490358347,
      "bwd_tflops": 54.14721248607334,
      "bwd_tflops_std": 1.2377830626982338
    },
    {
      "attn_type": "row",
      "backend": "sdpa_efficient",
      "batch": 1,
      "rows": 512,
      "cols": 64,
      "nheads": 16,
      "headdim": 64,
      "seq_len": 512,
      "batch_eff": 64,
      "causal": false,
      "dtype": "torch.bfloat16",
      "rep": 50,
      "fwd_time_ms": 1.0650540804862976,
      "fwd_time_std_ms": 0.007229507924747447,
      "fwd_tflops": 64.522053851597,
      "fwd_tflops_std": 0.43797090512823333,
      "bwd_time_ms": 2.4815865635871885,
      "bwd_time_std_ms": 0.01897118949692262,
      "bwd_tflops": 69.2293770287268,
      "bwd_tflops_std": 0.5292435289734088
    },
    {
      "attn_type": "row",
      "backend": "sdpa_efficient",
      "batch": 1,
      "rows": 1024,
      "cols": 64,
      "nheads": 16,
      "headdim": 64,
      "seq_len": 1024,
      "batch_eff": 64,
      "causal": false,
      "dtype": "torch.bfloat16",
      "rep": 50,
      "fwd_time_ms": 3.417669763565064,
      "fwd_time_std_ms": 0.043096283288371375,
      "fwd_tflops": 80.42845738766387,
      "fwd_tflops_std": 1.0141903179111764,
      "bwd_time_ms": 9.430214414596557,
      "bwd_time_std_ms": 0.5144118518852717,
      "bwd_tflops": 72.87159518836873,
      "bwd_tflops_std": 3.9750964911953526
    },
    {
      "attn_type": "row",
      "backend": "sdpa_efficient",
      "batch": 1,
      "rows": 2048,
      "cols": 64,
      "nheads": 16,
      "headdim": 64,
      "seq_len": 2048,
      "batch_eff": 64,
      "causal": false,
      "dtype": "torch.bfloat16",
      "rep": 50,
      "fwd_time_ms": 12.356275119781495,
      "fwd_time_std_ms": 0.4173020938938548,
      "fwd_tflops": 88.98406818538398,
      "fwd_tflops_std": 3.0052129478330145,
      "bwd_time_ms": 32.93889318466186,
      "bwd_time_std_ms": 0.9953850195106377,
      "bwd_tflops": 83.45086320993873,
      "bwd_tflops_std": 2.5218133055874614
    },
    {
      "attn_type": "row",
      "backend": "sdpa_efficient",
      "batch": 1,
      "rows": 4096,
      "cols": 64,
      "nheads": 16,
      "headdim": 64,
      "seq_len": 4096,
      "batch_eff": 64,
      "causal": false,
      "dtype": "torch.bfloat16",
      "rep": 50,
      "fwd_time_ms": 45.77180023193359,
      "fwd_time_std_ms": 0.42325391254216654,
      "fwd_tflops": 96.08637826824248,
      "fwd_tflops_std": 0.8885150974609638,
      "bwd_time_ms": 126.45271423339844,
      "bwd_time_std_ms": 0.9020521109871006,
      "bwd_tflops": 86.95041735099421,
      "bwd_tflops_std": 0.6202619532381534
    },
    {
      "attn_type": "row",
      "backend": "sdpa_efficient",
      "batch": 1,
      "rows": 8192,
      "cols": 64,
      "nheads": 16,
      "headdim": 64,
      "seq_len": 8192,
      "batch_eff": 64,
      "causal": false,
      "dtype": "torch.bfloat16",
      "rep": 50,
      "fwd_time_ms": 175.27578063964847,
      "fwd_time_std_ms": 0.37738607173922273,
      "fwd_tflops": 100.368607574962,
      "fwd_tflops_std": 0.21610352782580805,
      "bwd_time_ms": 500.68756896972667,
      "bwd_time_std_ms": 1.0068856370704873,
      "bwd_tflops": 87.84013791582514,
      "bwd_tflops_std": 0.176647032415304
    },
    {
      "attn_type": "row",
      "backend": "sdpa_efficient",
      "batch": 1,
      "rows": 16384,
      "cols": 64,
      "nheads": 16,
      "headdim": 64,
      "seq_len": 16384,
      "batch_eff": 64,
      "causal": false,
      "dtype": "torch.bfloat16",
      "rep": 50,
      "fwd_time_ms": 684.5313818359375,
      "fwd_time_std_ms": 0.7882629053421683,
      "fwd_tflops": 102.79841953911962,
      "fwd_tflops_std": 0.11837613731186197,
      "bwd_time_ms": 2009.5276806640622,
      "bwd_time_std_ms": 2.4116843887738355,
      "bwd_tflops": 87.54388513126895,
      "bwd_tflops_std": 0.10506360431617566
    }
  ]
}