{
  "metadata": {
    "timestamp": "2026-03-10T11:53:27.199556",
    "gpu": "NVIDIA H100 NVL",
    "pytorch_version": "2.10.0+cu130",
    "cuda_version": "13.0",
    "cudnn_version": "9.15.1",
    "cudnn_enabled": true,
    "dtype": "bfloat16",
    "causal": false,
    "nheads": 6,
    "headdim": 32,
    "col_attn_rows": 1024,
    "col_attn_cols": [
      16,
      32,
      64,
      128,
      256,
      512,
      1024,
      2048
    ],
    "row_attn_rows": [
      32,
      64,
      128,
      256,
      512,
      1024,
      2048,
      4096,
      8192,
      16384
    ],
    "row_attn_cols": 64,
    "warmup": 5,
    "rep": 50
  },
  "results": [
    {
      "attn_type": "row",
      "backend": "sdpa_efficient",
      "batch": 1,
      "rows": 32,
      "cols": 64,
      "nheads": 6,
      "headdim": 32,
      "seq_len": 32,
      "batch_eff": 64,
      "causal": false,
      "dtype": "torch.bfloat16",
      "rep": 50,
      "fwd_time_ms": 0.0402988800033927,
      "fwd_time_std_ms": 0.01971150870484622,
      "fwd_tflops": 1.2489589784074062,
      "fwd_tflops_std": 0.610906947607497,
      "bwd_time_ms": 0.24157823834568262,
      "bwd_time_std_ms": 0.023867571536075206,
      "bwd_tflops": 0.5208628097533635,
      "bwd_tflops_std": 0.05146047283646693
    },
    {
      "attn_type": "row",
      "backend": "sdpa_efficient",
      "batch": 1,
      "rows": 64,
      "cols": 64,
      "nheads": 6,
      "headdim": 32,
      "seq_len": 64,
      "batch_eff": 64,
      "causal": false,
      "dtype": "torch.bfloat16",
      "rep": 50,
      "fwd_time_ms": 0.03421760000288487,
      "fwd_time_std_ms": 0.006335163527343664,
      "fwd_tflops": 5.883714579135481,
      "fwd_tflops_std": 1.0893310461252892,
      "bwd_time_ms": 0.23557055853307246,
      "bwd_time_std_ms": 0.010973624413586968,
      "bwd_tflops": 2.1365848225441035,
      "bwd_tflops_std": 0.09952890342651918
    },
    {
      "attn_type": "row",
      "backend": "sdpa_efficient",
      "batch": 1,
      "rows": 128,
      "cols": 64,
      "nheads": 6,
      "headdim": 32,
      "seq_len": 128,
      "batch_eff": 64,
      "causal": false,
      "dtype": "torch.bfloat16",
      "rep": 50,
      "fwd_time_ms": 0.054207999929785734,
      "fwd_time_std_ms": 0.0004850507966401738,
      "fwd_tflops": 14.85585834273711,
      "fwd_tflops_std": 0.1329295663601638,
      "bwd_time_ms": 0.21599167980253697,
      "bwd_time_std_ms": 0.009158725454601023,
      "bwd_tflops": 9.321034596520382,
      "bwd_tflops_std": 0.39524113567899244
    },
    {
      "attn_type": "row",
      "backend": "sdpa_efficient",
      "batch": 1,
      "rows": 256,
      "cols": 64,
      "nheads": 6,
      "headdim": 32,
      "seq_len": 256,
      "batch_eff": 64,
      "causal": false,
      "dtype": "torch.bfloat16",
      "rep": 50,
      "fwd_time_ms": 0.11323135986924172,
      "fwd_time_std_ms": 0.000449881232364995,
      "fwd_tflops": 28.448174390202805,
      "fwd_tflops_std": 0.11302787291416493,
      "bwd_time_ms": 0.239253761023283,
      "bwd_time_std_ms": 0.0008479361374644924,
      "bwd_tflops": 33.65908918445932,
      "bwd_tflops_std": 0.11929073947082428
    },
    {
      "attn_type": "row",
      "backend": "sdpa_efficient",
      "batch": 1,
      "rows": 512,
      "cols": 64,
      "nheads": 6,
      "headdim": 32,
      "seq_len": 512,
      "batch_eff": 64,
      "causal": false,
      "dtype": "torch.bfloat16",
      "rep": 50,
      "fwd_time_ms": 0.3117574381828308,
      "fwd_time_std_ms": 0.0004875814070136654,
      "fwd_tflops": 41.329894045522735,
      "fwd_tflops_std": 0.06463899629116046,
      "bwd_time_ms": 0.7492025637626647,
      "bwd_time_std_ms": 0.0015712967313434004,
      "bwd_tflops": 42.99538773362276,
      "bwd_tflops_std": 0.090173893518716
    },
    {
      "attn_type": "row",
      "backend": "sdpa_efficient",
      "batch": 1,
      "rows": 1024,
      "cols": 64,
      "nheads": 6,
      "headdim": 32,
      "seq_len": 1024,
      "batch_eff": 64,
      "causal": false,
      "dtype": "torch.bfloat16",
      "rep": 50,
      "fwd_time_ms": 0.9967839992046357,
      "fwd_time_std_ms": 0.0017249070097684783,
      "fwd_tflops": 51.70589374741671,
      "fwd_tflops_std": 0.08947561221130046,
      "bwd_time_ms": 2.5990905773639685,
      "bwd_time_std_ms": 0.0064842319746719265,
      "bwd_tflops": 49.57465507442236,
      "bwd_tflops_std": 0.12367924625886786
    },
    {
      "attn_type": "row",
      "backend": "sdpa_efficient",
      "batch": 1,
      "rows": 2048,
      "cols": 64,
      "nheads": 6,
      "headdim": 32,
      "seq_len": 2048,
      "batch_eff": 64,
      "causal": false,
      "dtype": "torch.bfloat16",
      "rep": 50,
      "fwd_time_ms": 3.5463590431213374,
      "fwd_time_std_ms": 0.002674893235617569,
      "fwd_tflops": 58.132419109642406,
      "fwd_tflops_std": 0.0438472283138049,
      "bwd_time_ms": 9.637130203247072,
      "bwd_time_std_ms": 0.017891186500814796,
      "bwd_tflops": 53.480244082034496,
      "bwd_tflops_std": 0.09928526447203023
    },
    {
      "attn_type": "row",
      "backend": "sdpa_efficient",
      "batch": 1,
      "rows": 4096,
      "cols": 64,
      "nheads": 6,
      "headdim": 32,
      "seq_len": 4096,
      "batch_eff": 64,
      "causal": false,
      "dtype": "torch.bfloat16",
      "rep": 50,
      "fwd_time_ms": 13.42607807159424,
      "fwd_time_std_ms": 0.09895313296233527,
      "fwd_tflops": 61.42029835031946,
      "fwd_tflops_std": 0.45268103736892545,
      "bwd_time_ms": 37.10660404205321,
      "bwd_time_std_ms": 0.11865635721192754,
      "bwd_tflops": 55.558420267820516,
      "bwd_tflops_std": 0.17766001313291108
    },
    {
      "attn_type": "row",
      "backend": "sdpa_efficient",
      "batch": 1,
      "rows": 8192,
      "cols": 64,
      "nheads": 6,
      "headdim": 32,
      "seq_len": 8192,
      "batch_eff": 64,
      "causal": false,
      "dtype": "torch.bfloat16",
      "rep": 50,
      "fwd_time_ms": 52.340190734863285,
      "fwd_time_std_ms": 0.24998745289921984,
      "fwd_tflops": 63.0210711313071,
      "fwd_tflops_std": 0.3010015215821924,
      "bwd_time_ms": 148.91173828125,
      "bwd_time_std_ms": 0.384189860816373,
      "bwd_tflops": 55.377348377635094,
      "bwd_tflops_std": 0.14287265739521818
    },
    {
      "attn_type": "row",
      "backend": "sdpa_efficient",
      "batch": 1,
      "rows": 16384,
      "cols": 64,
      "nheads": 6,
      "headdim": 32,
      "seq_len": 16384,
      "batch_eff": 64,
      "causal": false,
      "dtype": "torch.bfloat16",
      "rep": 50,
      "fwd_time_ms": 206.06486297607418,
      "fwd_time_std_ms": 0.7099535249129637,
      "fwd_tflops": 64.02906028110162,
      "fwd_tflops_std": 0.2205987783987741,
      "bwd_time_ms": 608.7175357055665,
      "bwd_time_std_ms": 2.671316620721681,
      "bwd_tflops": 54.18826778999651,
      "bwd_tflops_std": 0.23780162703502558
    }
  ]
}