{
  "metadata": {
    "timestamp": "2026-03-07T19:23:36.386653",
    "gpu": "NVIDIA H100 NVL",
    "pytorch_version": "2.10.0+cu130",
    "cuda_version": "13.0",
    "cudnn_version": "9.15.1",
    "cudnn_enabled": true,
    "dtype": "bfloat16",
    "causal": false,
    "nheads": 16,
    "headdim": 64,
    "col_attn_rows": 1024,
    "col_attn_cols": [
      16,
      32,
      64,
      128,
      256,
      512,
      1024,
      2048
    ],
    "row_attn_rows": [
      32,
      64,
      128,
      256,
      512,
      1024,
      2048,
      4096,
      8192,
      16384
    ],
    "row_attn_cols": 64,
    "warmup": 5,
    "rep": 50
  },
  "results": [
    {
      "attn_type": "col",
      "backend": "sdpa_efficient",
      "batch": 1,
      "rows": 1024,
      "cols": 16,
      "nheads": 16,
      "headdim": 64,
      "seq_len": 16,
      "batch_eff": 1024,
      "causal": false,
      "dtype": "torch.bfloat16",
      "rep": 50,
      "fwd_time_ms": 0.20920575976371764,
      "fwd_time_std_ms": 0.01130937307062845,
      "fwd_tflops": 5.132467792534544,
      "fwd_tflops_std": 0.27745408684883016,
      "bwd_time_ms": 0.5291116797924041,
      "bwd_time_std_ms": 0.011334652057292165,
      "bwd_tflops": 5.073323199089464,
      "bwd_tflops_std": 0.10868093718594375
    },
    {
      "attn_type": "col",
      "backend": "sdpa_efficient",
      "batch": 1,
      "rows": 1024,
      "cols": 32,
      "nheads": 16,
      "headdim": 64,
      "seq_len": 32,
      "batch_eff": 1024,
      "causal": false,
      "dtype": "torch.bfloat16",
      "rep": 50,
      "fwd_time_ms": 0.21147647976875308,
      "fwd_time_std_ms": 0.000348300365387934,
      "fwd_tflops": 20.30943252269233,
      "fwd_tflops_std": 0.03344950122212372,
      "bwd_time_ms": 0.6432940757274627,
      "bwd_time_std_ms": 0.012430722381842204,
      "bwd_tflops": 16.69130595965414,
      "bwd_tflops_std": 0.3225352111943772
    },
    {
      "attn_type": "col",
      "backend": "sdpa_efficient",
      "batch": 1,
      "rows": 1024,
      "cols": 64,
      "nheads": 16,
      "headdim": 64,
      "seq_len": 64,
      "batch_eff": 1024,
      "causal": false,
      "dtype": "torch.bfloat16",
      "rep": 50,
      "fwd_time_ms": 0.2533772790431976,
      "fwd_time_std_ms": 0.0005068913719759887,
      "fwd_tflops": 67.80351122592587,
      "fwd_tflops_std": 0.1356436337144478,
      "bwd_time_ms": 0.9897555172443393,
      "bwd_time_std_ms": 0.04640479743878808,
      "bwd_tflops": 43.3942243429769,
      "bwd_tflops_std": 2.0345430316525843
    },
    {
      "attn_type": "col",
      "backend": "sdpa_efficient",
      "batch": 1,
      "rows": 1024,
      "cols": 128,
      "nheads": 16,
      "headdim": 64,
      "seq_len": 128,
      "batch_eff": 1024,
      "causal": false,
      "dtype": "torch.bfloat16",
      "rep": 50,
      "fwd_time_ms": 0.9324166464805603,
      "fwd_time_std_ms": 0.026779389710152944,
      "fwd_tflops": 73.70039670074972,
      "fwd_tflops_std": 2.116705715724687,
      "bwd_time_ms": 2.7280850911140444,
      "bwd_time_std_ms": 0.03218223027392354,
      "bwd_tflops": 62.97409578593608,
      "bwd_tflops_std": 0.7428825656781508
    },
    {
      "attn_type": "col",
      "backend": "sdpa_efficient",
      "batch": 1,
      "rows": 1024,
      "cols": 256,
      "nheads": 16,
      "headdim": 64,
      "seq_len": 256,
      "batch_eff": 1024,
      "causal": false,
      "dtype": "torch.bfloat16",
      "rep": 50,
      "fwd_time_ms": 3.1385203075408934,
      "fwd_time_std_ms": 0.03241630797438209,
      "fwd_tflops": 87.58200680860767,
      "fwd_tflops_std": 0.9045935751636883,
      "bwd_time_ms": 11.139421434402468,
      "bwd_time_std_ms": 0.38980831283881945,
      "bwd_tflops": 61.690346433765384,
      "bwd_tflops_std": 2.1587665035745456
    },
    {
      "attn_type": "col",
      "backend": "sdpa_efficient",
      "batch": 1,
      "rows": 1024,
      "cols": 512,
      "nheads": 16,
      "headdim": 64,
      "seq_len": 512,
      "batch_eff": 1024,
      "causal": false,
      "dtype": "torch.bfloat16",
      "rep": 50,
      "fwd_time_ms": 12.042853755950928,
      "fwd_time_std_ms": 0.4112698586823935,
      "fwd_tflops": 91.29992359432919,
      "fwd_tflops_std": 3.1179409328788408,
      "bwd_time_ms": 36.955833683013914,
      "bwd_time_std_ms": 1.0755952169918555,
      "bwd_tflops": 74.38011256943791,
      "bwd_tflops_std": 2.164824476839636
    },
    {
      "attn_type": "col",
      "backend": "sdpa_efficient",
      "batch": 1,
      "rows": 1024,
      "cols": 1024,
      "nheads": 16,
      "headdim": 64,
      "seq_len": 1024,
      "batch_eff": 1024,
      "causal": false,
      "dtype": "torch.bfloat16",
      "rep": 50,
      "fwd_time_ms": 45.12161140441896,
      "fwd_time_std_ms": 0.6965060832530092,
      "fwd_tflops": 97.47095403319926,
      "fwd_tflops_std": 1.5045808496535442,
      "bwd_time_ms": 134.87724723815919,
      "bwd_time_std_ms": 1.337862354619268,
      "bwd_tflops": 81.51942972520338,
      "bwd_tflops_std": 0.8086002526935099
    },
    {
      "attn_type": "col",
      "backend": "sdpa_efficient",
      "batch": 1,
      "rows": 1024,
      "cols": 2048,
      "nheads": 16,
      "headdim": 64,
      "seq_len": 2048,
      "batch_eff": 1024,
      "causal": false,
      "dtype": "torch.bfloat16",
      "rep": 50,
      "fwd_time_ms": 175.10566894531252,
      "fwd_time_std_ms": 0.6827343877276635,
      "fwd_tflops": 100.46611369224281,
      "fwd_tflops_std": 0.3917158766600137,
      "bwd_time_ms": 509.21088012695304,
      "bwd_time_std_ms": 1.0639384778884537,
      "bwd_tflops": 86.3698456326681,
      "bwd_tflops_std": 0.18046001309903603
    }
  ]
}