{
  "metadata": {
    "timestamp": "2026-03-07T19:41:10.837984",
    "gpu": "NVIDIA H100 NVL",
    "pytorch_version": "2.10.0+cu130",
    "cuda_version": "13.0",
    "cudnn_version": "9.15.1",
    "cudnn_enabled": true,
    "dtype": "bfloat16",
    "causal": false,
    "nheads": 12,
    "headdim": 128,
    "col_attn_rows": 1024,
    "col_attn_cols": [
      16,
      32,
      64,
      128,
      256,
      512,
      1024,
      2048
    ],
    "row_attn_rows": [
      32,
      64,
      128,
      256,
      512,
      1024,
      2048,
      4096,
      8192,
      16384
    ],
    "row_attn_cols": 64,
    "warmup": 5,
    "rep": 25
  },
  "results": [
    {
      "attn_type": "row",
      "backend": "sdpa_efficient",
      "batch": 1,
      "rows": 32,
      "cols": 64,
      "nheads": 12,
      "headdim": 128,
      "seq_len": 32,
      "batch_eff": 64,
      "causal": false,
      "dtype": "torch.bfloat16",
      "rep": 25,
      "fwd_time_ms": 0.08143872052431106,
      "fwd_time_std_ms": 0.025630587937490488,
      "fwd_tflops": 4.944247421959436,
      "fwd_tflops_std": 1.5560653153362396,
      "bwd_time_ms": 0.22780927985906604,
      "bwd_time_std_ms": 0.028894223266670637,
      "bwd_tflops": 4.418753093037966,
      "bwd_tflops_std": 0.5604531936079046
    },
    {
      "attn_type": "row",
      "backend": "sdpa_efficient",
      "batch": 1,
      "rows": 64,
      "cols": 64,
      "nheads": 12,
      "headdim": 128,
      "seq_len": 64,
      "batch_eff": 64,
      "causal": false,
      "dtype": "torch.bfloat16",
      "rep": 25,
      "fwd_time_ms": 0.11273216009140014,
      "fwd_time_std_ms": 0.0004773313582151711,
      "fwd_tflops": 14.287074200424788,
      "fwd_tflops_std": 0.060494436791422204,
      "bwd_time_ms": 0.24062592148780826,
      "bwd_time_std_ms": 0.001452008836911237,
      "bwd_tflops": 16.733574733360598,
      "bwd_tflops_std": 0.10097539880874909
    },
    {
      "attn_type": "row",
      "backend": "sdpa_efficient",
      "batch": 1,
      "rows": 128,
      "cols": 64,
      "nheads": 12,
      "headdim": 128,
      "seq_len": 128,
      "batch_eff": 64,
      "causal": false,
      "dtype": "torch.bfloat16",
      "rep": 25,
      "fwd_time_ms": 0.21409023821353912,
      "fwd_time_std_ms": 0.0004972864032740933,
      "fwd_tflops": 30.09222184887353,
      "fwd_tflops_std": 0.06989787528204099,
      "bwd_time_ms": 0.35523328244686125,
      "bwd_time_std_ms": 0.0009107204726268008,
      "bwd_tflops": 45.33957868209966,
      "bwd_tflops_std": 0.11623821462235477
    },
    {
      "attn_type": "row",
      "backend": "sdpa_efficient",
      "batch": 1,
      "rows": 256,
      "cols": 64,
      "nheads": 12,
      "headdim": 128,
      "seq_len": 256,
      "batch_eff": 64,
      "causal": false,
      "dtype": "torch.bfloat16",
      "rep": 25,
      "fwd_time_ms": 0.4921472024917603,
      "fwd_time_std_ms": 0.0007466933304748552,
      "fwd_tflops": 52.361983661649376,
      "fwd_tflops_std": 0.07944440966570672,
      "bwd_time_ms": 0.9551526355743408,
      "bwd_time_std_ms": 0.02289102280355154,
      "bwd_tflops": 67.44943901166229,
      "bwd_tflops_std": 1.6164815852435033
    },
    {
      "attn_type": "row",
      "backend": "sdpa_efficient",
      "batch": 1,
      "rows": 512,
      "cols": 64,
      "nheads": 12,
      "headdim": 128,
      "seq_len": 512,
      "batch_eff": 64,
      "causal": false,
      "dtype": "torch.bfloat16",
      "rep": 25,
      "fwd_time_ms": 1.3557632064819336,
      "fwd_time_std_ms": 0.0006855348761873231,
      "fwd_tflops": 76.03039720444987,
      "fwd_tflops_std": 0.038444389613784734,
      "bwd_time_ms": 3.2495142555236822,
      "bwd_time_std_ms": 0.004225087067525696,
      "bwd_tflops": 79.30355662294829,
      "bwd_tflops_std": 0.10311215927945284
    },
    {
      "attn_type": "row",
      "backend": "sdpa_efficient",
      "batch": 1,
      "rows": 1024,
      "cols": 64,
      "nheads": 12,
      "headdim": 128,
      "seq_len": 1024,
      "batch_eff": 64,
      "causal": false,
      "dtype": "torch.bfloat16",
      "rep": 25,
      "fwd_time_ms": 4.231208992004395,
      "fwd_time_std_ms": 0.07751693555119336,
      "fwd_tflops": 97.4465835167075,
      "fwd_tflops_std": 1.7852487429533124,
      "bwd_time_ms": 11.045542335510254,
      "bwd_time_std_ms": 0.7253041696544467,
      "bwd_tflops": 93.32200445478462,
      "bwd_tflops_std": 6.127977866144254
    },
    {
      "attn_type": "row",
      "backend": "sdpa_efficient",
      "batch": 1,
      "rows": 2048,
      "cols": 64,
      "nheads": 12,
      "headdim": 128,
      "seq_len": 2048,
      "batch_eff": 64,
      "causal": false,
      "dtype": "torch.bfloat16",
      "rep": 25,
      "fwd_time_ms": 15.113546295166016,
      "fwd_time_std_ms": 0.4929124708691326,
      "fwd_tflops": 109.12511262770334,
      "fwd_tflops_std": 3.559001166814025,
      "bwd_time_ms": 40.12972915649415,
      "bwd_time_std_ms": 1.5963459587659579,
      "bwd_tflops": 102.74598635043995,
      "bwd_tflops_std": 4.087197784224372
    },
    {
      "attn_type": "row",
      "backend": "sdpa_efficient",
      "batch": 1,
      "rows": 4096,
      "cols": 64,
      "nheads": 12,
      "headdim": 128,
      "seq_len": 4096,
      "batch_eff": 64,
      "causal": false,
      "dtype": "torch.bfloat16",
      "rep": 25,
      "fwd_time_ms": 53.83744247436524,
      "fwd_time_std_ms": 1.0118947486449097,
      "fwd_tflops": 122.53683428214856,
      "fwd_tflops_std": 2.303125360843761,
      "bwd_time_ms": 151.0359950256348,
      "bwd_time_std_ms": 1.9788886692301773,
      "bwd_tflops": 109.19697926206767,
      "bwd_tflops_std": 1.4307097122059704
    },
    {
      "attn_type": "row",
      "backend": "sdpa_efficient",
      "batch": 1,
      "rows": 8192,
      "cols": 64,
      "nheads": 12,
      "headdim": 128,
      "seq_len": 8192,
      "batch_eff": 64,
      "causal": false,
      "dtype": "torch.bfloat16",
      "rep": 25,
      "fwd_time_ms": 205.16388305664063,
      "fwd_time_std_ms": 1.4990713817265446,
      "fwd_tflops": 128.62048950077073,
      "fwd_tflops_std": 0.9397916048461342,
      "bwd_time_ms": 584.8897546386718,
      "bwd_time_std_ms": 1.6711724217665775,
      "bwd_tflops": 112.7916793606939,
      "bwd_tflops_std": 0.3222732873287831
    },
    {
      "attn_type": "row",
      "backend": "sdpa_efficient",
      "batch": 1,
      "rows": 16384,
      "cols": 64,
      "nheads": 12,
      "headdim": 128,
      "seq_len": 16384,
      "batch_eff": 64,
      "causal": false,
      "dtype": "torch.bfloat16",
      "rep": 25,
      "fwd_time_ms": 796.7161206054689,
      "fwd_time_std_ms": 1.3989171634343294,
      "fwd_tflops": 132.48522721779537,
      "fwd_tflops_std": 0.23262471219438097,
      "bwd_time_ms": 2308.4423266601566,
      "bwd_time_std_ms": 2.1047179726063456,
      "bwd_tflops": 114.31205693062489,
      "bwd_tflops_std": 0.10422380404693808
    }
  ]
}