{
  "metadata": {
    "timestamp": "2026-03-10T11:55:12.346035",
    "gpu": "NVIDIA H100 NVL",
    "pytorch_version": "2.10.0+cu130",
    "cuda_version": "13.0",
    "cudnn_version": "9.15.1",
    "cudnn_enabled": true,
    "dtype": "bfloat16",
    "causal": false,
    "nheads": 8,
    "headdim": 16,
    "col_attn_rows": 1024,
    "col_attn_cols": [
      16,
      32,
      64,
      128,
      256,
      512,
      1024,
      2048
    ],
    "row_attn_rows": [
      32,
      64,
      128,
      256,
      512,
      1024,
      2048,
      4096,
      8192,
      16384
    ],
    "row_attn_cols": 64,
    "warmup": 5,
    "rep": 50
  },
  "results": [
    {
      "attn_type": "row",
      "backend": "sdpa_efficient",
      "batch": 1,
      "rows": 32,
      "cols": 64,
      "nheads": 8,
      "headdim": 16,
      "seq_len": 32,
      "batch_eff": 64,
      "causal": false,
      "dtype": "torch.bfloat16",
      "rep": 50,
      "fwd_time_ms": 0.0406758400425315,
      "fwd_time_std_ms": 0.020039008051620687,
      "fwd_tflops": 0.824922901774488,
      "fwd_tflops_std": 0.4063993922028528,
      "bwd_time_ms": 0.24041343901306392,
      "bwd_time_std_ms": 0.023749737390349395,
      "bwd_tflops": 0.34892425458562526,
      "bwd_tflops_std": 0.03446920209432099
    },
    {
      "attn_type": "row",
      "backend": "sdpa_efficient",
      "batch": 1,
      "rows": 64,
      "cols": 64,
      "nheads": 8,
      "headdim": 16,
      "seq_len": 64,
      "batch_eff": 64,
      "causal": false,
      "dtype": "torch.bfloat16",
      "rep": 50,
      "fwd_time_ms": 0.034392959922552105,
      "fwd_time_std_ms": 0.006210365922409996,
      "fwd_tflops": 3.9024767947346963,
      "fwd_tflops_std": 0.7046735423060891,
      "bwd_time_ms": 0.23983808055520062,
      "bwd_time_std_ms": 0.010731903643161138,
      "bwd_tflops": 1.3990452192714737,
      "bwd_tflops_std": 0.0626023125722565
    },
    {
      "attn_type": "row",
      "backend": "sdpa_efficient",
      "batch": 1,
      "rows": 128,
      "cols": 64,
      "nheads": 8,
      "headdim": 16,
      "seq_len": 128,
      "batch_eff": 64,
      "causal": false,
      "dtype": "torch.bfloat16",
      "rep": 50,
      "fwd_time_ms": 0.05085695989429951,
      "fwd_time_std_ms": 0.0005426065918390577,
      "fwd_tflops": 10.55648849470802,
      "fwd_tflops_std": 0.11263001673333979,
      "bwd_time_ms": 0.2219225584715605,
      "bwd_time_std_ms": 0.008629610025537377,
      "bwd_tflops": 6.047953345725332,
      "bwd_tflops_std": 0.23517879023074628
    },
    {
      "attn_type": "row",
      "backend": "sdpa_efficient",
      "batch": 1,
      "rows": 256,
      "cols": 64,
      "nheads": 8,
      "headdim": 16,
      "seq_len": 256,
      "batch_eff": 64,
      "causal": false,
      "dtype": "torch.bfloat16",
      "rep": 50,
      "fwd_time_ms": 0.12177024006843565,
      "fwd_time_std_ms": 0.0004135526622606166,
      "fwd_tflops": 17.635537605847706,
      "fwd_tflops_std": 0.05989331648846796,
      "bwd_time_ms": 0.28664831876754765,
      "bwd_time_std_ms": 0.0011827589008823725,
      "bwd_tflops": 18.729253822533874,
      "bwd_tflops_std": 0.07728003345957549
    },
    {
      "attn_type": "row",
      "backend": "sdpa_efficient",
      "batch": 1,
      "rows": 512,
      "cols": 64,
      "nheads": 8,
      "headdim": 16,
      "seq_len": 512,
      "batch_eff": 64,
      "causal": false,
      "dtype": "torch.bfloat16",
      "rep": 50,
      "fwd_time_ms": 0.35600384116172795,
      "fwd_time_std_ms": 0.0005680399855362202,
      "fwd_tflops": 24.128769408692147,
      "fwd_tflops_std": 0.03849988185856054,
      "bwd_time_ms": 0.9054105532169341,
      "bwd_time_std_ms": 0.0016213292552065886,
      "bwd_tflops": 23.718341258227728,
      "bwd_tflops_std": 0.04247271078330836
    },
    {
      "attn_type": "row",
      "backend": "sdpa_efficient",
      "batch": 1,
      "rows": 1024,
      "cols": 64,
      "nheads": 8,
      "headdim": 16,
      "seq_len": 1024,
      "batch_eff": 64,
      "causal": false,
      "dtype": "torch.bfloat16",
      "rep": 50,
      "fwd_time_ms": 1.2074707245826721,
      "fwd_time_std_ms": 0.0012192837635500327,
      "fwd_tflops": 28.455959774822258,
      "fwd_tflops_std": 0.028734352745210676,
      "bwd_time_ms": 3.214547164440155,
      "bwd_time_std_ms": 0.005698278852137776,
      "bwd_tflops": 26.722067378644365,
      "bwd_tflops_std": 0.04736897100579615
    },
    {
      "attn_type": "row",
      "backend": "sdpa_efficient",
      "batch": 1,
      "rows": 2048,
      "cols": 64,
      "nheads": 8,
      "headdim": 16,
      "seq_len": 2048,
      "batch_eff": 64,
      "causal": false,
      "dtype": "torch.bfloat16",
      "rep": 50,
      "fwd_time_ms": 4.456599016189576,
      "fwd_time_std_ms": 0.003355859197392139,
      "fwd_tflops": 30.839425528911793,
      "fwd_tflops_std": 0.02322236517746567,
      "bwd_time_ms": 12.240016202926633,
      "bwd_time_std_ms": 0.019058609723221615,
      "bwd_tflops": 28.07164451284342,
      "bwd_tflops_std": 0.043709624904857254
    },
    {
      "attn_type": "row",
      "backend": "sdpa_efficient",
      "batch": 1,
      "rows": 4096,
      "cols": 64,
      "nheads": 8,
      "headdim": 16,
      "seq_len": 4096,
      "batch_eff": 64,
      "causal": false,
      "dtype": "torch.bfloat16",
      "rep": 50,
      "fwd_time_ms": 17.139469947814938,
      "fwd_time_std_ms": 0.07445901989265585,
      "fwd_tflops": 32.07542681085577,
      "fwd_tflops_std": 0.13934531524292643,
      "bwd_time_ms": 47.97053005218506,
      "bwd_time_std_ms": 0.0927019964521829,
      "bwd_tflops": 28.650705614986144,
      "bwd_tflops_std": 0.05536685976543639
    },
    {
      "attn_type": "row",
      "backend": "sdpa_efficient",
      "batch": 1,
      "rows": 8192,
      "cols": 64,
      "nheads": 8,
      "headdim": 16,
      "seq_len": 8192,
      "batch_eff": 64,
      "causal": false,
      "dtype": "torch.bfloat16",
      "rep": 50,
      "fwd_time_ms": 67.39541946411133,
      "fwd_time_std_ms": 0.3732609557700007,
      "fwd_tflops": 32.62867525771539,
      "fwd_tflops_std": 0.18070976646549775,
      "bwd_time_ms": 193.7876518249512,
      "bwd_time_std_ms": 0.51123438020549,
      "bwd_tflops": 28.36898061929124,
      "bwd_tflops_std": 0.07484067270223019
    },
    {
      "attn_type": "row",
      "backend": "sdpa_efficient",
      "batch": 1,
      "rows": 16384,
      "cols": 64,
      "nheads": 8,
      "headdim": 16,
      "seq_len": 16384,
      "batch_eff": 64,
      "causal": false,
      "dtype": "torch.bfloat16",
      "rep": 50,
      "fwd_time_ms": 267.5184112548828,
      "fwd_time_std_ms": 0.7956605358470281,
      "fwd_tflops": 32.88032767893261,
      "fwd_tflops_std": 0.09779356500035241,
      "bwd_time_ms": 792.2401678466799,
      "bwd_time_std_ms": 2.1244628138548807,
      "bwd_tflops": 27.757028042758503,
      "bwd_tflops_std": 0.07443295138675628
    }
  ]
}