{
  "metadata": {
    "timestamp": "2026-03-07T19:38:27.384465",
    "gpu": "NVIDIA H100 NVL",
    "pytorch_version": "2.10.0+cu130",
    "cuda_version": "13.0",
    "cudnn_version": "9.15.1",
    "cudnn_enabled": true,
    "dtype": "bfloat16",
    "causal": false,
    "nheads": 8,
    "headdim": 128,
    "col_attn_rows": 1024,
    "col_attn_cols": [
      16,
      32,
      64,
      128,
      256,
      512,
      1024,
      2048
    ],
    "row_attn_rows": [
      32,
      64,
      128,
      256,
      512,
      1024,
      2048,
      4096,
      8192,
      16384
    ],
    "row_attn_cols": 64,
    "warmup": 5,
    "rep": 25
  },
  "results": [
    {
      "attn_type": "col",
      "backend": "sdpa_efficient",
      "batch": 1,
      "rows": 1024,
      "cols": 16,
      "nheads": 8,
      "headdim": 128,
      "seq_len": 16,
      "batch_eff": 1024,
      "causal": false,
      "dtype": "torch.bfloat16",
      "rep": 25,
      "fwd_time_ms": 0.2528908807039261,
      "fwd_time_std_ms": 0.014620173843778448,
      "fwd_tflops": 4.245870080452175,
      "fwd_tflops_std": 0.24546301757311517,
      "bwd_time_ms": 1.303237115740776,
      "bwd_time_std_ms": 0.014709621743834514,
      "bwd_tflops": 2.0597591394365558,
      "bwd_tflops_std": 0.023248476780294822
    },
    {
      "attn_type": "col",
      "backend": "sdpa_efficient",
      "batch": 1,
      "rows": 1024,
      "cols": 32,
      "nheads": 8,
      "headdim": 128,
      "seq_len": 32,
      "batch_eff": 1024,
      "causal": false,
      "dtype": "torch.bfloat16",
      "rep": 25,
      "fwd_time_ms": 0.24875647962093356,
      "fwd_time_std_ms": 0.0019229604062323028,
      "fwd_tflops": 17.265750434098706,
      "fwd_tflops_std": 0.1334693050780174,
      "bwd_time_ms": 1.396953597664833,
      "bwd_time_std_ms": 0.006010513491605659,
      "bwd_tflops": 7.686309880262892,
      "bwd_tflops_std": 0.03307101203161532
    },
    {
      "attn_type": "col",
      "backend": "sdpa_efficient",
      "batch": 1,
      "rows": 1024,
      "cols": 64,
      "nheads": 8,
      "headdim": 128,
      "seq_len": 64,
      "batch_eff": 1024,
      "causal": false,
      "dtype": "torch.bfloat16",
      "rep": 25,
      "fwd_time_ms": 0.28038015842437747,
      "fwd_time_std_ms": 0.0008826089228384276,
      "fwd_tflops": 61.273484117221,
      "fwd_tflops_std": 0.19288284919720602,
      "bwd_time_ms": 1.7826700735092162,
      "bwd_time_std_ms": 0.023740522863062902,
      "bwd_tflops": 24.092889423701855,
      "bwd_tflops_std": 0.3208545432496616
    },
    {
      "attn_type": "col",
      "backend": "sdpa_efficient",
      "batch": 1,
      "rows": 1024,
      "cols": 128,
      "nheads": 8,
      "headdim": 128,
      "seq_len": 128,
      "batch_eff": 1024,
      "causal": false,
      "dtype": "torch.bfloat16",
      "rep": 25,
      "fwd_time_ms": 0.6462732863426209,
      "fwd_time_std_ms": 0.0007232589348351367,
      "fwd_tflops": 106.33191590649851,
      "fwd_tflops_std": 0.11899843280345969,
      "bwd_time_ms": 2.7377254128456117,
      "bwd_time_std_ms": 0.0023646193832615268,
      "bwd_tflops": 62.75234581010489,
      "bwd_tflops_std": 0.05420025417869479
    },
    {
      "attn_type": "col",
      "backend": "sdpa_efficient",
      "batch": 1,
      "rows": 1024,
      "cols": 256,
      "nheads": 8,
      "headdim": 128,
      "seq_len": 256,
      "batch_eff": 1024,
      "causal": false,
      "dtype": "torch.bfloat16",
      "rep": 25,
      "fwd_time_ms": 2.418248977661133,
      "fwd_time_std_ms": 0.07795559583162016,
      "fwd_tflops": 113.66815802806819,
      "fwd_tflops_std": 3.6642500702020384,
      "bwd_time_ms": 8.325690765380859,
      "bwd_time_std_ms": 0.09002764581259025,
      "bwd_tflops": 82.5390693367368,
      "bwd_tflops_std": 0.8925143041399817
    },
    {
      "attn_type": "col",
      "backend": "sdpa_efficient",
      "batch": 1,
      "rows": 1024,
      "cols": 512,
      "nheads": 8,
      "headdim": 128,
      "seq_len": 512,
      "batch_eff": 1024,
      "causal": false,
      "dtype": "torch.bfloat16",
      "rep": 25,
      "fwd_time_ms": 9.615599327087404,
      "fwd_time_std_ms": 0.1529779846903594,
      "fwd_tflops": 114.346655925923,
      "fwd_tflops_std": 1.819181559526169,
      "bwd_time_ms": 30.431737709045414,
      "bwd_time_std_ms": 1.162950427634438,
      "bwd_tflops": 90.32606339213298,
      "bwd_tflops_std": 3.4518151757463826
    },
    {
      "attn_type": "col",
      "backend": "sdpa_efficient",
      "batch": 1,
      "rows": 1024,
      "cols": 1024,
      "nheads": 8,
      "headdim": 128,
      "seq_len": 1024,
      "batch_eff": 1024,
      "causal": false,
      "dtype": "torch.bfloat16",
      "rep": 25,
      "fwd_time_ms": 35.28747283935547,
      "fwd_time_std_ms": 0.7948619850902365,
      "fwd_tflops": 124.63478274927468,
      "fwd_tflops_std": 2.8074396621820625,
      "bwd_time_ms": 109.17048858642576,
      "bwd_time_std_ms": 1.7417936741541806,
      "bwd_tflops": 100.71509636100622,
      "bwd_tflops_std": 1.6068895541724417
    },
    {
      "attn_type": "col",
      "backend": "sdpa_efficient",
      "batch": 1,
      "rows": 1024,
      "cols": 2048,
      "nheads": 8,
      "headdim": 128,
      "seq_len": 2048,
      "batch_eff": 1024,
      "causal": false,
      "dtype": "torch.bfloat16",
      "rep": 25,
      "fwd_time_ms": 135.87379699707031,
      "fwd_time_std_ms": 0.4480990467127596,
      "fwd_tflops": 129.4744566886235,
      "fwd_tflops_std": 0.4269946222013331,
      "bwd_time_ms": 409.7436126708985,
      "bwd_time_std_ms": 1.1978550419970757,
      "bwd_tflops": 107.33654839511708,
      "bwd_tflops_std": 0.3137904331138971
    }
  ]
}