{
  "metadata": {
    "timestamp": "2026-03-07T19:16:49.555540",
    "gpu": "NVIDIA H100 NVL",
    "pytorch_version": "2.10.0+cu130",
    "cuda_version": "13.0",
    "cudnn_version": "9.15.1",
    "cudnn_enabled": true,
    "dtype": "bfloat16",
    "causal": false,
    "nheads": 8,
    "headdim": 64,
    "col_attn_rows": 1024,
    "col_attn_cols": [
      16,
      32,
      64,
      128,
      256,
      512,
      1024,
      2048
    ],
    "row_attn_rows": [
      32,
      64,
      128,
      256,
      512,
      1024,
      2048,
      4096,
      8192,
      16384
    ],
    "row_attn_cols": 64,
    "warmup": 5,
    "rep": 50
  },
  "results": [
    {
      "attn_type": "col",
      "backend": "sdpa_efficient",
      "batch": 1,
      "rows": 1024,
      "cols": 16,
      "nheads": 8,
      "headdim": 64,
      "seq_len": 16,
      "batch_eff": 1024,
      "causal": false,
      "dtype": "torch.bfloat16",
      "rep": 50,
      "fwd_time_ms": 0.11391615912318229,
      "fwd_time_std_ms": 0.011518367172099973,
      "fwd_tflops": 4.712860020319498,
      "fwd_tflops_std": 0.4765298669001865,
      "bwd_time_ms": 0.27002175882458695,
      "bwd_time_std_ms": 0.011563523111234972,
      "bwd_tflops": 4.9706263889345035,
      "bwd_tflops_std": 0.21286415352585608
    },
    {
      "attn_type": "col",
      "backend": "sdpa_efficient",
      "batch": 1,
      "rows": 1024,
      "cols": 32,
      "nheads": 8,
      "headdim": 64,
      "seq_len": 32,
      "batch_eff": 1024,
      "causal": false,
      "dtype": "torch.bfloat16",
      "rep": 50,
      "fwd_time_ms": 0.11165440022945403,
      "fwd_time_std_ms": 0.00027190679309206986,
      "fwd_tflops": 19.233309601653314,
      "fwd_tflops_std": 0.04683798868280428,
      "bwd_time_ms": 0.3279711991548539,
      "bwd_time_std_ms": 0.0009164570844857078,
      "bwd_tflops": 16.369452969756427,
      "bwd_tflops_std": 0.04574151993207682
    },
    {
      "attn_type": "col",
      "backend": "sdpa_efficient",
      "batch": 1,
      "rows": 1024,
      "cols": 64,
      "nheads": 8,
      "headdim": 64,
      "seq_len": 64,
      "batch_eff": 1024,
      "causal": false,
      "dtype": "torch.bfloat16",
      "rep": 50,
      "fwd_time_ms": 0.1285734394192696,
      "fwd_time_std_ms": 0.00042840988173647955,
      "fwd_tflops": 66.80955748557666,
      "fwd_tflops_std": 0.22261109876611734,
      "bwd_time_ms": 0.45406336039304734,
      "bwd_time_std_ms": 0.008576749870571177,
      "bwd_tflops": 47.29480145989076,
      "bwd_tflops_std": 0.8933459901910615
    },
    {
      "attn_type": "col",
      "backend": "sdpa_efficient",
      "batch": 1,
      "rows": 1024,
      "cols": 128,
      "nheads": 8,
      "headdim": 64,
      "seq_len": 128,
      "batch_eff": 1024,
      "causal": false,
      "dtype": "torch.bfloat16",
      "rep": 50,
      "fwd_time_ms": 0.41042367935180674,
      "fwd_time_std_ms": 0.00531925490146707,
      "fwd_tflops": 83.71772901179891,
      "fwd_tflops_std": 1.085015223997316,
      "bwd_time_ms": 1.350719358921051,
      "bwd_time_std_ms": 0.049836785950158814,
      "bwd_tflops": 63.59525785475973,
      "bwd_tflops_std": 2.346440977705766
    },
    {
      "attn_type": "col",
      "backend": "sdpa_efficient",
      "batch": 1,
      "rows": 1024,
      "cols": 256,
      "nheads": 8,
      "headdim": 64,
      "seq_len": 256,
      "batch_eff": 1024,
      "causal": false,
      "dtype": "torch.bfloat16",
      "rep": 50,
      "fwd_time_ms": 1.5132115292549133,
      "fwd_time_std_ms": 0.04361159394539454,
      "fwd_tflops": 90.82600205912603,
      "fwd_tflops_std": 2.6176556581197556,
      "bwd_time_ms": 4.960729606151581,
      "bwd_time_std_ms": 0.04365646452657741,
      "bwd_tflops": 69.26347754449671,
      "bwd_tflops_std": 0.6095471413436913
    },
    {
      "attn_type": "col",
      "backend": "sdpa_efficient",
      "batch": 1,
      "rows": 1024,
      "cols": 512,
      "nheads": 8,
      "headdim": 64,
      "seq_len": 512,
      "batch_eff": 1024,
      "causal": false,
      "dtype": "torch.bfloat16",
      "rep": 50,
      "fwd_time_ms": 5.726742401123047,
      "fwd_time_std_ms": 0.33563097129091757,
      "fwd_tflops": 95.99799945256656,
      "fwd_tflops_std": 5.626218108209542,
      "bwd_time_ms": 17.33008953094483,
      "bwd_time_std_ms": 0.820777311642673,
      "bwd_tflops": 79.30654554703092,
      "bwd_tflops_std": 3.756069068975571
    },
    {
      "attn_type": "col",
      "backend": "sdpa_efficient",
      "batch": 1,
      "rows": 1024,
      "cols": 1024,
      "nheads": 8,
      "headdim": 64,
      "seq_len": 1024,
      "batch_eff": 1024,
      "causal": false,
      "dtype": "torch.bfloat16",
      "rep": 50,
      "fwd_time_ms": 21.152147941589355,
      "fwd_time_std_ms": 0.504055696459711,
      "fwd_tflops": 103.9621726183316,
      "fwd_tflops_std": 2.4774186276167063,
      "bwd_time_ms": 63.74213565826418,
      "bwd_time_std_ms": 1.2007225610700152,
      "bwd_tflops": 86.24684570271754,
      "bwd_tflops_std": 1.624648003819292
    },
    {
      "attn_type": "col",
      "backend": "sdpa_efficient",
      "batch": 1,
      "rows": 1024,
      "cols": 2048,
      "nheads": 8,
      "headdim": 64,
      "seq_len": 2048,
      "batch_eff": 1024,
      "causal": false,
      "dtype": "torch.bfloat16",
      "rep": 50,
      "fwd_time_ms": 83.09227081298829,
      "fwd_time_std_ms": 0.5968731800420317,
      "fwd_tflops": 105.85934090073115,
      "fwd_tflops_std": 0.7604149076967629,
      "bwd_time_ms": 245.02738433837888,
      "bwd_time_std_ms": 2.6906010398263662,
      "bwd_tflops": 89.74602008219556,
      "bwd_tflops_std": 0.9854846861523285
    }
  ]
}