{
  "metadata": {
    "timestamp": "2026-03-10T11:52:57.908213",
    "gpu": "NVIDIA H100 NVL",
    "pytorch_version": "2.10.0+cu130",
    "cuda_version": "13.0",
    "cudnn_version": "9.15.1",
    "cudnn_enabled": true,
    "dtype": "bfloat16",
    "causal": false,
    "nheads": 6,
    "headdim": 32,
    "col_attn_rows": 1024,
    "col_attn_cols": [
      16,
      32,
      64,
      128,
      256,
      512,
      1024,
      2048
    ],
    "row_attn_rows": [
      32,
      64,
      128,
      256,
      512,
      1024,
      2048,
      4096,
      8192,
      16384
    ],
    "row_attn_cols": 64,
    "warmup": 5,
    "rep": 50
  },
  "results": [
    {
      "attn_type": "col",
      "backend": "sdpa_efficient",
      "batch": 1,
      "rows": 1024,
      "cols": 16,
      "nheads": 6,
      "headdim": 32,
      "seq_len": 16,
      "batch_eff": 1024,
      "causal": false,
      "dtype": "torch.bfloat16",
      "rep": 50,
      "fwd_time_ms": 0.08192959949374198,
      "fwd_time_std_ms": 0.019035907035291563,
      "fwd_tflops": 2.457312048930227,
      "fwd_tflops_std": 0.5709433954173132,
      "bwd_time_ms": 0.17576959922909738,
      "bwd_time_std_ms": 0.019045468253012926,
      "bwd_tflops": 2.8635013233658193,
      "bwd_tflops_std": 0.31027392555831723
    },
    {
      "attn_type": "col",
      "backend": "sdpa_efficient",
      "batch": 1,
      "rows": 1024,
      "cols": 32,
      "nheads": 6,
      "headdim": 32,
      "seq_len": 32,
      "batch_eff": 1024,
      "causal": false,
      "dtype": "torch.bfloat16",
      "rep": 50,
      "fwd_time_ms": 0.08014463916420934,
      "fwd_time_std_ms": 0.00029021343610621857,
      "fwd_tflops": 10.048162626947484,
      "fwd_tflops_std": 0.036385612723836204,
      "bwd_time_ms": 0.2014790420234204,
      "bwd_time_std_ms": 0.0006622375966411226,
      "bwd_tflops": 9.992433455018974,
      "bwd_tflops_std": 0.03284393775844385
    },
    {
      "attn_type": "col",
      "backend": "sdpa_efficient",
      "batch": 1,
      "rows": 1024,
      "cols": 64,
      "nheads": 6,
      "headdim": 32,
      "seq_len": 64,
      "batch_eff": 1024,
      "causal": false,
      "dtype": "torch.bfloat16",
      "rep": 50,
      "fwd_time_ms": 0.08759039983153344,
      "fwd_time_std_ms": 0.00039155204706144565,
      "fwd_tflops": 36.77601059243397,
      "fwd_tflops_std": 0.16439840733592456,
      "bwd_time_ms": 0.24086720123887062,
      "bwd_time_std_ms": 0.000987991165638535,
      "bwd_tflops": 33.43362499576557,
      "bwd_tflops_std": 0.13713833166654252
    },
    {
      "attn_type": "col",
      "backend": "sdpa_efficient",
      "batch": 1,
      "rows": 1024,
      "cols": 128,
      "nheads": 6,
      "headdim": 32,
      "seq_len": 128,
      "batch_eff": 1024,
      "causal": false,
      "dtype": "torch.bfloat16",
      "rep": 50,
      "fwd_time_ms": 0.26735999763011936,
      "fwd_time_std_ms": 0.0004351983176295911,
      "fwd_tflops": 48.19308049899704,
      "fwd_tflops_std": 0.07844684223691135,
      "bwd_time_ms": 0.6705459219217302,
      "bwd_time_std_ms": 0.008846210411445494,
      "bwd_tflops": 48.038849640129484,
      "bwd_tflops_std": 0.633754912150494
    },
    {
      "attn_type": "col",
      "backend": "sdpa_efficient",
      "batch": 1,
      "rows": 1024,
      "cols": 256,
      "nheads": 6,
      "headdim": 32,
      "seq_len": 256,
      "batch_eff": 1024,
      "causal": false,
      "dtype": "torch.bfloat16",
      "rep": 50,
      "fwd_time_ms": 0.9420550405979157,
      "fwd_time_std_ms": 0.009063677148115028,
      "fwd_tflops": 54.7097625201264,
      "fwd_tflops_std": 0.5263722425578696,
      "bwd_time_ms": 2.9003334462642676,
      "bwd_time_std_ms": 0.011890119760193739,
      "bwd_tflops": 44.42558804607867,
      "bwd_tflops_std": 0.18212580452267654
    },
    {
      "attn_type": "col",
      "backend": "sdpa_efficient",
      "batch": 1,
      "rows": 1024,
      "cols": 512,
      "nheads": 6,
      "headdim": 32,
      "seq_len": 512,
      "batch_eff": 1024,
      "causal": false,
      "dtype": "torch.bfloat16",
      "rep": 50,
      "fwd_time_ms": 3.4348966407775885,
      "fwd_time_std_ms": 0.00911851360156826,
      "fwd_tflops": 60.01881621722687,
      "fwd_tflops_std": 0.15933009032345022,
      "bwd_time_ms": 10.332035846710204,
      "bwd_time_std_ms": 0.09067211963673506,
      "bwd_tflops": 49.88330307468938,
      "bwd_tflops_std": 0.4377670472082144
    },
    {
      "attn_type": "col",
      "backend": "sdpa_efficient",
      "batch": 1,
      "rows": 1024,
      "cols": 1024,
      "nheads": 6,
      "headdim": 32,
      "seq_len": 1024,
      "batch_eff": 1024,
      "causal": false,
      "dtype": "torch.bfloat16",
      "rep": 50,
      "fwd_time_ms": 13.312557468414308,
      "fwd_time_std_ms": 0.08083537596433446,
      "fwd_tflops": 61.94404965300963,
      "fwd_tflops_std": 0.3761313747816529,
      "bwd_time_ms": 38.01689023971558,
      "bwd_time_std_ms": 0.1567719991135005,
      "bwd_tflops": 54.22811516356745,
      "bwd_tflops_std": 0.2236229730718028
    },
    {
      "attn_type": "col",
      "backend": "sdpa_efficient",
      "batch": 1,
      "rows": 1024,
      "cols": 2048,
      "nheads": 6,
      "headdim": 32,
      "seq_len": 2048,
      "batch_eff": 1024,
      "causal": false,
      "dtype": "torch.bfloat16",
      "rep": 50,
      "fwd_time_ms": 51.94605697631836,
      "fwd_time_std_ms": 0.14399432019951483,
      "fwd_tflops": 63.4992350782614,
      "fwd_tflops_std": 0.17601969659510194,
      "bwd_time_ms": 148.4078062438965,
      "bwd_time_std_ms": 0.6353622903673626,
      "bwd_tflops": 55.56538713851613,
      "bwd_tflops_std": 0.23788608248448342
    }
  ]
}