{
  "metadata": {
    "timestamp": "2026-03-07T19:17:24.099789",
    "gpu": "NVIDIA H100 NVL",
    "pytorch_version": "2.10.0+cu130",
    "cuda_version": "13.0",
    "cudnn_version": "9.15.1",
    "cudnn_enabled": true,
    "dtype": "bfloat16",
    "causal": false,
    "nheads": 8,
    "headdim": 64,
    "col_attn_rows": 1024,
    "col_attn_cols": [
      16,
      32,
      64,
      128,
      256,
      512,
      1024,
      2048
    ],
    "row_attn_rows": [
      32,
      64,
      128,
      256,
      512,
      1024,
      2048,
      4096,
      8192,
      16384
    ],
    "row_attn_cols": 64,
    "warmup": 5,
    "rep": 50
  },
  "results": [
    {
      "attn_type": "row",
      "backend": "sdpa_efficient",
      "batch": 1,
      "rows": 32,
      "cols": 64,
      "nheads": 8,
      "headdim": 64,
      "seq_len": 32,
      "batch_eff": 64,
      "causal": false,
      "dtype": "torch.bfloat16",
      "rep": 50,
      "fwd_time_ms": 0.041525760218501094,
      "fwd_time_std_ms": 0.022861745417606452,
      "fwd_tflops": 3.232155830351339,
      "fwd_tflops_std": 1.779443009705649,
      "bwd_time_ms": 0.2406284797936678,
      "bwd_time_std_ms": 0.027126736735350716,
      "bwd_tflops": 1.3944497354914924,
      "bwd_tflops_std": 0.15720030687054434
    },
    {
      "attn_type": "row",
      "backend": "sdpa_efficient",
      "batch": 1,
      "rows": 64,
      "cols": 64,
      "nheads": 8,
      "headdim": 64,
      "seq_len": 64,
      "batch_eff": 64,
      "causal": false,
      "dtype": "torch.bfloat16",
      "rep": 50,
      "fwd_time_ms": 0.04888575971126556,
      "fwd_time_std_ms": 0.0022615689433934196,
      "fwd_tflops": 10.982153395404428,
      "fwd_tflops_std": 0.5080599585098738,
      "bwd_time_ms": 0.22471936106681828,
      "bwd_time_std_ms": 0.010696862460712574,
      "bwd_tflops": 5.972681987115991,
      "bwd_tflops_std": 0.2843055330633413
    },
    {
      "attn_type": "row",
      "backend": "sdpa_efficient",
      "batch": 1,
      "rows": 128,
      "cols": 64,
      "nheads": 8,
      "headdim": 64,
      "seq_len": 128,
      "batch_eff": 64,
      "causal": false,
      "dtype": "torch.bfloat16",
      "rep": 50,
      "fwd_time_ms": 0.08883967965841293,
      "fwd_time_std_ms": 0.0006210489604018691,
      "fwd_tflops": 24.17257306934287,
      "fwd_tflops_std": 0.16898250233089365,
      "bwd_time_ms": 0.18992256194353108,
      "bwd_time_std_ms": 0.00862035582427784,
      "bwd_tflops": 28.267884895088226,
      "bwd_tflops_std": 1.2830451722099325
    },
    {
      "attn_type": "row",
      "backend": "sdpa_efficient",
      "batch": 1,
      "rows": 256,
      "cols": 64,
      "nheads": 8,
      "headdim": 64,
      "seq_len": 256,
      "batch_eff": 64,
      "causal": false,
      "dtype": "torch.bfloat16",
      "rep": 50,
      "fwd_time_ms": 0.19789824068546294,
      "fwd_time_std_ms": 0.00044797464434949197,
      "fwd_tflops": 43.405815848826755,
      "fwd_tflops_std": 0.09825607772068518,
      "bwd_time_ms": 0.40862079679965985,
      "bwd_time_std_ms": 0.001494454906647302,
      "bwd_tflops": 52.55443836484114,
      "bwd_tflops_std": 0.1922081276713311
    },
    {
      "attn_type": "row",
      "backend": "sdpa_efficient",
      "batch": 1,
      "rows": 512,
      "cols": 64,
      "nheads": 8,
      "headdim": 64,
      "seq_len": 512,
      "batch_eff": 64,
      "causal": false,
      "dtype": "torch.bfloat16",
      "rep": 50,
      "fwd_time_ms": 0.5215238404273987,
      "fwd_time_std_ms": 0.0025744757659695314,
      "fwd_tflops": 65.88335125742582,
      "fwd_tflops_std": 0.32522979400922153,
      "bwd_time_ms": 1.2441830396652218,
      "bwd_time_std_ms": 0.014618009879444028,
      "bwd_tflops": 69.0407626381994,
      "bwd_tflops_std": 0.8111656550157679
    },
    {
      "attn_type": "row",
      "backend": "sdpa_efficient",
      "batch": 1,
      "rows": 1024,
      "cols": 64,
      "nheads": 8,
      "headdim": 64,
      "seq_len": 1024,
      "batch_eff": 64,
      "causal": false,
      "dtype": "torch.bfloat16",
      "rep": 50,
      "fwd_time_ms": 1.6300563263893124,
      "fwd_time_std_ms": 0.029525781580760857,
      "fwd_tflops": 84.31546275240487,
      "fwd_tflops_std": 1.5272355297210214,
      "bwd_time_ms": 4.252413451671601,
      "bwd_time_std_ms": 0.03629422353036119,
      "bwd_tflops": 80.80055892611611,
      "bwd_tflops_std": 0.689630389982374
    },
    {
      "attn_type": "row",
      "backend": "sdpa_efficient",
      "batch": 1,
      "rows": 2048,
      "cols": 64,
      "nheads": 8,
      "headdim": 64,
      "seq_len": 2048,
      "batch_eff": 64,
      "causal": false,
      "dtype": "torch.bfloat16",
      "rep": 50,
      "fwd_time_ms": 6.168528032302857,
      "fwd_time_std_ms": 0.29561823916035157,
      "fwd_tflops": 89.12269037428094,
      "fwd_tflops_std": 4.27108260831595,
      "bwd_time_ms": 15.816096601486207,
      "bwd_time_std_ms": 0.8201147660215699,
      "bwd_tflops": 86.89814998922374,
      "bwd_tflops_std": 4.505944655106795
    },
    {
      "attn_type": "row",
      "backend": "sdpa_efficient",
      "batch": 1,
      "rows": 4096,
      "cols": 64,
      "nheads": 8,
      "headdim": 64,
      "seq_len": 4096,
      "batch_eff": 64,
      "causal": false,
      "dtype": "torch.bfloat16",
      "rep": 50,
      "fwd_time_ms": 21.924116516113283,
      "fwd_time_std_ms": 0.5614737910188033,
      "fwd_tflops": 100.30156763378868,
      "fwd_tflops_std": 2.5687101864780675,
      "bwd_time_ms": 60.84073059082031,
      "bwd_time_std_ms": 1.4672716825540881,
      "bwd_tflops": 90.35983107851561,
      "bwd_tflops_std": 2.179172079203811
    },
    {
      "attn_type": "row",
      "backend": "sdpa_efficient",
      "batch": 1,
      "rows": 8192,
      "cols": 64,
      "nheads": 8,
      "headdim": 64,
      "seq_len": 8192,
      "batch_eff": 64,
      "causal": false,
      "dtype": "torch.bfloat16",
      "rep": 50,
      "fwd_time_ms": 85.0793133544922,
      "fwd_time_std_ms": 0.48558208073332326,
      "fwd_tflops": 103.38697710873761,
      "fwd_tflops_std": 0.5900713285732994,
      "bwd_time_ms": 243.74155151367182,
      "bwd_time_std_ms": 1.73636389019128,
      "bwd_tflops": 90.21946573720129,
      "bwd_tflops_std": 0.6427046251473408
    },
    {
      "attn_type": "row",
      "backend": "sdpa_efficient",
      "batch": 1,
      "rows": 16384,
      "cols": 64,
      "nheads": 8,
      "headdim": 64,
      "seq_len": 16384,
      "batch_eff": 64,
      "causal": false,
      "dtype": "torch.bfloat16",
      "rep": 50,
      "fwd_time_ms": 338.88325195312495,
      "fwd_time_std_ms": 1.4472481394752639,
      "fwd_tflops": 103.82446428393804,
      "fwd_tflops_std": 0.4433968391796758,
      "bwd_time_ms": 999.9044067382813,
      "bwd_time_std_ms": 3.1079485427871134,
      "bwd_tflops": 87.96933949817388,
      "bwd_tflops_std": 0.2734303185993021
    }
  ]
}