{
  "metadata": {
    "timestamp": "2026-03-07T19:29:57.981788",
    "gpu": "NVIDIA H100 NVL",
    "pytorch_version": "2.10.0+cu130",
    "cuda_version": "13.0",
    "cudnn_version": "9.15.1",
    "cudnn_enabled": true,
    "dtype": "bfloat16",
    "causal": false,
    "nheads": 32,
    "headdim": 64,
    "col_attn_rows": 1024,
    "col_attn_cols": [
      16,
      32,
      64,
      128,
      256,
      512,
      1024,
      2048
    ],
    "row_attn_rows": [
      32,
      64,
      128,
      256,
      512,
      1024,
      2048,
      4096,
      8192,
      16384
    ],
    "row_attn_cols": 64,
    "warmup": 5,
    "rep": 50
  },
  "results": [
    {
      "attn_type": "row",
      "backend": "sdpa_efficient",
      "batch": 1,
      "rows": 32,
      "cols": 64,
      "nheads": 32,
      "headdim": 64,
      "seq_len": 32,
      "batch_eff": 64,
      "causal": false,
      "dtype": "torch.bfloat16",
      "rep": 50,
      "fwd_time_ms": 0.0946886396408081,
      "fwd_time_std_ms": 0.01566768779157693,
      "fwd_tflops": 5.669855581794883,
      "fwd_tflops_std": 0.9381645719684335,
      "bwd_time_ms": 0.19078400135040285,
      "bwd_time_std_ms": 0.02074966961122985,
      "bwd_tflops": 7.0350620099160945,
      "bwd_tflops_std": 0.7651334040959161
    },
    {
      "attn_type": "row",
      "backend": "sdpa_efficient",
      "batch": 1,
      "rows": 64,
      "cols": 64,
      "nheads": 32,
      "headdim": 64,
      "seq_len": 64,
      "batch_eff": 64,
      "causal": false,
      "dtype": "torch.bfloat16",
      "rep": 50,
      "fwd_time_ms": 0.14043776005506517,
      "fwd_time_std_ms": 0.0005124179228089147,
      "fwd_tflops": 15.29135502558556,
      "fwd_tflops_std": 0.05579385754993467,
      "bwd_time_ms": 0.2074252793192864,
      "bwd_time_std_ms": 0.0011097763248923006,
      "bwd_tflops": 25.88261728569753,
      "bwd_tflops_std": 0.13847837632992205
    },
    {
      "attn_type": "row",
      "backend": "sdpa_efficient",
      "batch": 1,
      "rows": 128,
      "cols": 64,
      "nheads": 32,
      "headdim": 64,
      "seq_len": 128,
      "batch_eff": 64,
      "causal": false,
      "dtype": "torch.bfloat16",
      "rep": 50,
      "fwd_time_ms": 0.29916415929794316,
      "fwd_time_std_ms": 0.0008686475143268159,
      "fwd_tflops": 28.71311393770644,
      "fwd_tflops_std": 0.08337086604592756,
      "bwd_time_ms": 0.4752460777759551,
      "bwd_time_std_ms": 0.004476755928069164,
      "bwd_tflops": 45.186772672585555,
      "bwd_tflops_std": 0.4256534917215594
    },
    {
      "attn_type": "row",
      "backend": "sdpa_efficient",
      "batch": 1,
      "rows": 256,
      "cols": 64,
      "nheads": 32,
      "headdim": 64,
      "seq_len": 256,
      "batch_eff": 64,
      "causal": false,
      "dtype": "torch.bfloat16",
      "rep": 50,
      "fwd_time_ms": 0.7472396814823151,
      "fwd_time_std_ms": 0.008348772952248605,
      "fwd_tflops": 45.98221858325278,
      "fwd_tflops_std": 0.5137509587696188,
      "bwd_time_ms": 1.5606636893749237,
      "bwd_time_std_ms": 0.025844084029550705,
      "bwd_tflops": 55.040266845962414,
      "bwd_tflops_std": 0.9114489502512046
    },
    {
      "attn_type": "row",
      "backend": "sdpa_efficient",
      "batch": 1,
      "rows": 512,
      "cols": 64,
      "nheads": 32,
      "headdim": 64,
      "seq_len": 512,
      "batch_eff": 64,
      "causal": false,
      "dtype": "torch.bfloat16",
      "rep": 50,
      "fwd_time_ms": 2.1218265676498413,
      "fwd_time_std_ms": 0.005476251882994579,
      "fwd_tflops": 64.773886597258,
      "fwd_tflops_std": 0.16717583041671552,
      "bwd_time_ms": 5.114389109611511,
      "bwd_time_std_ms": 0.2280871270750705,
      "bwd_tflops": 67.18248774507101,
      "bwd_tflops_std": 2.9961468107172142
    },
    {
      "attn_type": "row",
      "backend": "sdpa_efficient",
      "batch": 1,
      "rows": 1024,
      "cols": 64,
      "nheads": 32,
      "headdim": 64,
      "seq_len": 1024,
      "batch_eff": 64,
      "causal": false,
      "dtype": "torch.bfloat16",
      "rep": 50,
      "fwd_time_ms": 7.447434883117677,
      "fwd_time_std_ms": 0.1619581389561969,
      "fwd_tflops": 73.81814309437223,
      "fwd_tflops_std": 1.6053109915560517,
      "bwd_time_ms": 17.469588394165044,
      "bwd_time_std_ms": 0.8354310971189415,
      "bwd_tflops": 78.67326371461935,
      "bwd_tflops_std": 3.762314803077169
    },
    {
      "attn_type": "row",
      "backend": "sdpa_efficient",
      "batch": 1,
      "rows": 2048,
      "cols": 64,
      "nheads": 32,
      "headdim": 64,
      "seq_len": 2048,
      "batch_eff": 64,
      "causal": false,
      "dtype": "torch.bfloat16",
      "rep": 50,
      "fwd_time_ms": 24.92784061431885,
      "fwd_time_std_ms": 0.515792858542604,
      "fwd_tflops": 88.21555342779489,
      "fwd_tflops_std": 1.8253066189898473,
      "bwd_time_ms": 65.58546459197999,
      "bwd_time_std_ms": 0.7997131308896792,
      "bwd_tflops": 83.82281307422895,
      "bwd_tflops_std": 1.0220893409935399
    },
    {
      "attn_type": "row",
      "backend": "sdpa_efficient",
      "batch": 1,
      "rows": 4096,
      "cols": 64,
      "nheads": 32,
      "headdim": 64,
      "seq_len": 4096,
      "batch_eff": 64,
      "causal": false,
      "dtype": "torch.bfloat16",
      "rep": 50,
      "fwd_time_ms": 91.41502319335939,
      "fwd_time_std_ms": 0.3313139694454694,
      "fwd_tflops": 96.22152590392791,
      "fwd_tflops_std": 0.34873409839758407,
      "bwd_time_ms": 252.45725402832036,
      "bwd_time_std_ms": 1.7617796229747653,
      "bwd_tflops": 87.1047759754733,
      "bwd_tflops_std": 0.6078629824602142
    },
    {
      "attn_type": "row",
      "backend": "sdpa_efficient",
      "batch": 1,
      "rows": 8192,
      "cols": 64,
      "nheads": 32,
      "headdim": 64,
      "seq_len": 8192,
      "batch_eff": 64,
      "causal": false,
      "dtype": "torch.bfloat16",
      "rep": 50,
      "fwd_time_ms": 350.20695800781255,
      "fwd_time_std_ms": 0.3678224778057646,
      "fwd_tflops": 100.46737017728555,
      "fwd_tflops_std": 0.10552091039954084,
      "bwd_time_ms": 1000.6045043945311,
      "bwd_time_std_ms": 1.0076443119690552,
      "bwd_tflops": 87.9077895769672,
      "bwd_tflops_std": 0.08852626962598324
    },
    {
      "attn_type": "row",
      "backend": "sdpa_efficient",
      "batch": 1,
      "rows": 16384,
      "cols": 64,
      "nheads": 32,
      "headdim": 64,
      "seq_len": 16384,
      "batch_eff": 64,
      "causal": false,
      "dtype": "torch.bfloat16",
      "rep": 50,
      "fwd_time_ms": 1368.2345922851564,
      "fwd_time_std_ms": 0.9588765593139126,
      "fwd_tflops": 102.86064184379036,
      "fwd_tflops_std": 0.07208607273644968,
      "bwd_time_ms": 4015.0323315429696,
      "bwd_time_std_ms": 3.5916547537062518,
      "bwd_tflops": 87.63160339311816,
      "bwd_tflops_std": 0.07839101628873776
    }
  ]
}