{
  "metadata": {
    "timestamp": "2026-03-07T20:25:50.265218",
    "gpu": "NVIDIA H100 NVL",
    "pytorch_version": "2.10.0+cu130",
    "cuda_version": "13.0",
    "cudnn_version": "9.15.1",
    "cudnn_enabled": true,
    "dtype": "bfloat16",
    "causal": false,
    "nheads": 16,
    "headdim": 128,
    "col_attn_rows": 1024,
    "col_attn_cols": [
      16,
      32,
      64,
      128,
      256,
      512,
      1024,
      2048
    ],
    "row_attn_rows": [
      32,
      64,
      128,
      256,
      512,
      1024,
      2048,
      4096,
      8192,
      16384
    ],
    "row_attn_cols": 64,
    "warmup": 5,
    "rep": 25
  },
  "results": [
    {
      "attn_type": "col",
      "backend": "fa4",
      "batch": 1,
      "rows": 1024,
      "cols": 16,
      "nheads": 16,
      "headdim": 128,
      "seq_len": 16,
      "batch_eff": 1024,
      "causal": false,
      "dtype": "torch.bfloat16",
      "rep": 25,
      "fwd_time_ms": 0.7019647979736329,
      "fwd_time_std_ms": 0.01885612627973495,
      "fwd_tflops": 3.059246922636516,
      "fwd_tflops_std": 0.08217726367568003,
      "bwd_time_ms": 1.6184064197540287,
      "bwd_time_std_ms": 0.019039213718429385,
      "bwd_tflops": 3.3172811566182223,
      "bwd_tflops_std": 0.039025070670797274
    },
    {
      "attn_type": "col",
      "backend": "fa4",
      "batch": 1,
      "rows": 1024,
      "cols": 32,
      "nheads": 16,
      "headdim": 128,
      "seq_len": 32,
      "batch_eff": 1024,
      "causal": false,
      "dtype": "torch.bfloat16",
      "rep": 25,
      "fwd_time_ms": 0.709742078781128,
      "fwd_time_std_ms": 0.0009850244486701522,
      "fwd_tflops": 12.10289603619371,
      "fwd_tflops_std": 0.016797156110340057,
      "bwd_time_ms": 1.8113254261016842,
      "bwd_time_std_ms": 0.013352747748167425,
      "bwd_tflops": 11.855868730456637,
      "bwd_tflops_std": 0.08739921728691415
    },
    {
      "attn_type": "col",
      "backend": "fa4",
      "batch": 1,
      "rows": 1024,
      "cols": 64,
      "nheads": 16,
      "headdim": 128,
      "seq_len": 64,
      "batch_eff": 1024,
      "causal": false,
      "dtype": "torch.bfloat16",
      "rep": 25,
      "fwd_time_ms": 0.7388876724243165,
      "fwd_time_std_ms": 0.0021591275314114394,
      "fwd_tflops": 46.501978108884245,
      "fwd_tflops_std": 0.13588493210416672,
      "bwd_time_ms": 2.497087993621826,
      "bwd_time_std_ms": 0.07929630001608079,
      "bwd_tflops": 34.39980735136605,
      "bwd_tflops_std": 1.0923833886497853
    },
    {
      "attn_type": "col",
      "backend": "fa4",
      "batch": 1,
      "rows": 1024,
      "cols": 128,
      "nheads": 16,
      "headdim": 128,
      "seq_len": 128,
      "batch_eff": 1024,
      "causal": false,
      "dtype": "torch.bfloat16",
      "rep": 25,
      "fwd_time_ms": 0.907548155784607,
      "fwd_time_std_ms": 0.021232709712845743,
      "fwd_tflops": 151.43984657561143,
      "fwd_tflops_std": 3.54303876968155,
      "bwd_time_ms": 4.6289535760879525,
      "bwd_time_std_ms": 0.03206029841684261,
      "bwd_tflops": 74.22787419060334,
      "bwd_tflops_std": 0.5141049177273874
    },
    {
      "attn_type": "col",
      "backend": "fa4",
      "batch": 1,
      "rows": 1024,
      "cols": 256,
      "nheads": 16,
      "headdim": 128,
      "seq_len": 256,
      "batch_eff": 1024,
      "causal": false,
      "dtype": "torch.bfloat16",
      "rep": 25,
      "fwd_time_ms": 2.7240371322631836,
      "fwd_time_std_ms": 0.07078384157900176,
      "fwd_tflops": 201.81656387013052,
      "fwd_tflops_std": 5.2441839047668415,
      "bwd_time_ms": 11.859333152770997,
      "bwd_time_std_ms": 0.755192370538519,
      "bwd_tflops": 115.89096258745936,
      "bwd_tflops_std": 7.379839121895714
    },
    {
      "attn_type": "col",
      "backend": "fa4",
      "batch": 1,
      "rows": 1024,
      "cols": 512,
      "nheads": 16,
      "headdim": 128,
      "seq_len": 512,
      "batch_eff": 1024,
      "causal": false,
      "dtype": "torch.bfloat16",
      "rep": 25,
      "fwd_time_ms": 8.150924701690675,
      "fwd_time_std_ms": 0.22151074452524058,
      "fwd_tflops": 269.7881941046365,
      "fwd_tflops_std": 7.33180417282501,
      "bwd_time_ms": 28.40980619430542,
      "bwd_time_std_ms": 1.7222528605684568,
      "bwd_tflops": 193.50917430693184,
      "bwd_tflops_std": 11.730869500375396
    },
    {
      "attn_type": "col",
      "backend": "fa4",
      "batch": 1,
      "rows": 1024,
      "cols": 1024,
      "nheads": 16,
      "headdim": 128,
      "seq_len": 1024,
      "batch_eff": 1024,
      "causal": false,
      "dtype": "torch.bfloat16",
      "rep": 25,
      "fwd_time_ms": 26.15624969482422,
      "fwd_time_std_ms": 0.9706009786745686,
      "fwd_tflops": 336.29029867949936,
      "fwd_tflops_std": 12.478994382809919,
      "bwd_time_ms": 81.05395599365234,
      "bwd_time_std_ms": 2.4459518459732936,
      "bwd_tflops": 271.30363084612605,
      "bwd_tflops_std": 8.187084868989094
    },
    {
      "attn_type": "col",
      "backend": "fa4",
      "rows": 1024,
      "cols": 2048,
      "error": "CUDA out of memory. Tried to allocate 16.25 GiB. GPU 0 has a total capacity of 93.09 GiB of which 8.39 GiB is free. Including non-PyTorch memory, this process has 84.69 GiB memory in use. Of the allocated memory 80.28 GiB is allocated by PyTorch, and 3.75 GiB is reserved by PyTorch but unallocated. If reserved but unallocated memory is large try setting PYTORCH_ALLOC_CONF=expandable_segments:True to avoid fragmentation.  See documentation for Memory Management  (https://pytorch.org/docs/stable/notes/cuda.html#environment-variables)"
    }
  ]
}