{
  "metadata": {
    "timestamp": "2026-03-07T20:24:07.239339",
    "gpu": "NVIDIA H100 NVL",
    "pytorch_version": "2.10.0+cu130",
    "cuda_version": "13.0",
    "cudnn_version": "9.15.1",
    "cudnn_enabled": true,
    "dtype": "bfloat16",
    "causal": false,
    "nheads": 8,
    "headdim": 128,
    "col_attn_rows": 1024,
    "col_attn_cols": [
      16,
      32,
      64,
      128,
      256,
      512,
      1024,
      2048
    ],
    "row_attn_rows": [
      32,
      64,
      128,
      256,
      512,
      1024,
      2048,
      4096,
      8192,
      16384
    ],
    "row_attn_cols": 64,
    "warmup": 5,
    "rep": 25
  },
  "results": [
    {
      "attn_type": "row",
      "backend": "fa4",
      "batch": 1,
      "rows": 32,
      "cols": 64,
      "nheads": 8,
      "headdim": 128,
      "seq_len": 32,
      "batch_eff": 64,
      "causal": false,
      "dtype": "torch.bfloat16",
      "rep": 25,
      "fwd_time_ms": 0.04569600015878677,
      "fwd_time_std_ms": 0.024468990254529262,
      "fwd_tflops": 5.8743753297274806,
      "fwd_tflops_std": 3.145571432840374,
      "bwd_time_ms": 0.28952959865331657,
      "bwd_time_std_ms": 0.0279258054395809,
      "bwd_tflops": 2.317858495716575,
      "bwd_tflops_std": 0.223562860892044
    },
    {
      "attn_type": "row",
      "backend": "fa4",
      "batch": 1,
      "rows": 64,
      "cols": 64,
      "nheads": 8,
      "headdim": 128,
      "seq_len": 64,
      "batch_eff": 64,
      "causal": false,
      "dtype": "torch.bfloat16",
      "rep": 25,
      "fwd_time_ms": 0.04635904014110566,
      "fwd_time_std_ms": 0.00046562079985788975,
      "fwd_tflops": 23.161433470835263,
      "fwd_tflops_std": 0.23262874178844908,
      "bwd_time_ms": 0.2796633607149124,
      "bwd_time_std_ms": 0.009513576812876366,
      "bwd_tflops": 9.598520711250478,
      "bwd_tflops_std": 0.32652208656518833
    },
    {
      "attn_type": "row",
      "backend": "fa4",
      "batch": 1,
      "rows": 128,
      "cols": 64,
      "nheads": 8,
      "headdim": 128,
      "seq_len": 128,
      "batch_eff": 64,
      "causal": false,
      "dtype": "torch.bfloat16",
      "rep": 25,
      "fwd_time_ms": 0.0633472003042698,
      "fwd_time_std_ms": 0.0005749321020245315,
      "fwd_tflops": 67.80042804370797,
      "fwd_tflops_std": 0.6153490987147004,
      "bwd_time_ms": 0.2714496003091335,
      "bwd_time_std_ms": 0.009037218918407844,
      "bwd_tflops": 39.55584472318973,
      "bwd_tflops_std": 1.3169104977826902
    },
    {
      "attn_type": "row",
      "backend": "fa4",
      "batch": 1,
      "rows": 256,
      "cols": 64,
      "nheads": 8,
      "headdim": 128,
      "seq_len": 256,
      "batch_eff": 64,
      "causal": false,
      "dtype": "torch.bfloat16",
      "rep": 25,
      "fwd_time_ms": 0.1337625592947006,
      "fwd_time_std_ms": 0.0005754953526387761,
      "fwd_tflops": 128.4355598052663,
      "fwd_tflops_std": 0.5525766565115257,
      "bwd_time_ms": 0.3424153596162796,
      "bwd_time_std_ms": 0.0011896076553056273,
      "bwd_tflops": 125.43150227878394,
      "bwd_tflops_std": 0.4357698074483002
    },
    {
      "attn_type": "row",
      "backend": "fa4",
      "batch": 1,
      "rows": 512,
      "cols": 64,
      "nheads": 8,
      "headdim": 128,
      "seq_len": 512,
      "batch_eff": 64,
      "causal": false,
      "dtype": "torch.bfloat16",
      "rep": 25,
      "fwd_time_ms": 0.2988083219528198,
      "fwd_time_std_ms": 0.001338818034069193,
      "fwd_tflops": 229.97845671396803,
      "fwd_tflops_std": 1.0304241303717012,
      "bwd_time_ms": 0.8188825511932373,
      "bwd_time_std_ms": 0.026139780821324607,
      "bwd_tflops": 209.79649839853468,
      "bwd_tflops_std": 6.696973182818461
    },
    {
      "attn_type": "row",
      "backend": "fa4",
      "batch": 1,
      "rows": 1024,
      "cols": 64,
      "nheads": 8,
      "headdim": 128,
      "seq_len": 1024,
      "batch_eff": 64,
      "causal": false,
      "dtype": "torch.bfloat16",
      "rep": 25,
      "fwd_time_ms": 0.9187776064872742,
      "fwd_time_std_ms": 0.00411205309683767,
      "fwd_tflops": 299.17784783080396,
      "fwd_tflops_std": 1.3389912716542969,
      "bwd_time_ms": 2.429534695148468,
      "bwd_time_std_ms": 0.02305440210739315,
      "bwd_tflops": 282.8503617306876,
      "bwd_tflops_std": 2.684030809925267
    },
    {
      "attn_type": "row",
      "backend": "fa4",
      "batch": 1,
      "rows": 2048,
      "cols": 64,
      "nheads": 8,
      "headdim": 128,
      "seq_len": 2048,
      "batch_eff": 64,
      "causal": false,
      "dtype": "torch.bfloat16",
      "rep": 25,
      "fwd_time_ms": 2.887795190811157,
      "fwd_time_std_ms": 0.061470918627281754,
      "fwd_tflops": 380.74432400005367,
      "fwd_tflops_std": 8.104696424760135,
      "bwd_time_ms": 7.788241949081421,
      "bwd_time_std_ms": 0.1104527460261425,
      "bwd_tflops": 352.93960914557914,
      "bwd_tflops_std": 5.0053849464859645
    },
    {
      "attn_type": "row",
      "backend": "fa4",
      "batch": 1,
      "rows": 4096,
      "cols": 64,
      "nheads": 8,
      "headdim": 128,
      "seq_len": 4096,
      "batch_eff": 64,
      "causal": false,
      "dtype": "torch.bfloat16",
      "rep": 25,
      "fwd_time_ms": 11.516779594421386,
      "fwd_time_std_ms": 0.6694197239797319,
      "fwd_tflops": 381.88162541847805,
      "fwd_tflops_std": 22.197098605967767,
      "bwd_time_ms": 27.63930362701416,
      "bwd_time_std_ms": 1.2371300069230184,
      "bwd_tflops": 397.8072829234949,
      "bwd_tflops_std": 17.80577880392624
    },
    {
      "attn_type": "row",
      "backend": "fa4",
      "batch": 1,
      "rows": 8192,
      "cols": 64,
      "nheads": 8,
      "headdim": 128,
      "seq_len": 8192,
      "batch_eff": 64,
      "causal": false,
      "dtype": "torch.bfloat16",
      "rep": 25,
      "fwd_time_ms": 40.61083038330079,
      "fwd_time_std_ms": 1.3143638828463027,
      "fwd_tflops": 433.1895181254389,
      "fwd_tflops_std": 14.020118566346667,
      "bwd_time_ms": 105.95374176025388,
      "bwd_time_std_ms": 1.965216488639606,
      "bwd_tflops": 415.0911933866055,
      "bwd_tflops_std": 7.699058513462109
    },
    {
      "attn_type": "row",
      "backend": "fa4",
      "batch": 1,
      "rows": 16384,
      "cols": 64,
      "nheads": 8,
      "headdim": 128,
      "seq_len": 16384,
      "batch_eff": 64,
      "causal": false,
      "dtype": "torch.bfloat16",
      "rep": 25,
      "fwd_time_ms": 158.1306787109375,
      "fwd_time_std_ms": 1.2981756354582774,
      "fwd_tflops": 445.0037446958531,
      "fwd_tflops_std": 3.6532633879847793,
      "bwd_time_ms": 408.68152099609375,
      "bwd_time_std_ms": 1.6473457746351676,
      "bwd_tflops": 430.4619891190077,
      "bwd_tflops_std": 1.7351402069461925
    }
  ]
}