{
  "metadata": {
    "timestamp": "2026-03-07T20:23:50.796531",
    "gpu": "NVIDIA H100 NVL",
    "pytorch_version": "2.10.0+cu130",
    "cuda_version": "13.0",
    "cudnn_version": "9.15.1",
    "cudnn_enabled": true,
    "dtype": "bfloat16",
    "causal": false,
    "nheads": 8,
    "headdim": 128,
    "col_attn_rows": 1024,
    "col_attn_cols": [
      16,
      32,
      64,
      128,
      256,
      512,
      1024,
      2048
    ],
    "row_attn_rows": [
      32,
      64,
      128,
      256,
      512,
      1024,
      2048,
      4096,
      8192,
      16384
    ],
    "row_attn_cols": 64,
    "warmup": 5,
    "rep": 25
  },
  "results": [
    {
      "attn_type": "col",
      "backend": "fa4",
      "batch": 1,
      "rows": 1024,
      "cols": 16,
      "nheads": 8,
      "headdim": 128,
      "seq_len": 16,
      "batch_eff": 1024,
      "causal": false,
      "dtype": "torch.bfloat16",
      "rep": 25,
      "fwd_time_ms": 0.35673088073730475,
      "fwd_time_std_ms": 0.015017112993198153,
      "fwd_tflops": 3.0099491857300107,
      "fwd_tflops_std": 0.12670825394333607,
      "bwd_time_ms": 0.8246758365631104,
      "bwd_time_std_ms": 0.015091004382631779,
      "bwd_tflops": 3.2550420916747362,
      "bwd_tflops_std": 0.05956504640154469
    },
    {
      "attn_type": "col",
      "backend": "fa4",
      "batch": 1,
      "rows": 1024,
      "cols": 32,
      "nheads": 8,
      "headdim": 128,
      "seq_len": 32,
      "batch_eff": 1024,
      "causal": false,
      "dtype": "torch.bfloat16",
      "rep": 25,
      "fwd_time_ms": 0.36067327976226804,
      "fwd_time_std_ms": 0.0008507672403757355,
      "fwd_tflops": 11.908193750396364,
      "fwd_tflops_std": 0.02808941416886232,
      "bwd_time_ms": 0.9216153573989869,
      "bwd_time_std_ms": 0.01048207691176796,
      "bwd_tflops": 11.650650299820844,
      "bwd_tflops_std": 0.132509741221646
    },
    {
      "attn_type": "col",
      "backend": "fa4",
      "batch": 1,
      "rows": 1024,
      "cols": 64,
      "nheads": 8,
      "headdim": 128,
      "seq_len": 64,
      "batch_eff": 1024,
      "causal": false,
      "dtype": "torch.bfloat16",
      "rep": 25,
      "fwd_time_ms": 0.3752192008495331,
      "fwd_time_std_ms": 0.0014209160250999323,
      "fwd_tflops": 45.78622081466805,
      "fwd_tflops_std": 0.173387648438639,
      "bwd_time_ms": 1.2060851204395293,
      "bwd_time_std_ms": 0.03081096572279375,
      "bwd_tflops": 35.61081405626496,
      "bwd_tflops_std": 0.9097231635263947
    },
    {
      "attn_type": "col",
      "backend": "fa4",
      "batch": 1,
      "rows": 1024,
      "cols": 128,
      "nheads": 8,
      "headdim": 128,
      "seq_len": 128,
      "batch_eff": 1024,
      "causal": false,
      "dtype": "torch.bfloat16",
      "rep": 25,
      "fwd_time_ms": 0.45134976387023934,
      "fwd_time_std_ms": 0.0040911261107560715,
      "fwd_tflops": 152.25326838933825,
      "fwd_tflops_std": 1.3800546086796015,
      "bwd_time_ms": 2.3015424060821528,
      "bwd_time_std_ms": 0.03457186437059689,
      "bwd_tflops": 74.64502560804334,
      "bwd_tflops_std": 1.1212557693663852
    },
    {
      "attn_type": "col",
      "backend": "fa4",
      "batch": 1,
      "rows": 1024,
      "cols": 256,
      "nheads": 8,
      "headdim": 128,
      "seq_len": 256,
      "batch_eff": 1024,
      "causal": false,
      "dtype": "torch.bfloat16",
      "rep": 25,
      "fwd_time_ms": 1.388846073150635,
      "fwd_time_std_ms": 0.02543670837974943,
      "fwd_tflops": 197.91819428947372,
      "fwd_tflops_std": 3.6248706667451547,
      "bwd_time_ms": 5.345335083007813,
      "bwd_time_std_ms": 0.045207962901152844,
      "bwd_tflops": 128.559717340174,
      "bwd_tflops_std": 1.0872887932830808
    },
    {
      "attn_type": "col",
      "backend": "fa4",
      "batch": 1,
      "rows": 1024,
      "cols": 512,
      "nheads": 8,
      "headdim": 128,
      "seq_len": 512,
      "batch_eff": 1024,
      "causal": false,
      "dtype": "torch.bfloat16",
      "rep": 25,
      "fwd_time_ms": 3.6612019062042234,
      "fwd_time_std_ms": 0.09521704935113512,
      "fwd_tflops": 300.314392908182,
      "fwd_tflops_std": 7.810290473720601,
      "bwd_time_ms": 15.145576963424679,
      "bwd_time_std_ms": 0.5602228669768222,
      "bwd_tflops": 181.49054843391406,
      "bwd_tflops_std": 6.713191291317608
    },
    {
      "attn_type": "col",
      "backend": "fa4",
      "batch": 1,
      "rows": 1024,
      "cols": 1024,
      "nheads": 8,
      "headdim": 128,
      "seq_len": 1024,
      "batch_eff": 1024,
      "causal": false,
      "dtype": "torch.bfloat16",
      "rep": 25,
      "fwd_time_ms": 12.591696624755862,
      "fwd_time_std_ms": 0.2787236671457786,
      "fwd_tflops": 349.2814862182461,
      "fwd_tflops_std": 7.731524956968603,
      "bwd_time_ms": 40.93588348388671,
      "bwd_time_std_ms": 1.4779046305696844,
      "bwd_tflops": 268.59359911183856,
      "bwd_tflops_std": 9.697011279236573
    },
    {
      "attn_type": "col",
      "backend": "fa4",
      "batch": 1,
      "rows": 1024,
      "cols": 2048,
      "nheads": 8,
      "headdim": 128,
      "seq_len": 2048,
      "batch_eff": 1024,
      "causal": false,
      "dtype": "torch.bfloat16",
      "rep": 25,
      "fwd_time_ms": 44.40872314453125,
      "fwd_time_std_ms": 1.3927216038711112,
      "fwd_tflops": 396.1425773751931,
      "fwd_tflops_std": 12.423602541510053,
      "bwd_time_ms": 129.93136962890622,
      "bwd_time_std_ms": 2.154172697608876,
      "bwd_tflops": 338.48996771643,
      "bwd_tflops_std": 5.611930736601915
    }
  ]
}