{
  "metadata": {
    "timestamp": "2026-03-07T20:24:57.948070",
    "gpu": "NVIDIA H100 NVL",
    "pytorch_version": "2.10.0+cu130",
    "cuda_version": "13.0",
    "cudnn_version": "9.15.1",
    "cudnn_enabled": true,
    "dtype": "bfloat16",
    "causal": false,
    "nheads": 12,
    "headdim": 128,
    "col_attn_rows": 1024,
    "col_attn_cols": [
      16,
      32,
      64,
      128,
      256,
      512,
      1024,
      2048
    ],
    "row_attn_rows": [
      32,
      64,
      128,
      256,
      512,
      1024,
      2048,
      4096,
      8192,
      16384
    ],
    "row_attn_cols": 64,
    "warmup": 5,
    "rep": 25
  },
  "results": [
    {
      "attn_type": "row",
      "backend": "fa4",
      "batch": 1,
      "rows": 32,
      "cols": 64,
      "nheads": 12,
      "headdim": 128,
      "seq_len": 32,
      "batch_eff": 64,
      "causal": false,
      "dtype": "torch.bfloat16",
      "rep": 25,
      "fwd_time_ms": 0.059037440270185475,
      "fwd_time_std_ms": 0.023065715770097812,
      "fwd_tflops": 6.820302204114092,
      "fwd_tflops_std": 2.6646675632668493,
      "bwd_time_ms": 0.27506687954068176,
      "bwd_time_std_ms": 0.02630182576748566,
      "bwd_tflops": 3.659593483886239,
      "bwd_tflops_std": 0.3499294075452874
    },
    {
      "attn_type": "row",
      "backend": "fa4",
      "batch": 1,
      "rows": 64,
      "cols": 64,
      "nheads": 12,
      "headdim": 128,
      "seq_len": 64,
      "batch_eff": 64,
      "causal": false,
      "dtype": "torch.bfloat16",
      "rep": 25,
      "fwd_time_ms": 0.06509951978921892,
      "fwd_time_std_ms": 0.0006095057412606034,
      "fwd_tflops": 24.740777523626715,
      "fwd_tflops_std": 0.23163989523620274,
      "bwd_time_ms": 0.2587788805365562,
      "bwd_time_std_ms": 0.007638350579705447,
      "bwd_tflops": 15.55973900053716,
      "bwd_tflops_std": 0.45927527458342615
    },
    {
      "attn_type": "row",
      "backend": "fa4",
      "batch": 1,
      "rows": 128,
      "cols": 64,
      "nheads": 12,
      "headdim": 128,
      "seq_len": 128,
      "batch_eff": 64,
      "causal": false,
      "dtype": "torch.bfloat16",
      "rep": 25,
      "fwd_time_ms": 0.08928639978170395,
      "fwd_time_std_ms": 0.0006243854559042707,
      "fwd_tflops": 72.15489659960674,
      "fwd_tflops_std": 0.5045837677319234,
      "bwd_time_ms": 0.23989760190248488,
      "bwd_time_std_ms": 0.003699962230701915,
      "bwd_tflops": 67.13750880488969,
      "bwd_tflops_std": 1.0354678199012715
    },
    {
      "attn_type": "row",
      "backend": "fa4",
      "batch": 1,
      "rows": 256,
      "cols": 64,
      "nheads": 12,
      "headdim": 128,
      "seq_len": 256,
      "batch_eff": 64,
      "causal": false,
      "dtype": "torch.bfloat16",
      "rep": 25,
      "fwd_time_ms": 0.19231104016304015,
      "fwd_time_std_ms": 0.000733324956882629,
      "fwd_tflops": 134.0006468383329,
      "fwd_tflops_std": 0.510974401062235,
      "bwd_time_ms": 0.502273279428482,
      "bwd_time_std_ms": 0.0029378430380715337,
      "bwd_tflops": 128.2658506407234,
      "bwd_tflops_std": 0.7502388674865352
    },
    {
      "attn_type": "row",
      "backend": "fa4",
      "batch": 1,
      "rows": 512,
      "cols": 64,
      "nheads": 12,
      "headdim": 128,
      "seq_len": 512,
      "batch_eff": 64,
      "causal": false,
      "dtype": "torch.bfloat16",
      "rep": 25,
      "fwd_time_ms": 0.4454387187957764,
      "fwd_time_std_ms": 0.0018841999915934185,
      "fwd_tflops": 231.41054146049547,
      "fwd_tflops_std": 0.9788635829711091,
      "bwd_time_ms": 1.2801228809356688,
      "bwd_time_std_ms": 0.03251071533078059,
      "bwd_tflops": 201.30726635527603,
      "bwd_tflops_std": 5.112511718961219
    },
    {
      "attn_type": "row",
      "backend": "fa4",
      "batch": 1,
      "rows": 1024,
      "cols": 64,
      "nheads": 12,
      "headdim": 128,
      "seq_len": 1024,
      "batch_eff": 64,
      "causal": false,
      "dtype": "torch.bfloat16",
      "rep": 25,
      "fwd_time_ms": 1.395736322402954,
      "fwd_time_std_ms": 0.007820482385792252,
      "fwd_tflops": 295.41171480451214,
      "fwd_tflops_std": 1.6552281939671343,
      "bwd_time_ms": 3.6074636936187745,
      "bwd_time_std_ms": 0.02229859865271244,
      "bwd_tflops": 285.73874571859545,
      "bwd_tflops_std": 1.7662197464603904
    },
    {
      "attn_type": "row",
      "backend": "fa4",
      "batch": 1,
      "rows": 2048,
      "cols": 64,
      "nheads": 12,
      "headdim": 128,
      "seq_len": 2048,
      "batch_eff": 64,
      "causal": false,
      "dtype": "torch.bfloat16",
      "rep": 25,
      "fwd_time_ms": 4.39699073791504,
      "fwd_time_std_ms": 0.10327565804452124,
      "fwd_tflops": 375.0900422514986,
      "fwd_tflops_std": 8.810041514401592,
      "bwd_time_ms": 12.458004379272461,
      "bwd_time_std_ms": 0.8588749221213812,
      "bwd_tflops": 330.9654161801467,
      "bwd_tflops_std": 22.817289783549946
    },
    {
      "attn_type": "row",
      "backend": "fa4",
      "batch": 1,
      "rows": 4096,
      "cols": 64,
      "nheads": 12,
      "headdim": 128,
      "seq_len": 4096,
      "batch_eff": 64,
      "causal": false,
      "dtype": "torch.bfloat16",
      "rep": 25,
      "fwd_time_ms": 16.474025077819825,
      "fwd_time_std_ms": 0.8261939954467784,
      "fwd_tflops": 400.45281802673196,
      "fwd_tflops_std": 20.083234798451112,
      "bwd_time_ms": 42.66808032989503,
      "bwd_time_std_ms": 1.4548706662217823,
      "bwd_tflops": 386.5342497043287,
      "bwd_tflops_std": 13.179813505480407
    },
    {
      "attn_type": "row",
      "backend": "fa4",
      "batch": 1,
      "rows": 8192,
      "cols": 64,
      "nheads": 12,
      "headdim": 128,
      "seq_len": 8192,
      "batch_eff": 64,
      "causal": false,
      "dtype": "torch.bfloat16",
      "rep": 25,
      "fwd_time_ms": 61.436422424316405,
      "fwd_time_std_ms": 1.5001477316564784,
      "fwd_tflops": 429.52174012299866,
      "fwd_tflops_std": 10.488014091908273,
      "bwd_time_ms": 158.9926669311523,
      "bwd_time_std_ms": 1.743794656747243,
      "bwd_tflops": 414.92918472225455,
      "bwd_tflops_std": 4.550846961768825
    },
    {
      "attn_type": "row",
      "backend": "fa4",
      "batch": 1,
      "rows": 16384,
      "cols": 64,
      "nheads": 12,
      "headdim": 128,
      "seq_len": 16384,
      "batch_eff": 64,
      "causal": false,
      "dtype": "torch.bfloat16",
      "rep": 25,
      "fwd_time_ms": 239.16685485839844,
      "fwd_time_std_ms": 2.0654346934318735,
      "fwd_tflops": 441.3367242253947,
      "fwd_tflops_std": 3.811365008083585,
      "bwd_time_ms": 610.1250299072267,
      "bwd_time_std_ms": 2.1942895176203536,
      "bwd_tflops": 432.5060892951155,
      "bwd_tflops_std": 1.5554903200603858
    }
  ]
}