{
  "metadata": {
    "timestamp": "2026-03-07T20:26:06.313041",
    "gpu": "NVIDIA H100 NVL",
    "pytorch_version": "2.10.0+cu130",
    "cuda_version": "13.0",
    "cudnn_version": "9.15.1",
    "cudnn_enabled": true,
    "dtype": "bfloat16",
    "causal": false,
    "nheads": 16,
    "headdim": 128,
    "col_attn_rows": 1024,
    "col_attn_cols": [
      16,
      32,
      64,
      128,
      256,
      512,
      1024,
      2048
    ],
    "row_attn_rows": [
      32,
      64,
      128,
      256,
      512,
      1024,
      2048,
      4096,
      8192,
      16384
    ],
    "row_attn_cols": 64,
    "warmup": 5,
    "rep": 25
  },
  "results": [
    {
      "attn_type": "row",
      "backend": "fa4",
      "batch": 1,
      "rows": 32,
      "cols": 64,
      "nheads": 16,
      "headdim": 128,
      "seq_len": 32,
      "batch_eff": 64,
      "causal": false,
      "dtype": "torch.bfloat16",
      "rep": 25,
      "fwd_time_ms": 0.07406336009502411,
      "fwd_time_std_ms": 0.022112627840465065,
      "fwd_tflops": 7.248805769967615,
      "fwd_tflops_std": 2.164229979215845,
      "bwd_time_ms": 0.2621196800470353,
      "bwd_time_std_ms": 0.025753566853566192,
      "bwd_tflops": 5.120475043152642,
      "bwd_tflops_std": 0.5030926953755844
    },
    {
      "attn_type": "row",
      "backend": "fa4",
      "batch": 1,
      "rows": 64,
      "cols": 64,
      "nheads": 16,
      "headdim": 128,
      "seq_len": 64,
      "batch_eff": 64,
      "causal": false,
      "dtype": "torch.bfloat16",
      "rep": 25,
      "fwd_time_ms": 0.08304767996072769,
      "fwd_time_std_ms": 0.0006975866698851959,
      "fwd_tflops": 25.858442391353023,
      "fwd_tflops_std": 0.21720660618974955,
      "bwd_time_ms": 0.25125119775533683,
      "bwd_time_std_ms": 0.010812076838780809,
      "bwd_tflops": 21.367894632796684,
      "bwd_tflops_std": 0.9195232528910897
    },
    {
      "attn_type": "row",
      "backend": "fa4",
      "batch": 1,
      "rows": 128,
      "cols": 64,
      "nheads": 16,
      "headdim": 128,
      "seq_len": 128,
      "batch_eff": 64,
      "causal": false,
      "dtype": "torch.bfloat16",
      "rep": 25,
      "fwd_time_ms": 0.11400832027196883,
      "fwd_time_std_ms": 0.0007977332877610887,
      "fwd_tflops": 75.34480440996379,
      "fwd_tflops_std": 0.5271988780669247,
      "bwd_time_ms": 0.30923519641160957,
      "bwd_time_std_ms": 0.0013618671364685818,
      "bwd_tflops": 69.4449943900169,
      "bwd_tflops_std": 0.30583470688156905
    },
    {
      "attn_type": "row",
      "backend": "fa4",
      "batch": 1,
      "rows": 256,
      "cols": 64,
      "nheads": 16,
      "headdim": 128,
      "seq_len": 256,
      "batch_eff": 64,
      "causal": false,
      "dtype": "torch.bfloat16",
      "rep": 25,
      "fwd_time_ms": 0.2502937608957291,
      "fwd_time_std_ms": 0.0006386360934022366,
      "fwd_tflops": 137.27764625469055,
      "fwd_tflops_std": 0.35027025604554624,
      "bwd_time_ms": 0.6710131186246873,
      "bwd_time_std_ms": 0.011440314109156809,
      "bwd_tflops": 128.0144061804035,
      "bwd_tflops_std": 2.1825579508828388
    },
    {
      "attn_type": "row",
      "backend": "fa4",
      "batch": 1,
      "rows": 512,
      "cols": 64,
      "nheads": 16,
      "headdim": 128,
      "seq_len": 512,
      "batch_eff": 64,
      "causal": false,
      "dtype": "torch.bfloat16",
      "rep": 25,
      "fwd_time_ms": 0.6356723213195802,
      "fwd_time_std_ms": 0.0007407016603510705,
      "fwd_tflops": 216.21037893657703,
      "fwd_tflops_std": 0.25193386795733025,
      "bwd_time_ms": 1.6859135913848875,
      "bwd_time_std_ms": 0.037529012738103704,
      "bwd_tflops": 203.80486012794594,
      "bwd_tflops_std": 4.53676584073696
    },
    {
      "attn_type": "row",
      "backend": "fa4",
      "batch": 1,
      "rows": 1024,
      "cols": 64,
      "nheads": 16,
      "headdim": 128,
      "seq_len": 1024,
      "batch_eff": 64,
      "causal": false,
      "dtype": "torch.bfloat16",
      "rep": 25,
      "fwd_time_ms": 1.9107609367370606,
      "fwd_time_std_ms": 0.016733981119468694,
      "fwd_tflops": 287.7156442327101,
      "fwd_tflops_std": 2.519743870516693,
      "bwd_time_ms": 4.73576837539673,
      "bwd_time_std_ms": 0.02985776710715796,
      "bwd_tflops": 290.2146865670691,
      "bwd_tflops_std": 1.829726843824047
    },
    {
      "attn_type": "row",
      "backend": "fa4",
      "batch": 1,
      "rows": 2048,
      "cols": 64,
      "nheads": 16,
      "headdim": 128,
      "seq_len": 2048,
      "batch_eff": 64,
      "causal": false,
      "dtype": "torch.bfloat16",
      "rep": 25,
      "fwd_time_ms": 5.840883197784423,
      "fwd_time_std_ms": 0.13254346555704902,
      "fwd_tflops": 376.48814076373554,
      "fwd_tflops_std": 8.54340708899712,
      "bwd_time_ms": 17.528868923187257,
      "bwd_time_std_ms": 0.8004221362115767,
      "bwd_tflops": 313.6288007498195,
      "bwd_tflops_std": 14.32125688050384
    },
    {
      "attn_type": "row",
      "backend": "fa4",
      "batch": 1,
      "rows": 4096,
      "cols": 64,
      "nheads": 16,
      "headdim": 128,
      "seq_len": 4096,
      "batch_eff": 64,
      "causal": false,
      "dtype": "torch.bfloat16",
      "rep": 25,
      "fwd_time_ms": 21.77615348815918,
      "fwd_time_std_ms": 0.8791108326729785,
      "fwd_tflops": 403.93235779637985,
      "fwd_tflops_std": 16.306888707366152,
      "bwd_time_ms": 57.332252883911124,
      "bwd_time_std_ms": 1.94832658495707,
      "bwd_tflops": 383.5577959939372,
      "bwd_tflops_std": 13.034475591177026
    },
    {
      "attn_type": "row",
      "backend": "fa4",
      "batch": 1,
      "rows": 8192,
      "cols": 64,
      "nheads": 16,
      "headdim": 128,
      "seq_len": 8192,
      "batch_eff": 64,
      "causal": false,
      "dtype": "torch.bfloat16",
      "rep": 25,
      "fwd_time_ms": 81.85906524658203,
      "fwd_time_std_ms": 1.6149692563866378,
      "fwd_tflops": 429.81644101171923,
      "fwd_tflops_std": 8.479700275497963,
      "bwd_time_ms": 213.00927947998045,
      "bwd_time_std_ms": 2.061125114694265,
      "bwd_tflops": 412.9441235462559,
      "bwd_tflops_std": 3.995739087444744
    },
    {
      "attn_type": "row",
      "backend": "fa4",
      "batch": 1,
      "rows": 16384,
      "cols": 64,
      "nheads": 16,
      "headdim": 128,
      "seq_len": 16384,
      "batch_eff": 64,
      "causal": false,
      "dtype": "torch.bfloat16",
      "rep": 25,
      "fwd_time_ms": 318.7288244628907,
      "fwd_time_std_ms": 1.9123183795164933,
      "fwd_tflops": 441.55870932757114,
      "fwd_tflops_std": 2.649276659886806,
      "bwd_time_ms": 819.8164489746093,
      "bwd_time_std_ms": 2.5472754714224406,
      "bwd_tflops": 429.1737758231013,
      "bwd_tflops_std": 1.333498289158867
    }
  ]
}