{
  "metadata": {
    "timestamp": "2026-03-07T20:24:44.107904",
    "gpu": "NVIDIA H100 NVL",
    "pytorch_version": "2.10.0+cu130",
    "cuda_version": "13.0",
    "cudnn_version": "9.15.1",
    "cudnn_enabled": true,
    "dtype": "bfloat16",
    "causal": false,
    "nheads": 12,
    "headdim": 128,
    "col_attn_rows": 1024,
    "col_attn_cols": [
      16,
      32,
      64,
      128,
      256,
      512,
      1024,
      2048
    ],
    "row_attn_rows": [
      32,
      64,
      128,
      256,
      512,
      1024,
      2048,
      4096,
      8192,
      16384
    ],
    "row_attn_cols": 64,
    "warmup": 5,
    "rep": 25
  },
  "results": [
    {
      "attn_type": "col",
      "backend": "fa4",
      "batch": 1,
      "rows": 1024,
      "cols": 16,
      "nheads": 12,
      "headdim": 128,
      "seq_len": 16,
      "batch_eff": 1024,
      "causal": false,
      "dtype": "torch.bfloat16",
      "rep": 25,
      "fwd_time_ms": 0.538158082962036,
      "fwd_time_std_ms": 0.016469456211156006,
      "fwd_tflops": 2.9928245751418348,
      "fwd_tflops_std": 0.09159054718025514,
      "bwd_time_ms": 1.2204800033569336,
      "bwd_time_std_ms": 0.016756329834232152,
      "bwd_tflops": 3.2991379038779933,
      "bwd_tflops_std": 0.045294837059144916
    },
    {
      "attn_type": "col",
      "backend": "fa4",
      "batch": 1,
      "rows": 1024,
      "cols": 32,
      "nheads": 12,
      "headdim": 128,
      "seq_len": 32,
      "batch_eff": 1024,
      "causal": false,
      "dtype": "torch.bfloat16",
      "rep": 25,
      "fwd_time_ms": 0.5395724797248841,
      "fwd_time_std_ms": 0.0009217287157489468,
      "fwd_tflops": 11.939917594175414,
      "fwd_tflops_std": 0.020396453347359282,
      "bwd_time_ms": 1.374460155963898,
      "bwd_time_std_ms": 0.01059429327996083,
      "bwd_tflops": 11.71814787799716,
      "bwd_tflops_std": 0.09032309505573867
    },
    {
      "attn_type": "col",
      "backend": "fa4",
      "batch": 1,
      "rows": 1024,
      "cols": 64,
      "nheads": 12,
      "headdim": 128,
      "seq_len": 64,
      "batch_eff": 1024,
      "causal": false,
      "dtype": "torch.bfloat16",
      "rep": 25,
      "fwd_time_ms": 0.5587289619445801,
      "fwd_time_std_ms": 0.0014399999461941215,
      "fwd_tflops": 46.122190777996735,
      "fwd_tflops_std": 0.11886971458848065,
      "bwd_time_ms": 1.8415065383911131,
      "bwd_time_std_ms": 0.05482590629725306,
      "bwd_tflops": 34.984675914475105,
      "bwd_tflops_std": 1.0415746691850218
    },
    {
      "attn_type": "col",
      "backend": "fa4",
      "batch": 1,
      "rows": 1024,
      "cols": 128,
      "nheads": 12,
      "headdim": 128,
      "seq_len": 128,
      "batch_eff": 1024,
      "causal": false,
      "dtype": "torch.bfloat16",
      "rep": 25,
      "fwd_time_ms": 0.7112281560897827,
      "fwd_time_std_ms": 0.0016823939643287825,
      "fwd_tflops": 144.9312913463843,
      "fwd_tflops_std": 0.3428316605800304,
      "bwd_time_ms": 3.4363673639297483,
      "bwd_time_std_ms": 0.039856016343635337,
      "bwd_tflops": 74.99141112354839,
      "bwd_tflops_std": 0.8697728126350358
    },
    {
      "attn_type": "col",
      "backend": "fa4",
      "batch": 1,
      "rows": 1024,
      "cols": 256,
      "nheads": 12,
      "headdim": 128,
      "seq_len": 256,
      "batch_eff": 1024,
      "causal": false,
      "dtype": "torch.bfloat16",
      "rep": 25,
      "fwd_time_ms": 2.0588198375701907,
      "fwd_time_std_ms": 0.020819443791405146,
      "fwd_tflops": 200.26854846250868,
      "fwd_tflops_std": 2.025179528492545,
      "bwd_time_ms": 8.063069429397585,
      "bwd_time_std_ms": 0.11518937812899303,
      "bwd_tflops": 127.84116025117912,
      "bwd_tflops_std": 1.826344654175015
    },
    {
      "attn_type": "col",
      "backend": "fa4",
      "batch": 1,
      "rows": 1024,
      "cols": 512,
      "nheads": 12,
      "headdim": 128,
      "seq_len": 512,
      "batch_eff": 1024,
      "causal": false,
      "dtype": "torch.bfloat16",
      "rep": 25,
      "fwd_time_ms": 6.141588439941407,
      "fwd_time_std_ms": 0.19663312041104117,
      "fwd_tflops": 268.54086003843895,
      "fwd_tflops_std": 8.597780164462907,
      "bwd_time_ms": 20.61607582092285,
      "bwd_time_std_ms": 1.0844729890389153,
      "bwd_tflops": 199.99774156706766,
      "bwd_tflops_std": 10.520535066045444
    },
    {
      "attn_type": "col",
      "backend": "fa4",
      "batch": 1,
      "rows": 1024,
      "cols": 1024,
      "nheads": 12,
      "headdim": 128,
      "seq_len": 1024,
      "batch_eff": 1024,
      "causal": false,
      "dtype": "torch.bfloat16",
      "rep": 25,
      "fwd_time_ms": 19.812166442871092,
      "fwd_time_std_ms": 0.5990130566240432,
      "fwd_tflops": 332.9807361390197,
      "fwd_tflops_std": 10.067541534476094,
      "bwd_time_ms": 60.12340728759767,
      "bwd_time_std_ms": 1.8107852512286287,
      "bwd_tflops": 274.31370177920917,
      "bwd_tflops_std": 8.261727466902647
    },
    {
      "attn_type": "col",
      "backend": "fa4",
      "rows": 1024,
      "cols": 2048,
      "error": "CUDA out of memory. Tried to allocate 12.19 GiB. GPU 0 has a total capacity of 93.09 GiB of which 11.20 GiB is free. Including non-PyTorch memory, this process has 81.88 GiB memory in use. Of the allocated memory 78.47 GiB is allocated by PyTorch, and 2.75 GiB is reserved by PyTorch but unallocated. If reserved but unallocated memory is large try setting PYTORCH_ALLOC_CONF=expandable_segments:True to avoid fragmentation.  See documentation for Memory Management  (https://pytorch.org/docs/stable/notes/cuda.html#environment-variables)"
    }
  ]
}