{
  "metadata": {
    "timestamp": "2026-03-10T11:58:51.080554",
    "gpu": "NVIDIA H100 NVL",
    "pytorch_version": "2.8.0+cu128",
    "cuda_version": "12.8",
    "cudnn_version": "9.10.2",
    "cudnn_enabled": true,
    "dtype": "bfloat16",
    "causal": false,
    "nheads": 6,
    "headdim": 32,
    "col_attn_rows": 1024,
    "col_attn_cols": [
      16,
      32,
      64,
      128,
      256,
      512,
      1024,
      2048
    ],
    "row_attn_rows": [
      32,
      64,
      128,
      256,
      512,
      1024,
      2048,
      4096,
      8192,
      16384
    ],
    "row_attn_cols": 64,
    "warmup": 5,
    "rep": 50
  },
  "results": [
    {
      "attn_type": "row",
      "backend": "fa2",
      "batch": 1,
      "rows": 32,
      "cols": 64,
      "nheads": 6,
      "headdim": 32,
      "seq_len": 32,
      "batch_eff": 64,
      "causal": false,
      "dtype": "torch.bfloat16",
      "rep": 50,
      "fwd_time_ms": 0.07690687969326973,
      "fwd_time_std_ms": 0.019487175978417023,
      "fwd_tflops": 0.6544492274389416,
      "fwd_tflops_std": 0.16582869198316721,
      "bwd_time_ms": 0.32192896112799646,
      "bwd_time_std_ms": 0.022687262235960497,
      "bwd_tflops": 0.3908598951741136,
      "bwd_tflops_std": 0.027545023934051963
    },
    {
      "attn_type": "row",
      "backend": "fa2",
      "batch": 1,
      "rows": 64,
      "cols": 64,
      "nheads": 6,
      "headdim": 32,
      "seq_len": 64,
      "batch_eff": 64,
      "causal": false,
      "dtype": "torch.bfloat16",
      "rep": 50,
      "fwd_time_ms": 0.07225600019097328,
      "fwd_time_std_ms": 0.00754666975719988,
      "fwd_tflops": 2.7862958296597093,
      "fwd_tflops_std": 0.29101049624570763,
      "bwd_time_ms": 0.3178847984969616,
      "bwd_time_std_ms": 0.012949721858609823,
      "bwd_tflops": 1.5833298175307704,
      "bwd_tflops_std": 0.06450034995197448
    },
    {
      "attn_type": "row",
      "backend": "fa2",
      "batch": 1,
      "rows": 128,
      "cols": 64,
      "nheads": 6,
      "headdim": 32,
      "seq_len": 128,
      "batch_eff": 64,
      "causal": false,
      "dtype": "torch.bfloat16",
      "rep": 50,
      "fwd_time_ms": 0.0727724799513817,
      "fwd_time_std_ms": 0.007502623539236529,
      "fwd_tflops": 11.066083889651889,
      "fwd_tflops_std": 1.1408799251191664,
      "bwd_time_ms": 0.3199769601225853,
      "bwd_time_std_ms": 0.012657423970390547,
      "bwd_tflops": 6.291909015038784,
      "bwd_tflops_std": 0.24889092000860907
    },
    {
      "attn_type": "row",
      "backend": "fa2",
      "batch": 1,
      "rows": 256,
      "cols": 64,
      "nheads": 6,
      "headdim": 32,
      "seq_len": 256,
      "batch_eff": 64,
      "causal": false,
      "dtype": "torch.bfloat16",
      "rep": 50,
      "fwd_time_ms": 0.07563584029674529,
      "fwd_time_std_ms": 0.005958468658076605,
      "fwd_tflops": 42.588612215611406,
      "fwd_tflops_std": 3.3550617019933973,
      "bwd_time_ms": 0.3170028811693192,
      "bwd_time_std_ms": 0.014908600297608958,
      "bwd_tflops": 25.403755481006677,
      "bwd_tflops_std": 1.1947349977624644
    },
    {
      "attn_type": "row",
      "backend": "fa2",
      "batch": 1,
      "rows": 512,
      "cols": 64,
      "nheads": 6,
      "headdim": 32,
      "seq_len": 512,
      "batch_eff": 64,
      "causal": false,
      "dtype": "torch.bfloat16",
      "rep": 50,
      "fwd_time_ms": 0.1627980813384056,
      "fwd_time_std_ms": 0.0005356218629977961,
      "fwd_tflops": 79.14652176530493,
      "fwd_tflops_std": 0.2603999204978801,
      "bwd_time_ms": 0.31432960003614424,
      "bwd_time_std_ms": 0.0010615255478414866,
      "bwd_tflops": 102.47922790693579,
      "bwd_tflops_std": 0.3460835967524969
    },
    {
      "attn_type": "row",
      "backend": "fa2",
      "batch": 1,
      "rows": 1024,
      "cols": 64,
      "nheads": 6,
      "headdim": 32,
      "seq_len": 1024,
      "batch_eff": 64,
      "causal": false,
      "dtype": "torch.bfloat16",
      "rep": 50,
      "fwd_time_ms": 0.4308326399326325,
      "fwd_time_std_ms": 0.0009606453301880079,
      "fwd_tflops": 119.62790832203204,
      "fwd_tflops_std": 0.26673928769112937,
      "bwd_time_ms": 0.9588838350772859,
      "bwd_time_std_ms": 0.010770471547235434,
      "bwd_tflops": 134.37396081415304,
      "bwd_tflops_std": 1.5093287306501673
    },
    {
      "attn_type": "row",
      "backend": "fa2",
      "batch": 1,
      "rows": 2048,
      "cols": 64,
      "nheads": 6,
      "headdim": 32,
      "seq_len": 2048,
      "batch_eff": 64,
      "causal": false,
      "dtype": "torch.bfloat16",
      "rep": 50,
      "fwd_time_ms": 1.3483897566795346,
      "fwd_time_std_ms": 0.01993273451776719,
      "fwd_tflops": 152.89231410039307,
      "fwd_tflops_std": 2.2601491087228034,
      "bwd_time_ms": 3.2582867360115055,
      "bwd_time_std_ms": 0.02126286591922043,
      "bwd_tflops": 158.1800858174012,
      "bwd_tflops_std": 1.0322486104900948
    },
    {
      "attn_type": "row",
      "backend": "fa2",
      "batch": 1,
      "rows": 4096,
      "cols": 64,
      "nheads": 6,
      "headdim": 32,
      "seq_len": 4096,
      "batch_eff": 64,
      "causal": false,
      "dtype": "torch.bfloat16",
      "rep": 50,
      "fwd_time_ms": 4.7300998306274415,
      "fwd_time_std_ms": 0.06773034525785458,
      "fwd_tflops": 174.33748765564923,
      "fwd_tflops_std": 2.496340173170885,
      "bwd_time_ms": 12.122231063842774,
      "bwd_time_std_ms": 0.5411386499107051,
      "bwd_tflops": 170.06640866870865,
      "bwd_tflops_std": 7.591796122138401
    },
    {
      "attn_type": "row",
      "backend": "fa2",
      "batch": 1,
      "rows": 8192,
      "cols": 64,
      "nheads": 6,
      "headdim": 32,
      "seq_len": 8192,
      "batch_eff": 64,
      "causal": false,
      "dtype": "torch.bfloat16",
      "rep": 50,
      "fwd_time_ms": 17.754302711486815,
      "fwd_time_std_ms": 0.45905833572643195,
      "fwd_tflops": 185.78791501588447,
      "fwd_tflops_std": 4.803764611386046,
      "bwd_time_ms": 45.61934246063233,
      "bwd_time_std_ms": 0.8183538103255372,
      "bwd_tflops": 180.76405234109325,
      "bwd_tflops_std": 3.2426804733293837
    },
    {
      "attn_type": "row",
      "backend": "fa2",
      "batch": 1,
      "rows": 16384,
      "cols": 64,
      "nheads": 6,
      "headdim": 32,
      "seq_len": 16384,
      "batch_eff": 64,
      "causal": false,
      "dtype": "torch.bfloat16",
      "rep": 50,
      "fwd_time_ms": 68.26343521118164,
      "fwd_time_std_ms": 0.9417032909449788,
      "fwd_tflops": 193.28267750508374,
      "fwd_tflops_std": 2.666360591524701,
      "bwd_time_ms": 179.64053848266605,
      "bwd_time_std_ms": 1.3669268249906126,
      "bwd_tflops": 183.61862590643946,
      "bwd_tflops_std": 1.3971970215600713
    }
  ]
}