{
  "metadata": {
    "timestamp": "2026-03-10T11:58:33.423565",
    "gpu": "NVIDIA H100 NVL",
    "pytorch_version": "2.8.0+cu128",
    "cuda_version": "12.8",
    "cudnn_version": "9.10.2",
    "cudnn_enabled": true,
    "dtype": "bfloat16",
    "causal": false,
    "nheads": 6,
    "headdim": 32,
    "col_attn_rows": 1024,
    "col_attn_cols": [
      16,
      32,
      64,
      128,
      256,
      512,
      1024,
      2048
    ],
    "row_attn_rows": [
      32,
      64,
      128,
      256,
      512,
      1024,
      2048,
      4096,
      8192,
      16384
    ],
    "row_attn_cols": 64,
    "warmup": 5,
    "rep": 50
  },
  "results": [
    {
      "attn_type": "col",
      "backend": "fa2",
      "batch": 1,
      "rows": 1024,
      "cols": 16,
      "nheads": 6,
      "headdim": 32,
      "seq_len": 16,
      "batch_eff": 1024,
      "causal": false,
      "dtype": "torch.bfloat16",
      "rep": 50,
      "fwd_time_ms": 0.12543680027127266,
      "fwd_time_std_ms": 0.024410441086009593,
      "fwd_tflops": 1.6050042058200324,
      "fwd_tflops_std": 0.3123394452364726,
      "bwd_time_ms": 0.4000083212554455,
      "bwd_time_std_ms": 0.02441814286438004,
      "bwd_tflops": 1.25826502413829,
      "bwd_tflops_std": 0.07680963992006727
    },
    {
      "attn_type": "col",
      "backend": "fa2",
      "batch": 1,
      "rows": 1024,
      "cols": 32,
      "nheads": 6,
      "headdim": 32,
      "seq_len": 32,
      "batch_eff": 1024,
      "causal": false,
      "dtype": "torch.bfloat16",
      "rep": 50,
      "fwd_time_ms": 0.12553920045495034,
      "fwd_time_std_ms": 0.0004672108136206159,
      "fwd_tflops": 6.4147801251050955,
      "fwd_tflops_std": 0.02387345650272163,
      "bwd_time_ms": 0.4293465553224087,
      "bwd_time_std_ms": 0.0011000931602124177,
      "bwd_tflops": 4.689139565794772,
      "bwd_tflops_std": 0.012014747293683528
    },
    {
      "attn_type": "col",
      "backend": "fa2",
      "batch": 1,
      "rows": 1024,
      "cols": 64,
      "nheads": 6,
      "headdim": 32,
      "seq_len": 64,
      "batch_eff": 1024,
      "causal": false,
      "dtype": "torch.bfloat16",
      "rep": 50,
      "fwd_time_ms": 0.13824063986539842,
      "fwd_time_std_ms": 0.0013891016282728235,
      "fwd_tflops": 23.30158103388721,
      "fwd_tflops_std": 0.23414434559200584,
      "bwd_time_ms": 0.498168959915638,
      "bwd_time_std_ms": 0.0017064192060539803,
      "bwd_tflops": 16.16532608005874,
      "bwd_tflops_std": 0.055372424046269096
    },
    {
      "attn_type": "col",
      "backend": "fa2",
      "batch": 1,
      "rows": 1024,
      "cols": 128,
      "nheads": 6,
      "headdim": 32,
      "seq_len": 128,
      "batch_eff": 1024,
      "causal": false,
      "dtype": "torch.bfloat16",
      "rep": 50,
      "fwd_time_ms": 0.14970687925815584,
      "fwd_time_std_ms": 0.0008894758358427983,
      "fwd_tflops": 86.06753378233985,
      "fwd_tflops_std": 0.5113658899933579,
      "bwd_time_ms": 0.6249849599599839,
      "bwd_time_std_ms": 0.004329871683535609,
      "bwd_tflops": 51.540847834262216,
      "bwd_tflops_std": 0.3570730047604317
    },
    {
      "attn_type": "col",
      "backend": "fa2",
      "batch": 1,
      "rows": 1024,
      "cols": 256,
      "nheads": 6,
      "headdim": 32,
      "seq_len": 256,
      "batch_eff": 1024,
      "causal": false,
      "dtype": "torch.bfloat16",
      "rep": 50,
      "fwd_time_ms": 0.3987897604703904,
      "fwd_time_std_ms": 0.001845549996182303,
      "fwd_tflops": 129.2400474154771,
      "fwd_tflops_std": 0.598107054536432,
      "bwd_time_ms": 1.566328952908516,
      "bwd_time_std_ms": 0.007459011301730167,
      "bwd_tflops": 82.26178711741251,
      "bwd_tflops_std": 0.3917386566020648
    },
    {
      "attn_type": "col",
      "backend": "fa2",
      "batch": 1,
      "rows": 1024,
      "cols": 512,
      "nheads": 6,
      "headdim": 32,
      "seq_len": 512,
      "batch_eff": 1024,
      "causal": false,
      "dtype": "torch.bfloat16",
      "rep": 50,
      "fwd_time_ms": 1.3394444799423215,
      "fwd_time_std_ms": 0.015501375851096153,
      "fwd_tflops": 153.913382223112,
      "fwd_tflops_std": 1.7812378355963057,
      "bwd_time_ms": 4.4581075143814095,
      "bwd_time_std_ms": 0.018939664487724165,
      "bwd_tflops": 115.60871375519406,
      "bwd_tflops_std": 0.4911479239379754
    },
    {
      "attn_type": "col",
      "backend": "fa2",
      "batch": 1,
      "rows": 1024,
      "cols": 1024,
      "nheads": 6,
      "headdim": 32,
      "seq_len": 1024,
      "batch_eff": 1024,
      "causal": false,
      "dtype": "torch.bfloat16",
      "rep": 50,
      "fwd_time_ms": 5.135512971878051,
      "fwd_time_std_ms": 0.2435158826924482,
      "fwd_tflops": 160.57475180136336,
      "fwd_tflops_std": 7.6141376016678715,
      "bwd_time_ms": 14.26690360069275,
      "bwd_time_std_ms": 0.7243044907237796,
      "bwd_tflops": 144.50117276883378,
      "bwd_tflops_std": 7.336059125417864
    },
    {
      "attn_type": "col",
      "backend": "fa2",
      "batch": 1,
      "rows": 1024,
      "cols": 2048,
      "nheads": 6,
      "headdim": 32,
      "seq_len": 2048,
      "batch_eff": 1024,
      "causal": false,
      "dtype": "torch.bfloat16",
      "rep": 50,
      "fwd_time_ms": 18.06428478240967,
      "fwd_time_std_ms": 0.4436080416197296,
      "fwd_tflops": 182.5998052543985,
      "fwd_tflops_std": 4.484137788168907,
      "bwd_time_ms": 50.6643208694458,
      "bwd_time_std_ms": 1.2853170430969139,
      "bwd_tflops": 162.7641911863291,
      "bwd_tflops_std": 4.129209379451842
    }
  ]
}