{
  "metadata": {
    "timestamp": "2026-03-07T20:03:45.436066",
    "gpu": "NVIDIA H100 NVL",
    "pytorch_version": "2.8.0+cu128",
    "cuda_version": "12.8",
    "cudnn_version": "9.10.2",
    "cudnn_enabled": true,
    "dtype": "bfloat16",
    "causal": false,
    "nheads": 32,
    "headdim": 64,
    "col_attn_rows": 1024,
    "col_attn_cols": [
      16,
      32,
      64,
      128,
      256,
      512,
      1024,
      2048
    ],
    "row_attn_rows": [
      32,
      64,
      128,
      256,
      512,
      1024,
      2048,
      4096,
      8192,
      16384
    ],
    "row_attn_cols": 64,
    "warmup": 5,
    "rep": 50
  },
  "results": [
    {
      "attn_type": "col",
      "backend": "fa2",
      "batch": 1,
      "rows": 1024,
      "cols": 16,
      "nheads": 32,
      "headdim": 64,
      "seq_len": 16,
      "batch_eff": 1024,
      "causal": false,
      "dtype": "torch.bfloat16",
      "rep": 50,
      "fwd_time_ms": 0.8112134432792665,
      "fwd_time_std_ms": 0.014078849031119797,
      "fwd_tflops": 2.6472485950417273,
      "fwd_tflops_std": 0.04594378165970051,
      "bwd_time_ms": 3.106994554996491,
      "bwd_time_std_ms": 0.01435544594995794,
      "bwd_tflops": 1.7279428801593326,
      "bwd_tflops_std": 0.007983725166447858
    },
    {
      "attn_type": "col",
      "backend": "fa2",
      "batch": 1,
      "rows": 1024,
      "cols": 32,
      "nheads": 32,
      "headdim": 64,
      "seq_len": 32,
      "batch_eff": 1024,
      "causal": false,
      "dtype": "torch.bfloat16",
      "rep": 50,
      "fwd_time_ms": 0.8252723228931427,
      "fwd_time_std_ms": 0.0013670308533524805,
      "fwd_tflops": 10.408606170005092,
      "fwd_tflops_std": 0.017241443072887743,
      "bwd_time_ms": 3.4202137744426726,
      "bwd_time_std_ms": 0.0032696642045287735,
      "bwd_tflops": 6.278799483374208,
      "bwd_tflops_std": 0.0060024218578406605
    },
    {
      "attn_type": "col",
      "backend": "fa2",
      "batch": 1,
      "rows": 1024,
      "cols": 64,
      "nheads": 32,
      "headdim": 64,
      "seq_len": 64,
      "batch_eff": 1024,
      "causal": false,
      "dtype": "torch.bfloat16",
      "rep": 50,
      "fwd_time_ms": 0.8793561625480653,
      "fwd_time_std_ms": 0.033275220294433284,
      "fwd_tflops": 39.07374489585374,
      "fwd_tflops_std": 1.4785675298738283,
      "bwd_time_ms": 4.159189779758453,
      "bwd_time_std_ms": 0.08855780057527243,
      "bwd_tflops": 20.652903682839078,
      "bwd_tflops_std": 0.43974327272736075
    },
    {
      "attn_type": "col",
      "backend": "fa2",
      "batch": 1,
      "rows": 1024,
      "cols": 128,
      "nheads": 32,
      "headdim": 64,
      "seq_len": 128,
      "batch_eff": 1024,
      "causal": false,
      "dtype": "torch.bfloat16",
      "rep": 50,
      "fwd_time_ms": 1.0978924787044524,
      "fwd_time_std_ms": 0.08133107141480865,
      "fwd_tflops": 125.18434740912177,
      "fwd_tflops_std": 9.273564849594237,
      "bwd_time_ms": 5.927094398736955,
      "bwd_time_std_ms": 0.08838504845030286,
      "bwd_tflops": 57.97062785995437,
      "bwd_tflops_std": 0.8644601228535175
    },
    {
      "attn_type": "col",
      "backend": "fa2",
      "batch": 1,
      "rows": 1024,
      "cols": 256,
      "nheads": 32,
      "headdim": 64,
      "seq_len": 256,
      "batch_eff": 1024,
      "causal": false,
      "dtype": "torch.bfloat16",
      "rep": 50,
      "fwd_time_ms": 3.3859475231170655,
      "fwd_time_std_ms": 0.10319471798453136,
      "fwd_tflops": 162.36394986473417,
      "fwd_tflops_std": 4.9484234184826565,
      "bwd_time_ms": 13.977573709487915,
      "bwd_time_std_ms": 0.5024121202465561,
      "bwd_tflops": 98.3281908066112,
      "bwd_tflops_std": 3.5343240429219915
    },
    {
      "attn_type": "col",
      "backend": "fa2",
      "batch": 1,
      "rows": 1024,
      "cols": 512,
      "nheads": 32,
      "headdim": 64,
      "seq_len": 512,
      "batch_eff": 1024,
      "causal": false,
      "dtype": "torch.bfloat16",
      "rep": 50,
      "fwd_time_ms": 11.67352514266968,
      "fwd_time_std_ms": 0.25549049612347174,
      "fwd_tflops": 188.37696656976522,
      "fwd_tflops_std": 4.1228783986785675,
      "bwd_time_ms": 39.483940753936764,
      "bwd_time_std_ms": 0.7849913248080257,
      "bwd_tflops": 139.23529500615675,
      "bwd_tflops_std": 2.768176038153477
    },
    {
      "attn_type": "col",
      "backend": "fa2",
      "batch": 1,
      "rows": 1024,
      "cols": 1024,
      "nheads": 32,
      "headdim": 64,
      "seq_len": 1024,
      "batch_eff": 1024,
      "causal": false,
      "dtype": "torch.bfloat16",
      "rep": 50,
      "fwd_time_ms": 42.06627685546875,
      "fwd_time_std_ms": 0.7119444390659607,
      "fwd_tflops": 209.1008208886563,
      "fwd_tflops_std": 3.5388957084860952,
      "bwd_time_ms": 127.00984375000002,
      "bwd_time_std_ms": 1.2872904968990273,
      "bwd_tflops": 173.1380175445653,
      "bwd_tflops_std": 1.7548161469733004
    },
    {
      "attn_type": "col",
      "backend": "fa2",
      "rows": 1024,
      "cols": 2048,
      "error": "CUDA out of memory. Tried to allocate 16.00 GiB. GPU 0 has a total capacity of 93.09 GiB of which 8.38 GiB is free. Including non-PyTorch memory, this process has 84.69 GiB memory in use. Of the allocated memory 80.53 GiB is allocated by PyTorch, and 3.50 GiB is reserved by PyTorch but unallocated. If reserved but unallocated memory is large try setting PYTORCH_CUDA_ALLOC_CONF=expandable_segments:True to avoid fragmentation.  See documentation for Memory Management  (https://pytorch.org/docs/stable/notes/cuda.html#environment-variables)"
    }
  ]
}