{
  "metadata": {
    "timestamp": "2026-03-07T20:09:13.504640",
    "gpu": "NVIDIA H100 NVL",
    "pytorch_version": "2.8.0+cu128",
    "cuda_version": "12.8",
    "cudnn_version": "9.10.2",
    "cudnn_enabled": true,
    "dtype": "bfloat16",
    "causal": false,
    "nheads": 12,
    "headdim": 128,
    "col_attn_rows": 1024,
    "col_attn_cols": [
      16,
      32,
      64,
      128,
      256,
      512,
      1024,
      2048
    ],
    "row_attn_rows": [
      32,
      64,
      128,
      256,
      512,
      1024,
      2048,
      4096,
      8192,
      16384
    ],
    "row_attn_cols": 64,
    "warmup": 5,
    "rep": 25
  },
  "results": [
    {
      "attn_type": "row",
      "backend": "fa2",
      "batch": 1,
      "rows": 32,
      "cols": 64,
      "nheads": 12,
      "headdim": 128,
      "seq_len": 32,
      "batch_eff": 64,
      "causal": false,
      "dtype": "torch.bfloat16",
      "rep": 25,
      "fwd_time_ms": 0.08762239992618562,
      "fwd_time_std_ms": 0.02683754959376609,
      "fwd_tflops": 4.595322478489529,
      "fwd_tflops_std": 1.4074847872199743,
      "bwd_time_ms": 0.320779520869255,
      "bwd_time_std_ms": 0.03029725246329388,
      "bwd_tflops": 3.1380836197778623,
      "bwd_tflops_std": 0.2963883461815142
    },
    {
      "attn_type": "row",
      "backend": "fa2",
      "batch": 1,
      "rows": 64,
      "cols": 64,
      "nheads": 12,
      "headdim": 128,
      "seq_len": 64,
      "batch_eff": 64,
      "causal": false,
      "dtype": "torch.bfloat16",
      "rep": 25,
      "fwd_time_ms": 0.11139968067407607,
      "fwd_time_std_ms": 0.0006508692912036465,
      "fwd_tflops": 14.457965465019571,
      "fwd_tflops_std": 0.08447282503435358,
      "bwd_time_ms": 0.29458431810140606,
      "bwd_time_std_ms": 0.008213228387120127,
      "bwd_tflops": 13.668520666513988,
      "bwd_tflops_std": 0.3810884526090289
    },
    {
      "attn_type": "row",
      "backend": "fa2",
      "batch": 1,
      "rows": 128,
      "cols": 64,
      "nheads": 12,
      "headdim": 128,
      "seq_len": 128,
      "batch_eff": 64,
      "causal": false,
      "dtype": "torch.bfloat16",
      "rep": 25,
      "fwd_time_ms": 0.19668736100196837,
      "fwd_time_std_ms": 0.0004830301450946623,
      "fwd_tflops": 32.75477850320807,
      "fwd_tflops_std": 0.08044007165661135,
      "bwd_time_ms": 0.318200317621231,
      "bwd_time_std_ms": 0.0012090485090267959,
      "bwd_tflops": 50.61631452917621,
      "bwd_tflops_std": 0.19232406828323229
    },
    {
      "attn_type": "row",
      "backend": "fa2",
      "batch": 1,
      "rows": 256,
      "cols": 64,
      "nheads": 12,
      "headdim": 128,
      "seq_len": 256,
      "batch_eff": 64,
      "causal": false,
      "dtype": "torch.bfloat16",
      "rep": 25,
      "fwd_time_ms": 0.40541952252387997,
      "fwd_time_std_ms": 0.0004984501046769497,
      "fwd_tflops": 63.56330256514006,
      "fwd_tflops_std": 0.07814901122661277,
      "bwd_time_ms": 0.7179340875148774,
      "bwd_time_std_ms": 0.013358396873514837,
      "bwd_tflops": 89.73596679746029,
      "bwd_tflops_std": 1.6696917992268812
    },
    {
      "attn_type": "row",
      "backend": "fa2",
      "batch": 1,
      "rows": 512,
      "cols": 64,
      "nheads": 12,
      "headdim": 128,
      "seq_len": 512,
      "batch_eff": 64,
      "causal": false,
      "dtype": "torch.bfloat16",
      "rep": 25,
      "fwd_time_ms": 0.958389754295349,
      "fwd_time_std_ms": 0.010784564700218898,
      "fwd_tflops": 107.55458793462212,
      "fwd_tflops_std": 1.2102898713051737,
      "bwd_time_ms": 2.0320102453231814,
      "bwd_time_std_ms": 0.027741473185728446,
      "bwd_tflops": 126.81926105102603,
      "bwd_tflops_std": 1.7313658422629603
    },
    {
      "attn_type": "row",
      "backend": "fa2",
      "batch": 1,
      "rows": 1024,
      "cols": 64,
      "nheads": 12,
      "headdim": 128,
      "seq_len": 1024,
      "batch_eff": 64,
      "causal": false,
      "dtype": "torch.bfloat16",
      "rep": 25,
      "fwd_time_ms": 2.6697625541687016,
      "fwd_time_std_ms": 0.050989674716552066,
      "fwd_tflops": 154.43952488291058,
      "fwd_tflops_std": 2.9496335263457483,
      "bwd_time_ms": 6.009030437469483,
      "bwd_time_std_ms": 0.05120119382513336,
      "bwd_tflops": 171.54051086386013,
      "bwd_tflops_std": 1.4616466062204905
    },
    {
      "attn_type": "row",
      "backend": "fa2",
      "batch": 1,
      "rows": 2048,
      "cols": 64,
      "nheads": 12,
      "headdim": 128,
      "seq_len": 2048,
      "batch_eff": 64,
      "causal": false,
      "dtype": "torch.bfloat16",
      "rep": 25,
      "fwd_time_ms": 8.501707611083985,
      "fwd_time_std_ms": 0.33911511537987815,
      "fwd_tflops": 193.99249152179618,
      "fwd_tflops_std": 7.737949733707218,
      "bwd_time_ms": 20.227818145751954,
      "bwd_time_std_ms": 0.9673740581722606,
      "bwd_tflops": 203.83654699930685,
      "bwd_tflops_std": 9.74826776935165
    },
    {
      "attn_type": "row",
      "backend": "fa2",
      "batch": 1,
      "rows": 4096,
      "cols": 64,
      "nheads": 12,
      "headdim": 128,
      "seq_len": 4096,
      "batch_eff": 64,
      "causal": false,
      "dtype": "torch.bfloat16",
      "rep": 25,
      "fwd_time_ms": 28.706396255493164,
      "fwd_time_std_ms": 0.6529182509658762,
      "fwd_tflops": 229.81184081556756,
      "fwd_tflops_std": 5.227000415554982,
      "bwd_time_ms": 74.05484672546388,
      "bwd_time_std_ms": 1.6856321018382079,
      "bwd_tflops": 222.70891300040955,
      "bwd_tflops_std": 5.069287287983802
    },
    {
      "attn_type": "row",
      "backend": "fa2",
      "batch": 1,
      "rows": 8192,
      "cols": 64,
      "nheads": 12,
      "headdim": 128,
      "seq_len": 8192,
      "batch_eff": 64,
      "causal": false,
      "dtype": "torch.bfloat16",
      "rep": 25,
      "fwd_time_ms": 104.34038360595702,
      "fwd_time_std_ms": 0.570194882756597,
      "fwd_tflops": 252.90571257893512,
      "fwd_tflops_std": 1.3820683626870096,
      "bwd_time_ms": 278.1120565795898,
      "bwd_time_std_ms": 1.2353827561589577,
      "bwd_tflops": 237.2090533503375,
      "bwd_tflops_std": 1.0536902920277897
    },
    {
      "attn_type": "row",
      "backend": "fa2",
      "batch": 1,
      "rows": 16384,
      "cols": 64,
      "nheads": 12,
      "headdim": 128,
      "seq_len": 16384,
      "batch_eff": 64,
      "causal": false,
      "dtype": "torch.bfloat16",
      "rep": 25,
      "fwd_time_ms": 395.30227905273443,
      "fwd_time_std_ms": 0.5056153165204731,
      "fwd_tflops": 267.01873948066697,
      "fwd_tflops_std": 0.34153297775802766,
      "bwd_time_ms": 1077.8216076660158,
      "bwd_time_std_ms": 1.7789112762804065,
      "bwd_tflops": 244.8297462115913,
      "bwd_tflops_std": 0.4040839348617211
    }
  ]
}