{
  "metadata": {
    "timestamp": "2026-03-07T20:01:57.628555",
    "gpu": "NVIDIA H100 NVL",
    "pytorch_version": "2.8.0+cu128",
    "cuda_version": "12.8",
    "cudnn_version": "9.10.2",
    "cudnn_enabled": true,
    "dtype": "bfloat16",
    "causal": false,
    "nheads": 16,
    "headdim": 64,
    "col_attn_rows": 1024,
    "col_attn_cols": [
      16,
      32,
      64,
      128,
      256,
      512,
      1024,
      2048
    ],
    "row_attn_rows": [
      32,
      64,
      128,
      256,
      512,
      1024,
      2048,
      4096,
      8192,
      16384
    ],
    "row_attn_cols": 64,
    "warmup": 5,
    "rep": 50
  },
  "results": [
    {
      "attn_type": "row",
      "backend": "fa2",
      "batch": 1,
      "rows": 32,
      "cols": 64,
      "nheads": 16,
      "headdim": 64,
      "seq_len": 32,
      "batch_eff": 64,
      "causal": false,
      "dtype": "torch.bfloat16",
      "rep": 50,
      "fwd_time_ms": 0.07748480007052423,
      "fwd_time_std_ms": 0.02333042389792757,
      "fwd_tflops": 3.46436276218921,
      "fwd_tflops_std": 1.0431084768174541,
      "bwd_time_ms": 0.31835327997803686,
      "bwd_time_std_ms": 0.026842963728992142,
      "bwd_tflops": 2.107999766945383,
      "bwd_tflops_std": 0.1777426677957978
    },
    {
      "attn_type": "row",
      "backend": "fa2",
      "batch": 1,
      "rows": 64,
      "cols": 64,
      "nheads": 16,
      "headdim": 64,
      "seq_len": 64,
      "batch_eff": 64,
      "causal": false,
      "dtype": "torch.bfloat16",
      "rep": 50,
      "fwd_time_ms": 0.09337600052356722,
      "fwd_time_std_ms": 0.0006993004467748539,
      "fwd_tflops": 11.499119880691374,
      "fwd_tflops_std": 0.08611784211142696,
      "bwd_time_ms": 0.3057708787918091,
      "bwd_time_std_ms": 0.009646145073098767,
      "bwd_tflops": 8.778973885958914,
      "bwd_tflops_std": 0.276950035371301
    },
    {
      "attn_type": "row",
      "backend": "fa2",
      "batch": 1,
      "rows": 128,
      "cols": 64,
      "nheads": 16,
      "headdim": 64,
      "seq_len": 128,
      "batch_eff": 64,
      "causal": false,
      "dtype": "torch.bfloat16",
      "rep": 50,
      "fwd_time_ms": 0.14357248067855832,
      "fwd_time_std_ms": 0.0005994088324529402,
      "fwd_tflops": 29.914975876302645,
      "fwd_tflops_std": 0.12489371694439469,
      "bwd_time_ms": 0.25594048082828524,
      "bwd_time_std_ms": 0.011879807205707289,
      "bwd_tflops": 41.95279388884134,
      "bwd_tflops_std": 1.9472929859602361
    },
    {
      "attn_type": "row",
      "backend": "fa2",
      "batch": 1,
      "rows": 256,
      "cols": 64,
      "nheads": 16,
      "headdim": 64,
      "seq_len": 256,
      "batch_eff": 64,
      "causal": false,
      "dtype": "torch.bfloat16",
      "rep": 50,
      "fwd_time_ms": 0.2916902405023575,
      "fwd_time_std_ms": 0.0004375670825362803,
      "fwd_tflops": 58.89764825320287,
      "fwd_tflops_std": 0.08835287759376965,
      "bwd_time_ms": 0.5054764777421952,
      "bwd_time_std_ms": 0.0074717757653950875,
      "bwd_tflops": 84.96868766642261,
      "bwd_tflops_std": 1.2559772991992675
    },
    {
      "attn_type": "row",
      "backend": "fa2",
      "batch": 1,
      "rows": 512,
      "cols": 64,
      "nheads": 16,
      "headdim": 64,
      "seq_len": 512,
      "batch_eff": 64,
      "causal": false,
      "dtype": "torch.bfloat16",
      "rep": 50,
      "fwd_time_ms": 0.7059116816520693,
      "fwd_time_std_ms": 0.0062054446401997605,
      "fwd_tflops": 97.34854730718361,
      "fwd_tflops_std": 0.8557600572706496,
      "bwd_time_ms": 1.3989446425437924,
      "bwd_time_std_ms": 0.010357641673643515,
      "bwd_tflops": 122.80592570668645,
      "bwd_tflops_std": 0.9092423925774655
    },
    {
      "attn_type": "row",
      "backend": "fa2",
      "batch": 1,
      "rows": 1024,
      "cols": 64,
      "nheads": 16,
      "headdim": 64,
      "seq_len": 1024,
      "batch_eff": 64,
      "causal": false,
      "dtype": "torch.bfloat16",
      "rep": 50,
      "fwd_time_ms": 1.965334396362305,
      "fwd_time_std_ms": 0.033889330622279695,
      "fwd_tflops": 139.86317415131978,
      "fwd_tflops_std": 2.4117368318942174,
      "bwd_time_ms": 4.227516155242918,
      "bwd_time_std_ms": 0.034143369373011385,
      "bwd_tflops": 162.55284240788737,
      "bwd_tflops_std": 1.3128516928509508
    },
    {
      "attn_type": "row",
      "backend": "fa2",
      "batch": 1,
      "rows": 2048,
      "cols": 64,
      "nheads": 16,
      "headdim": 64,
      "seq_len": 2048,
      "batch_eff": 64,
      "causal": false,
      "dtype": "torch.bfloat16",
      "rep": 50,
      "fwd_time_ms": 6.749894390106201,
      "fwd_time_std_ms": 0.05591979586334086,
      "fwd_tflops": 162.89316013412477,
      "fwd_tflops_std": 1.3494955233057255,
      "bwd_time_ms": 14.14191938400269,
      "bwd_time_std_ms": 0.7452907797543532,
      "bwd_tflops": 194.3710040201059,
      "bwd_tflops_std": 10.24351173375022
    },
    {
      "attn_type": "row",
      "backend": "fa2",
      "batch": 1,
      "rows": 4096,
      "cols": 64,
      "nheads": 16,
      "headdim": 64,
      "seq_len": 4096,
      "batch_eff": 64,
      "causal": false,
      "dtype": "torch.bfloat16",
      "rep": 50,
      "fwd_time_ms": 22.243122100830078,
      "fwd_time_std_ms": 0.49772035591834407,
      "fwd_tflops": 197.72613265202875,
      "fwd_tflops_std": 4.424393332546282,
      "bwd_time_ms": 52.526173248291016,
      "bwd_time_std_ms": 1.0832841264052422,
      "bwd_tflops": 209.32642905063972,
      "bwd_tflops_std": 4.317085822257744
    },
    {
      "attn_type": "row",
      "backend": "fa2",
      "batch": 1,
      "rows": 8192,
      "cols": 64,
      "nheads": 16,
      "headdim": 64,
      "seq_len": 8192,
      "batch_eff": 64,
      "causal": false,
      "dtype": "torch.bfloat16",
      "rep": 50,
      "fwd_time_ms": 81.53944702148438,
      "fwd_time_std_ms": 0.3377854849084777,
      "fwd_tflops": 215.75061748678198,
      "fwd_tflops_std": 0.8937689622530068,
      "bwd_time_ms": 196.72556518554688,
      "bwd_time_std_ms": 0.9314831538434569,
      "bwd_tflops": 223.5625302159314,
      "bwd_tflops_std": 1.058554492042493
    },
    {
      "attn_type": "row",
      "backend": "fa2",
      "batch": 1,
      "rows": 16384,
      "cols": 64,
      "nheads": 16,
      "headdim": 64,
      "seq_len": 16384,
      "batch_eff": 64,
      "causal": false,
      "dtype": "torch.bfloat16",
      "rep": 50,
      "fwd_time_ms": 311.14369689941407,
      "fwd_time_std_ms": 0.5747630256401834,
      "fwd_tflops": 226.16156097294387,
      "fwd_tflops_std": 0.4177790016756751,
      "bwd_time_ms": 759.1091668701173,
      "bwd_time_std_ms": 1.0692515252988346,
      "bwd_tflops": 231.74777505257032,
      "bwd_tflops_std": 0.326430864985154
    }
  ]
}