{
  "metadata": {
    "timestamp": "2026-03-07T20:01:24.922530",
    "gpu": "NVIDIA H100 NVL",
    "pytorch_version": "2.8.0+cu128",
    "cuda_version": "12.8",
    "cudnn_version": "9.10.2",
    "cudnn_enabled": true,
    "dtype": "bfloat16",
    "causal": false,
    "nheads": 16,
    "headdim": 64,
    "col_attn_rows": 1024,
    "col_attn_cols": [
      16,
      32,
      64,
      128,
      256,
      512,
      1024,
      2048
    ],
    "row_attn_rows": [
      32,
      64,
      128,
      256,
      512,
      1024,
      2048,
      4096,
      8192,
      16384
    ],
    "row_attn_cols": 64,
    "warmup": 5,
    "rep": 50
  },
  "results": [
    {
      "attn_type": "col",
      "backend": "fa2",
      "batch": 1,
      "rows": 1024,
      "cols": 16,
      "nheads": 16,
      "headdim": 64,
      "seq_len": 16,
      "batch_eff": 1024,
      "causal": false,
      "dtype": "torch.bfloat16",
      "rep": 50,
      "fwd_time_ms": 0.4105215984582901,
      "fwd_time_std_ms": 0.013916553576570246,
      "fwd_tflops": 2.615555011069885,
      "fwd_tflops_std": 0.08866649545533987,
      "bwd_time_ms": 1.563714570403099,
      "bwd_time_std_ms": 0.014023341540336947,
      "bwd_tflops": 1.7166525213792816,
      "bwd_tflops_std": 0.015394884123370787
    },
    {
      "attn_type": "col",
      "backend": "fa2",
      "batch": 1,
      "rows": 1024,
      "cols": 32,
      "nheads": 16,
      "headdim": 64,
      "seq_len": 32,
      "batch_eff": 1024,
      "causal": false,
      "dtype": "torch.bfloat16",
      "rep": 50,
      "fwd_time_ms": 0.4173100805282593,
      "fwd_time_std_ms": 0.000509571454346801,
      "fwd_tflops": 10.292028629078743,
      "fwd_tflops_std": 0.012567451018819613,
      "bwd_time_ms": 1.716961917877197,
      "bwd_time_std_ms": 0.001529626757687176,
      "bwd_tflops": 6.253731156294624,
      "bwd_tflops_std": 0.005571395854764907
    },
    {
      "attn_type": "col",
      "backend": "fa2",
      "batch": 1,
      "rows": 1024,
      "cols": 64,
      "nheads": 16,
      "headdim": 64,
      "seq_len": 64,
      "batch_eff": 1024,
      "causal": false,
      "dtype": "torch.bfloat16",
      "rep": 50,
      "fwd_time_ms": 0.43407231926918033,
      "fwd_time_std_ms": 0.0010595139443192794,
      "fwd_tflops": 39.578356926616834,
      "fwd_tflops_std": 0.09660560970023925,
      "bwd_time_ms": 2.0673017680644987,
      "bwd_time_std_ms": 0.0062842587632391395,
      "bwd_tflops": 20.775715293956054,
      "bwd_tflops_std": 0.06315477155560162
    },
    {
      "attn_type": "col",
      "backend": "fa2",
      "batch": 1,
      "rows": 1024,
      "cols": 128,
      "nheads": 16,
      "headdim": 64,
      "seq_len": 128,
      "batch_eff": 1024,
      "causal": false,
      "dtype": "torch.bfloat16",
      "rep": 50,
      "fwd_time_ms": 0.4925580787658692,
      "fwd_time_std_ms": 0.006789458253277478,
      "fwd_tflops": 139.51547989666588,
      "fwd_tflops_std": 1.9230920520433517,
      "bwd_time_ms": 2.7984217548370363,
      "bwd_time_std_ms": 0.017499274605419942,
      "bwd_tflops": 61.391279403488106,
      "bwd_tflops_std": 0.38389597808221043
    },
    {
      "attn_type": "col",
      "backend": "fa2",
      "batch": 1,
      "rows": 1024,
      "cols": 256,
      "nheads": 16,
      "headdim": 64,
      "seq_len": 256,
      "batch_eff": 1024,
      "causal": false,
      "dtype": "torch.bfloat16",
      "rep": 50,
      "fwd_time_ms": 1.6003462338447572,
      "fwd_time_std_ms": 0.07006549583311901,
      "fwd_tflops": 171.7615233071275,
      "fwd_tflops_std": 7.5199703920652565,
      "bwd_time_ms": 7.369655063152313,
      "bwd_time_std_ms": 0.10421012679670773,
      "bwd_tflops": 93.24653073600676,
      "bwd_tflops_std": 1.3185464866514252
    },
    {
      "attn_type": "col",
      "backend": "fa2",
      "batch": 1,
      "rows": 1024,
      "cols": 512,
      "nheads": 16,
      "headdim": 64,
      "seq_len": 512,
      "batch_eff": 1024,
      "causal": false,
      "dtype": "torch.bfloat16",
      "rep": 50,
      "fwd_time_ms": 5.6753836822509784,
      "fwd_time_std_ms": 0.06944260275946794,
      "fwd_tflops": 193.73344417481042,
      "fwd_tflops_std": 2.370474906767718,
      "bwd_time_ms": 20.040865249633782,
      "bwd_time_std_ms": 0.5546893215453624,
      "bwd_tflops": 137.15870224167242,
      "bwd_tflops_std": 3.796266605398482
    },
    {
      "attn_type": "col",
      "backend": "fa2",
      "batch": 1,
      "rows": 1024,
      "cols": 1024,
      "nheads": 16,
      "headdim": 64,
      "seq_len": 1024,
      "batch_eff": 1024,
      "causal": false,
      "dtype": "torch.bfloat16",
      "rep": 50,
      "fwd_time_ms": 21.067222404479985,
      "fwd_time_std_ms": 0.39015862287380537,
      "fwd_tflops": 208.76252344346764,
      "fwd_tflops_std": 3.8662191479519974,
      "bwd_time_ms": 63.48062473297119,
      "bwd_time_std_ms": 0.9662041390563635,
      "bwd_tflops": 173.2042859378044,
      "bwd_tflops_std": 2.636248440833133
    },
    {
      "attn_type": "col",
      "backend": "fa2",
      "batch": 1,
      "rows": 1024,
      "cols": 2048,
      "nheads": 16,
      "headdim": 64,
      "seq_len": 2048,
      "batch_eff": 1024,
      "causal": false,
      "dtype": "torch.bfloat16",
      "rep": 50,
      "fwd_time_ms": 79.26529586791992,
      "fwd_time_std_ms": 0.5119286792332153,
      "fwd_tflops": 221.94058385563753,
      "fwd_tflops_std": 1.433385805444881,
      "bwd_time_ms": 220.78773269653317,
      "bwd_time_std_ms": 0.5486501550347517,
      "bwd_tflops": 199.19795621747684,
      "bwd_tflops_std": 0.4950002802535252
    }
  ]
}