{
  "metadata": {
    "timestamp": "2026-03-07T20:04:15.093867",
    "gpu": "NVIDIA H100 NVL",
    "pytorch_version": "2.8.0+cu128",
    "cuda_version": "12.8",
    "cudnn_version": "9.10.2",
    "cudnn_enabled": true,
    "dtype": "bfloat16",
    "causal": false,
    "nheads": 32,
    "headdim": 64,
    "col_attn_rows": 1024,
    "col_attn_cols": [
      16,
      32,
      64,
      128,
      256,
      512,
      1024,
      2048
    ],
    "row_attn_rows": [
      32,
      64,
      128,
      256,
      512,
      1024,
      2048,
      4096,
      8192,
      16384
    ],
    "row_attn_cols": 64,
    "warmup": 5,
    "rep": 50
  },
  "results": [
    {
      "attn_type": "row",
      "backend": "fa2",
      "batch": 1,
      "rows": 32,
      "cols": 64,
      "nheads": 32,
      "headdim": 64,
      "seq_len": 32,
      "batch_eff": 64,
      "causal": false,
      "dtype": "torch.bfloat16",
      "rep": 50,
      "fwd_time_ms": 0.12011200025677679,
      "fwd_time_std_ms": 0.014157871806162986,
      "fwd_tflops": 4.469752488113355,
      "fwd_tflops_std": 0.5268597858390631,
      "bwd_time_ms": 0.2879430411756039,
      "bwd_time_std_ms": 0.017929234594134254,
      "bwd_tflops": 4.661259652326395,
      "bwd_tflops_std": 0.29024079717128914
    },
    {
      "attn_type": "row",
      "backend": "fa2",
      "batch": 1,
      "rows": 64,
      "cols": 64,
      "nheads": 32,
      "headdim": 64,
      "seq_len": 64,
      "batch_eff": 64,
      "causal": false,
      "dtype": "torch.bfloat16",
      "rep": 50,
      "fwd_time_ms": 0.16881919980049132,
      "fwd_time_std_ms": 0.0004774756599389918,
      "fwd_tflops": 12.72061264677165,
      "fwd_tflops_std": 0.03597803404780682,
      "bwd_time_ms": 0.3261011219024659,
      "bwd_time_std_ms": 0.0010311717485269676,
      "bwd_tflops": 16.46332612620001,
      "bwd_tflops_std": 0.052059056678746746
    },
    {
      "attn_type": "row",
      "backend": "fa2",
      "batch": 1,
      "rows": 128,
      "cols": 64,
      "nheads": 32,
      "headdim": 64,
      "seq_len": 128,
      "batch_eff": 64,
      "causal": false,
      "dtype": "torch.bfloat16",
      "rep": 50,
      "fwd_time_ms": 0.2677273601293564,
      "fwd_time_std_ms": 0.001200134521010053,
      "fwd_tflops": 32.08463486081381,
      "fwd_tflops_std": 0.143824963843294,
      "bwd_time_ms": 0.44017536103725435,
      "bwd_time_std_ms": 0.001958215608326869,
      "bwd_tflops": 48.78700259232018,
      "bwd_tflops_std": 0.21703956744566433
    },
    {
      "attn_type": "row",
      "backend": "fa2",
      "batch": 1,
      "rows": 256,
      "cols": 64,
      "nheads": 32,
      "headdim": 64,
      "seq_len": 256,
      "batch_eff": 64,
      "causal": false,
      "dtype": "torch.bfloat16",
      "rep": 50,
      "fwd_time_ms": 0.5624959993362426,
      "fwd_time_std_ms": 0.0016778826970035932,
      "fwd_tflops": 61.08441377102278,
      "fwd_tflops_std": 0.18221015090587392,
      "bwd_time_ms": 1.0434566402435304,
      "bwd_time_std_ms": 0.03712693928029518,
      "bwd_tflops": 82.32191219747484,
      "bwd_tflops_std": 2.9290729654852945
    },
    {
      "attn_type": "row",
      "backend": "fa2",
      "batch": 1,
      "rows": 512,
      "cols": 64,
      "nheads": 32,
      "headdim": 64,
      "seq_len": 512,
      "batch_eff": 64,
      "causal": false,
      "dtype": "torch.bfloat16",
      "rep": 50,
      "fwd_time_ms": 1.409422721862793,
      "fwd_time_std_ms": 0.011043804946223213,
      "fwd_tflops": 97.51435913446245,
      "fwd_tflops_std": 0.7640926636358016,
      "bwd_time_ms": 2.8114662265777586,
      "bwd_time_std_ms": 0.028170922882250374,
      "bwd_tflops": 122.21287968244313,
      "bwd_tflops_std": 1.224574414661434
    },
    {
      "attn_type": "row",
      "backend": "fa2",
      "batch": 1,
      "rows": 1024,
      "cols": 64,
      "nheads": 32,
      "headdim": 64,
      "seq_len": 1024,
      "batch_eff": 64,
      "causal": false,
      "dtype": "torch.bfloat16",
      "rep": 50,
      "fwd_time_ms": 4.053347845077514,
      "fwd_time_std_ms": 0.13937138430310989,
      "fwd_tflops": 135.63006060672464,
      "fwd_tflops_std": 4.663539874286908,
      "bwd_time_ms": 8.965990953445438,
      "bwd_time_std_ms": 0.4521546402352618,
      "bwd_tflops": 153.28919489840126,
      "bwd_tflops_std": 7.730369250997855
    },
    {
      "attn_type": "row",
      "backend": "fa2",
      "batch": 1,
      "rows": 2048,
      "cols": 64,
      "nheads": 32,
      "headdim": 64,
      "seq_len": 2048,
      "batch_eff": 64,
      "causal": false,
      "dtype": "torch.bfloat16",
      "rep": 50,
      "fwd_time_ms": 13.182125415802,
      "fwd_time_std_ms": 0.23748548120633312,
      "fwd_tflops": 166.81856576147675,
      "fwd_tflops_std": 3.0053565805499005,
      "bwd_time_ms": 28.93013486862184,
      "bwd_time_std_ms": 0.9406476550029437,
      "bwd_tflops": 190.02877670102927,
      "bwd_tflops_std": 6.178682678067184
    },
    {
      "attn_type": "row",
      "backend": "fa2",
      "batch": 1,
      "rows": 4096,
      "cols": 64,
      "nheads": 32,
      "headdim": 64,
      "seq_len": 4096,
      "batch_eff": 64,
      "causal": false,
      "dtype": "torch.bfloat16",
      "rep": 50,
      "fwd_time_ms": 44.62284225463868,
      "fwd_time_std_ms": 0.44217499681882644,
      "fwd_tflops": 197.1208595815884,
      "fwd_tflops_std": 1.953302637268751,
      "bwd_time_ms": 104.64133560180663,
      "bwd_time_std_ms": 1.0842664278692182,
      "bwd_tflops": 210.1486227125367,
      "bwd_tflops_std": 2.1775056210790975
    },
    {
      "attn_type": "row",
      "backend": "fa2",
      "batch": 1,
      "rows": 8192,
      "cols": 64,
      "nheads": 32,
      "headdim": 64,
      "seq_len": 8192,
      "batch_eff": 64,
      "causal": false,
      "dtype": "torch.bfloat16",
      "rep": 50,
      "fwd_time_ms": 163.11091888427737,
      "fwd_time_std_ms": 0.4216660463540504,
      "fwd_tflops": 215.70825748210228,
      "fwd_tflops_std": 0.5576380092796297,
      "bwd_time_ms": 392.3148342895508,
      "bwd_time_std_ms": 1.1173169159668086,
      "bwd_tflops": 224.21005410455575,
      "bwd_tflops_std": 0.6385526732235675
    },
    {
      "attn_type": "row",
      "backend": "fa2",
      "batch": 1,
      "rows": 16384,
      "cols": 64,
      "nheads": 32,
      "headdim": 64,
      "seq_len": 16384,
      "batch_eff": 64,
      "causal": false,
      "dtype": "torch.bfloat16",
      "rep": 50,
      "fwd_time_ms": 622.2549780273439,
      "fwd_time_std_ms": 1.0596318465377652,
      "fwd_tflops": 226.17334264080978,
      "fwd_tflops_std": 0.38514834780408697,
      "bwd_time_ms": 1521.7021997070317,
      "bwd_time_std_ms": 1.5442174165344351,
      "bwd_tflops": 231.21719936795733,
      "bwd_tflops_std": 0.2346383059280956
    }
  ]
}