{
  "metadata": {
    "timestamp": "2026-03-07T20:10:51.077354",
    "gpu": "NVIDIA H100 NVL",
    "pytorch_version": "2.8.0+cu128",
    "cuda_version": "12.8",
    "cudnn_version": "9.10.2",
    "cudnn_enabled": true,
    "dtype": "bfloat16",
    "causal": false,
    "nheads": 16,
    "headdim": 128,
    "col_attn_rows": 1024,
    "col_attn_cols": [
      16,
      32,
      64,
      128,
      256,
      512,
      1024,
      2048
    ],
    "row_attn_rows": [
      32,
      64,
      128,
      256,
      512,
      1024,
      2048,
      4096,
      8192,
      16384
    ],
    "row_attn_cols": 64,
    "warmup": 5,
    "rep": 25
  },
  "results": [
    {
      "attn_type": "row",
      "backend": "fa2",
      "batch": 1,
      "rows": 32,
      "cols": 64,
      "nheads": 16,
      "headdim": 128,
      "seq_len": 32,
      "batch_eff": 64,
      "causal": false,
      "dtype": "torch.bfloat16",
      "rep": 25,
      "fwd_time_ms": 0.09368447989225387,
      "fwd_time_std_ms": 0.023924941277396552,
      "fwd_tflops": 5.730628089278533,
      "fwd_tflops_std": 1.4634754943003574,
      "bwd_time_ms": 0.31659392267465586,
      "bwd_time_std_ms": 0.027635167758882407,
      "bwd_tflops": 4.239428440890425,
      "bwd_tflops_std": 0.37005548045904707
    },
    {
      "attn_type": "row",
      "backend": "fa2",
      "batch": 1,
      "rows": 64,
      "cols": 64,
      "nheads": 16,
      "headdim": 128,
      "seq_len": 64,
      "batch_eff": 64,
      "causal": false,
      "dtype": "torch.bfloat16",
      "rep": 25,
      "fwd_time_ms": 0.14171136021614075,
      "fwd_time_std_ms": 0.0007060986927797441,
      "fwd_tflops": 15.153927283773289,
      "fwd_tflops_std": 0.0755067782091113,
      "bwd_time_ms": 0.2651161587238311,
      "bwd_time_std_ms": 0.011276181043242552,
      "bwd_tflops": 20.25040324151849,
      "bwd_tflops_std": 0.8613100546160801
    },
    {
      "attn_type": "row",
      "backend": "fa2",
      "batch": 1,
      "rows": 128,
      "cols": 64,
      "nheads": 16,
      "headdim": 128,
      "seq_len": 128,
      "batch_eff": 64,
      "causal": false,
      "dtype": "torch.bfloat16",
      "rep": 25,
      "fwd_time_ms": 0.2547097635269165,
      "fwd_time_std_ms": 0.0007410577328825744,
      "fwd_tflops": 33.72440252409978,
      "fwd_tflops_std": 0.09811845816694714,
      "bwd_time_ms": 0.4121919989585877,
      "bwd_time_std_ms": 0.0012898325066450604,
      "bwd_tflops": 52.09911044915149,
      "bwd_tflops_std": 0.16302870117417856
    },
    {
      "attn_type": "row",
      "backend": "fa2",
      "batch": 1,
      "rows": 256,
      "cols": 64,
      "nheads": 16,
      "headdim": 128,
      "seq_len": 256,
      "batch_eff": 64,
      "causal": false,
      "dtype": "torch.bfloat16",
      "rep": 25,
      "fwd_time_ms": 0.5294822454452516,
      "fwd_time_std_ms": 0.00048460450405977653,
      "fwd_tflops": 64.89308879300808,
      "fwd_tflops_std": 0.05939289443973318,
      "bwd_time_ms": 0.9588300704956052,
      "bwd_time_std_ms": 0.022602504412076087,
      "bwd_tflops": 89.58766371980792,
      "bwd_tflops_std": 2.1118502921460354
    },
    {
      "attn_type": "row",
      "backend": "fa2",
      "batch": 1,
      "rows": 512,
      "cols": 64,
      "nheads": 16,
      "headdim": 128,
      "seq_len": 512,
      "batch_eff": 64,
      "causal": false,
      "dtype": "torch.bfloat16",
      "rep": 25,
      "fwd_time_ms": 1.3008780717849733,
      "fwd_time_std_ms": 0.005293152483468218,
      "fwd_tflops": 105.65091106764214,
      "fwd_tflops_std": 0.4298837796005269,
      "bwd_time_ms": 2.6611212682724,
      "bwd_time_std_ms": 0.01348955891393344,
      "bwd_tflops": 129.11752191701638,
      "bwd_tflops_std": 0.6545129827365671
    },
    {
      "attn_type": "row",
      "backend": "fa2",
      "batch": 1,
      "rows": 1024,
      "cols": 64,
      "nheads": 16,
      "headdim": 128,
      "seq_len": 1024,
      "batch_eff": 64,
      "causal": false,
      "dtype": "torch.bfloat16",
      "rep": 25,
      "fwd_time_ms": 3.5701683235168464,
      "fwd_time_std_ms": 0.07744940297533925,
      "fwd_tflops": 153.98596482600993,
      "fwd_tflops_std": 3.3404926495477,
      "bwd_time_ms": 7.921859836578365,
      "bwd_time_std_ms": 0.0791308300245573,
      "bwd_tflops": 173.49329110493713,
      "bwd_tflops_std": 1.7330107338475138
    },
    {
      "attn_type": "row",
      "backend": "fa2",
      "batch": 1,
      "rows": 2048,
      "cols": 64,
      "nheads": 16,
      "headdim": 128,
      "seq_len": 2048,
      "batch_eff": 64,
      "causal": false,
      "dtype": "torch.bfloat16",
      "rep": 25,
      "fwd_time_ms": 11.907024612426758,
      "fwd_time_std_ms": 0.09931219896281306,
      "fwd_tflops": 184.68285126890484,
      "fwd_tflops_std": 1.5403730711277144,
      "bwd_time_ms": 26.895669174194335,
      "bwd_time_std_ms": 1.2493644957415515,
      "bwd_tflops": 204.4030993716549,
      "bwd_tflops_std": 9.494984992583944
    },
    {
      "attn_type": "row",
      "backend": "fa2",
      "batch": 1,
      "rows": 4096,
      "cols": 64,
      "nheads": 16,
      "headdim": 128,
      "seq_len": 4096,
      "batch_eff": 64,
      "causal": false,
      "dtype": "torch.bfloat16",
      "rep": 25,
      "fwd_time_ms": 38.40410064697266,
      "fwd_time_std_ms": 0.7289000357421617,
      "fwd_tflops": 229.0404637532212,
      "fwd_tflops_std": 4.3471295878213585,
      "bwd_time_ms": 98.21767913818358,
      "bwd_time_std_ms": 1.4755080389484312,
      "bwd_tflops": 223.89281388518344,
      "bwd_tflops_std": 3.363504917333589
    },
    {
      "attn_type": "row",
      "backend": "fa2",
      "batch": 1,
      "rows": 8192,
      "cols": 64,
      "nheads": 16,
      "headdim": 128,
      "seq_len": 8192,
      "batch_eff": 64,
      "causal": false,
      "dtype": "torch.bfloat16",
      "rep": 25,
      "fwd_time_ms": 138.96274169921875,
      "fwd_time_std_ms": 0.42798420804422205,
      "fwd_tflops": 253.19284621620127,
      "fwd_tflops_std": 0.779795637631066,
      "bwd_time_ms": 368.67001953125,
      "bwd_time_std_ms": 0.7436839768758211,
      "bwd_tflops": 238.5898650883492,
      "bwd_tflops_std": 0.4812852966367367
    },
    {
      "attn_type": "row",
      "backend": "fa2",
      "batch": 1,
      "rows": 16384,
      "cols": 64,
      "nheads": 16,
      "headdim": 128,
      "seq_len": 16384,
      "batch_eff": 64,
      "causal": false,
      "dtype": "torch.bfloat16",
      "rep": 25,
      "fwd_time_ms": 526.5929833984375,
      "fwd_time_std_ms": 0.5451844639145313,
      "fwd_tflops": 267.26047021564926,
      "fwd_tflops_std": 0.2766961596026778,
      "bwd_time_ms": 1431.3999365234376,
      "bwd_time_std_ms": 2.022543618780412,
      "bwd_tflops": 245.8039237747018,
      "bwd_tflops_std": 0.34731673854141576
    }
  ]
}