{
  "metadata": {
    "timestamp": "2026-03-07T20:09:00.940293",
    "gpu": "NVIDIA H100 NVL",
    "pytorch_version": "2.8.0+cu128",
    "cuda_version": "12.8",
    "cudnn_version": "9.10.2",
    "cudnn_enabled": true,
    "dtype": "bfloat16",
    "causal": false,
    "nheads": 12,
    "headdim": 128,
    "col_attn_rows": 1024,
    "col_attn_cols": [
      16,
      32,
      64,
      128,
      256,
      512,
      1024,
      2048
    ],
    "row_attn_rows": [
      32,
      64,
      128,
      256,
      512,
      1024,
      2048,
      4096,
      8192,
      16384
    ],
    "row_attn_cols": 64,
    "warmup": 5,
    "rep": 25
  },
  "results": [
    {
      "attn_type": "col",
      "backend": "fa2",
      "batch": 1,
      "rows": 1024,
      "cols": 16,
      "nheads": 12,
      "headdim": 128,
      "seq_len": 16,
      "batch_eff": 1024,
      "causal": false,
      "dtype": "torch.bfloat16",
      "rep": 25,
      "fwd_time_ms": 0.28122112035751345,
      "fwd_time_std_ms": 0.023411564201785293,
      "fwd_tflops": 5.727211149548245,
      "fwd_tflops_std": 0.47678841245768105,
      "bwd_time_ms": 1.2384678435325625,
      "bwd_time_std_ms": 0.02346485184002651,
      "bwd_tflops": 3.2512203373119974,
      "bwd_tflops_std": 0.06159982587573837
    },
    {
      "attn_type": "col",
      "backend": "fa2",
      "batch": 1,
      "rows": 1024,
      "cols": 32,
      "nheads": 12,
      "headdim": 128,
      "seq_len": 32,
      "batch_eff": 1024,
      "causal": false,
      "dtype": "torch.bfloat16",
      "rep": 25,
      "fwd_time_ms": 0.29532288074493407,
      "fwd_time_std_ms": 0.0016544859190779756,
      "fwd_tflops": 21.814940067458735,
      "fwd_tflops_std": 0.12221373120870027,
      "bwd_time_ms": 1.4502489614486698,
      "bwd_time_std_ms": 0.006218565665408609,
      "bwd_tflops": 11.105767208349807,
      "bwd_tflops_std": 0.0476207495993503
    },
    {
      "attn_type": "col",
      "backend": "fa2",
      "batch": 1,
      "rows": 1024,
      "cols": 64,
      "nheads": 12,
      "headdim": 128,
      "seq_len": 64,
      "batch_eff": 1024,
      "causal": false,
      "dtype": "torch.bfloat16",
      "rep": 25,
      "fwd_time_ms": 0.3722790408134461,
      "fwd_time_std_ms": 0.006356239248356558,
      "fwd_tflops": 69.22174216332954,
      "fwd_tflops_std": 1.1818821532815165,
      "bwd_time_ms": 1.9909478211402893,
      "bwd_time_std_ms": 0.028532168761838447,
      "bwd_tflops": 32.3587131495499,
      "bwd_tflops_std": 0.46373102031880026
    },
    {
      "attn_type": "col",
      "backend": "fa2",
      "batch": 1,
      "rows": 1024,
      "cols": 128,
      "nheads": 12,
      "headdim": 128,
      "seq_len": 128,
      "batch_eff": 1024,
      "causal": false,
      "dtype": "torch.bfloat16",
      "rep": 25,
      "fwd_time_ms": 0.6255615997314453,
      "fwd_time_std_ms": 0.000752269225497323,
      "fwd_tflops": 164.77868070586828,
      "fwd_tflops_std": 0.19815463507716838,
      "bwd_time_ms": 3.825762577056885,
      "bwd_time_std_ms": 0.010927642109530117,
      "bwd_tflops": 67.35860696254814,
      "bwd_tflops_std": 0.19239843954181818
    },
    {
      "attn_type": "col",
      "backend": "fa2",
      "batch": 1,
      "rows": 1024,
      "cols": 256,
      "nheads": 12,
      "headdim": 128,
      "seq_len": 256,
      "batch_eff": 1024,
      "causal": false,
      "dtype": "torch.bfloat16",
      "rep": 25,
      "fwd_time_ms": 1.9729062271118163,
      "fwd_time_std_ms": 0.06577064170124858,
      "fwd_tflops": 208.989588430465,
      "fwd_tflops_std": 6.967071800505036,
      "bwd_time_ms": 9.601827888488769,
      "bwd_time_std_ms": 0.23671712328309957,
      "bwd_tflops": 107.35374170534485,
      "bwd_tflops_std": 2.6466282467562343
    },
    {
      "attn_type": "col",
      "backend": "fa2",
      "batch": 1,
      "rows": 1024,
      "cols": 512,
      "nheads": 12,
      "headdim": 128,
      "seq_len": 512,
      "batch_eff": 1024,
      "causal": false,
      "dtype": "torch.bfloat16",
      "rep": 25,
      "fwd_time_ms": 7.685946846008301,
      "fwd_time_std_ms": 0.0778041006681247,
      "fwd_tflops": 214.58220759366134,
      "fwd_tflops_std": 2.1721950484053116,
      "bwd_time_ms": 27.683966331481933,
      "bwd_time_std_ms": 0.9809768634776805,
      "bwd_tflops": 148.93706179201544,
      "bwd_tflops_std": 5.277560663919932
    },
    {
      "attn_type": "col",
      "backend": "fa2",
      "batch": 1,
      "rows": 1024,
      "cols": 1024,
      "nheads": 12,
      "headdim": 128,
      "seq_len": 1024,
      "batch_eff": 1024,
      "causal": false,
      "dtype": "torch.bfloat16",
      "rep": 25,
      "fwd_time_ms": 26.210963211059568,
      "fwd_time_std_ms": 0.584534041965631,
      "fwd_tflops": 251.6912374999025,
      "fwd_tflops_std": 5.612998469322649,
      "bwd_time_ms": 90.31273277282716,
      "bwd_time_std_ms": 1.785851524693047,
      "bwd_tflops": 182.61737753109196,
      "bwd_tflops_std": 3.6110912834371676
    },
    {
      "attn_type": "col",
      "backend": "fa2",
      "rows": 1024,
      "cols": 2048,
      "error": "CUDA error: an illegal memory access was encountered\nCUDA kernel errors might be asynchronously reported at some other API call, so the stacktrace below might be incorrect.\nFor debugging consider passing CUDA_LAUNCH_BLOCKING=1\nCompile with `TORCH_USE_CUDA_DSA` to enable device-side assertions.\n"
    }
  ]
}