{
  "metadata": {
    "timestamp": "2026-03-07T20:00:03.321738",
    "gpu": "NVIDIA H100 NVL",
    "pytorch_version": "2.8.0+cu128",
    "cuda_version": "12.8",
    "cudnn_version": "9.10.2",
    "cudnn_enabled": true,
    "dtype": "bfloat16",
    "causal": false,
    "nheads": 12,
    "headdim": 64,
    "col_attn_rows": 1024,
    "col_attn_cols": [
      16,
      32,
      64,
      128,
      256,
      512,
      1024,
      2048
    ],
    "row_attn_rows": [
      32,
      64,
      128,
      256,
      512,
      1024,
      2048,
      4096,
      8192,
      16384
    ],
    "row_attn_cols": 64,
    "warmup": 5,
    "rep": 50
  },
  "results": [
    {
      "attn_type": "row",
      "backend": "fa2",
      "batch": 1,
      "rows": 32,
      "cols": 64,
      "nheads": 12,
      "headdim": 64,
      "seq_len": 32,
      "batch_eff": 64,
      "causal": false,
      "dtype": "torch.bfloat16",
      "rep": 50,
      "fwd_time_ms": 0.08018687963485718,
      "fwd_time_std_ms": 0.02489881857123814,
      "fwd_tflops": 2.510717375670065,
      "fwd_tflops_std": 0.779602557240416,
      "bwd_time_ms": 0.3194195181131363,
      "bwd_time_std_ms": 0.028173913575404917,
      "bwd_tflops": 1.5757223696697475,
      "bwd_tflops_std": 0.13898419897491532
    },
    {
      "attn_type": "row",
      "backend": "fa2",
      "batch": 1,
      "rows": 64,
      "cols": 64,
      "nheads": 12,
      "headdim": 64,
      "seq_len": 64,
      "batch_eff": 64,
      "causal": false,
      "dtype": "torch.bfloat16",
      "rep": 50,
      "fwd_time_ms": 0.07746496051549913,
      "fwd_time_std_ms": 0.006567604166663191,
      "fwd_tflops": 10.395750060943682,
      "fwd_tflops_std": 0.8813684401502071,
      "bwd_time_ms": 0.3214201584458351,
      "bwd_time_std_ms": 0.01163297929470799,
      "bwd_tflops": 6.263657916587301,
      "bwd_tflops_std": 0.22669705349259506
    },
    {
      "attn_type": "row",
      "backend": "fa2",
      "batch": 1,
      "rows": 128,
      "cols": 64,
      "nheads": 12,
      "headdim": 64,
      "seq_len": 128,
      "batch_eff": 64,
      "causal": false,
      "dtype": "torch.bfloat16",
      "rep": 50,
      "fwd_time_ms": 0.11226304039359092,
      "fwd_time_std_ms": 0.0006206775244383749,
      "fwd_tflops": 28.693552755265475,
      "fwd_tflops_std": 0.15864030787907316,
      "bwd_time_ms": 0.28799359992146495,
      "bwd_time_std_ms": 0.009230635207446249,
      "bwd_tflops": 27.96264806647109,
      "bwd_tflops_std": 0.8962456242297867
    },
    {
      "attn_type": "row",
      "backend": "fa2",
      "batch": 1,
      "rows": 256,
      "cols": 64,
      "nheads": 12,
      "headdim": 64,
      "seq_len": 256,
      "batch_eff": 64,
      "causal": false,
      "dtype": "torch.bfloat16",
      "rep": 50,
      "fwd_time_ms": 0.22572735995054244,
      "fwd_time_std_ms": 0.0005754833866500467,
      "fwd_tflops": 57.08170197366913,
      "fwd_tflops_std": 0.14552764527416265,
      "bwd_time_ms": 0.3864083197712897,
      "bwd_time_std_ms": 0.0011250712326357052,
      "bwd_tflops": 83.36325351137893,
      "bwd_tflops_std": 0.24272147773651143
    },
    {
      "attn_type": "row",
      "backend": "fa2",
      "batch": 1,
      "rows": 512,
      "cols": 64,
      "nheads": 12,
      "headdim": 64,
      "seq_len": 512,
      "batch_eff": 64,
      "causal": false,
      "dtype": "torch.bfloat16",
      "rep": 50,
      "fwd_time_ms": 0.524689279794693,
      "fwd_time_std_ms": 0.004856449172438669,
      "fwd_tflops": 98.2288175816496,
      "fwd_tflops_std": 0.9091919317289933,
      "bwd_time_ms": 1.0503539264202122,
      "bwd_time_std_ms": 0.026875554972944832,
      "bwd_tflops": 122.67200192142826,
      "bwd_tflops_std": 3.1388259217698837
    },
    {
      "attn_type": "row",
      "backend": "fa2",
      "batch": 1,
      "rows": 1024,
      "cols": 64,
      "nheads": 12,
      "headdim": 64,
      "seq_len": 1024,
      "batch_eff": 64,
      "causal": false,
      "dtype": "torch.bfloat16",
      "rep": 50,
      "fwd_time_ms": 1.4767353653907773,
      "fwd_time_std_ms": 0.03347233647364938,
      "fwd_tflops": 139.60418030176032,
      "fwd_tflops_std": 3.164330052427496,
      "bwd_time_ms": 3.2049830508232118,
      "bwd_time_std_ms": 0.033556584725825934,
      "bwd_tflops": 160.810858387416,
      "bwd_tflops_std": 1.6837103687409738
    },
    {
      "attn_type": "row",
      "backend": "fa2",
      "batch": 1,
      "rows": 2048,
      "cols": 64,
      "nheads": 12,
      "headdim": 64,
      "seq_len": 2048,
      "batch_eff": 64,
      "causal": false,
      "dtype": "torch.bfloat16",
      "rep": 50,
      "fwd_time_ms": 4.803459844589233,
      "fwd_time_std_ms": 0.16111981020003577,
      "fwd_tflops": 171.67494837307595,
      "fwd_tflops_std": 5.758398319729536,
      "bwd_time_ms": 10.88521527290344,
      "bwd_time_std_ms": 0.5478148294216569,
      "bwd_tflops": 189.39306668669204,
      "bwd_tflops_std": 9.531490918593525
    },
    {
      "attn_type": "row",
      "backend": "fa2",
      "batch": 1,
      "rows": 4096,
      "cols": 64,
      "nheads": 12,
      "headdim": 64,
      "seq_len": 4096,
      "batch_eff": 64,
      "causal": false,
      "dtype": "torch.bfloat16",
      "rep": 50,
      "fwd_time_ms": 16.742902565002446,
      "fwd_time_std_ms": 0.3980999620182603,
      "fwd_tflops": 197.01093466451277,
      "fwd_tflops_std": 4.68437568113585,
      "bwd_time_ms": 39.2741523361206,
      "bwd_time_std_ms": 1.0013153504908132,
      "bwd_tflops": 209.96855992575578,
      "bwd_tflops_std": 5.353259832949889
    },
    {
      "attn_type": "row",
      "backend": "fa2",
      "batch": 1,
      "rows": 8192,
      "cols": 64,
      "nheads": 12,
      "headdim": 64,
      "seq_len": 8192,
      "batch_eff": 64,
      "causal": false,
      "dtype": "torch.bfloat16",
      "rep": 50,
      "fwd_time_ms": 61.090196456909176,
      "fwd_time_std_ms": 0.166082774431789,
      "fwd_tflops": 215.97801772693057,
      "fwd_tflops_std": 0.5871683261923752,
      "bwd_time_ms": 147.81799079895015,
      "bwd_time_std_ms": 0.997842293260232,
      "bwd_tflops": 223.14840470361932,
      "bwd_tflops_std": 1.5063586961459585
    },
    {
      "attn_type": "row",
      "backend": "fa2",
      "batch": 1,
      "rows": 16384,
      "cols": 64,
      "nheads": 12,
      "headdim": 64,
      "seq_len": 16384,
      "batch_eff": 64,
      "causal": false,
      "dtype": "torch.bfloat16",
      "rep": 50,
      "fwd_time_ms": 233.2494595336914,
      "fwd_time_std_ms": 0.3881597455465269,
      "fwd_tflops": 226.26658273403098,
      "fwd_tflops_std": 0.37653926124976717,
      "bwd_time_ms": 571.1993991088866,
      "bwd_time_std_ms": 0.8315793805714964,
      "bwd_tflops": 230.99008076506794,
      "bwd_tflops_std": 0.3362863976755655
    }
  ]
}