{
  "metadata": {
    "timestamp": "2026-03-10T11:59:17.530160",
    "gpu": "NVIDIA H100 NVL",
    "pytorch_version": "2.8.0+cu128",
    "cuda_version": "12.8",
    "cudnn_version": "9.10.2",
    "cudnn_enabled": true,
    "dtype": "bfloat16",
    "causal": false,
    "nheads": 8,
    "headdim": 16,
    "col_attn_rows": 1024,
    "col_attn_cols": [
      16,
      32,
      64,
      128,
      256,
      512,
      1024,
      2048
    ],
    "row_attn_rows": [
      32,
      64,
      128,
      256,
      512,
      1024,
      2048,
      4096,
      8192,
      16384
    ],
    "row_attn_cols": 64,
    "warmup": 5,
    "rep": 50
  },
  "results": [
    {
      "attn_type": "col",
      "backend": "fa2",
      "batch": 1,
      "rows": 1024,
      "cols": 16,
      "nheads": 8,
      "headdim": 16,
      "seq_len": 16,
      "batch_eff": 1024,
      "causal": false,
      "dtype": "torch.bfloat16",
      "rep": 50,
      "fwd_time_ms": 0.15752063900232316,
      "fwd_time_std_ms": 0.01014884044580149,
      "fwd_tflops": 0.8520643951807516,
      "fwd_tflops_std": 0.05489734964895781,
      "bwd_time_ms": 0.5047737631201743,
      "bwd_time_std_ms": 0.010206303685075134,
      "bwd_tflops": 0.6647419983279026,
      "bwd_tflops_std": 0.013440791108516953
    },
    {
      "attn_type": "col",
      "backend": "fa2",
      "batch": 1,
      "rows": 1024,
      "cols": 32,
      "nheads": 8,
      "headdim": 16,
      "seq_len": 32,
      "batch_eff": 1024,
      "causal": false,
      "dtype": "torch.bfloat16",
      "rep": 50,
      "fwd_time_ms": 0.16151679933071136,
      "fwd_time_std_ms": 0.0003302668436554961,
      "fwd_tflops": 3.3239323353649293,
      "fwd_tflops_std": 0.006796721118016117,
      "bwd_time_ms": 0.5349587231874467,
      "bwd_time_std_ms": 0.0009803676372900918,
      "bwd_tflops": 2.508936151191067,
      "bwd_tflops_std": 0.004597887089305438
    },
    {
      "attn_type": "col",
      "backend": "fa2",
      "batch": 1,
      "rows": 1024,
      "cols": 64,
      "nheads": 8,
      "headdim": 16,
      "seq_len": 64,
      "batch_eff": 1024,
      "causal": false,
      "dtype": "torch.bfloat16",
      "rep": 50,
      "fwd_time_ms": 0.17693952023983,
      "fwd_time_std_ms": 0.0006207593199211004,
      "fwd_tflops": 12.136823051680176,
      "fwd_tflops_std": 0.04257978100851529,
      "bwd_time_ms": 0.5902892798185349,
      "bwd_time_std_ms": 0.0026803970052457424,
      "bwd_tflops": 9.0950476377454,
      "bwd_tflops_std": 0.0412989686315741
    },
    {
      "attn_type": "col",
      "backend": "fa2",
      "batch": 1,
      "rows": 1024,
      "cols": 128,
      "nheads": 8,
      "headdim": 16,
      "seq_len": 128,
      "batch_eff": 1024,
      "causal": false,
      "dtype": "torch.bfloat16",
      "rep": 50,
      "fwd_time_ms": 0.22599360018968584,
      "fwd_time_std_ms": 0.0019073101296005202,
      "fwd_tflops": 38.00963648877716,
      "fwd_tflops_std": 0.3207885738208037,
      "bwd_time_ms": 0.7299257549643516,
      "bwd_time_std_ms": 0.004619303387140862,
      "bwd_tflops": 29.420576454448845,
      "bwd_tflops_std": 0.18618683824125307
    },
    {
      "attn_type": "col",
      "backend": "fa2",
      "batch": 1,
      "rows": 1024,
      "cols": 256,
      "nheads": 8,
      "headdim": 16,
      "seq_len": 256,
      "batch_eff": 1024,
      "causal": false,
      "dtype": "torch.bfloat16",
      "rep": 50,
      "fwd_time_ms": 0.6031564772129058,
      "fwd_time_std_ms": 0.0026795434595201315,
      "fwd_tflops": 56.96654129749401,
      "fwd_tflops_std": 0.2530758251167752,
      "bwd_time_ms": 1.886745585203171,
      "bwd_time_std_ms": 0.007081223764363136,
      "bwd_tflops": 45.52778424058169,
      "bwd_tflops_std": 0.17087223112197625
    },
    {
      "attn_type": "col",
      "backend": "fa2",
      "batch": 1,
      "rows": 1024,
      "cols": 512,
      "nheads": 8,
      "headdim": 16,
      "seq_len": 512,
      "batch_eff": 1024,
      "causal": false,
      "dtype": "torch.bfloat16",
      "rep": 50,
      "fwd_time_ms": 1.8664569544792178,
      "fwd_time_std_ms": 0.01997454876663651,
      "fwd_tflops": 73.63628351683495,
      "fwd_tflops_std": 0.7880447135794201,
      "bwd_time_ms": 5.725831692218781,
      "bwd_time_std_ms": 0.25227756177368094,
      "bwd_tflops": 60.00829262008131,
      "bwd_tflops_std": 2.6439383066339075
    },
    {
      "attn_type": "col",
      "backend": "fa2",
      "batch": 1,
      "rows": 1024,
      "cols": 1024,
      "nheads": 8,
      "headdim": 16,
      "seq_len": 1024,
      "batch_eff": 1024,
      "causal": false,
      "dtype": "torch.bfloat16",
      "rep": 50,
      "fwd_time_ms": 6.701532154083252,
      "fwd_time_std_ms": 0.20494509717059334,
      "fwd_tflops": 82.03434695945361,
      "fwd_tflops_std": 2.508760209213872,
      "bwd_time_ms": 18.207313365936276,
      "bwd_time_std_ms": 0.5956284167778458,
      "bwd_tflops": 75.48557588355236,
      "bwd_tflops_std": 2.469411776984164
    },
    {
      "attn_type": "col",
      "backend": "fa2",
      "batch": 1,
      "rows": 1024,
      "cols": 2048,
      "nheads": 8,
      "headdim": 16,
      "seq_len": 2048,
      "batch_eff": 1024,
      "causal": false,
      "dtype": "torch.bfloat16",
      "rep": 50,
      "fwd_time_ms": 23.411307487487793,
      "fwd_time_std_ms": 0.37481294793758374,
      "fwd_tflops": 93.9299634045331,
      "fwd_tflops_std": 1.5038103490007295,
      "bwd_time_ms": 65.17900592803954,
      "bwd_time_std_ms": 0.7947274221186169,
      "bwd_tflops": 84.34553520115884,
      "bwd_tflops_std": 1.0284248555683395
    }
  ]
}