{
  "metadata": {
    "timestamp": "2026-03-07T20:10:35.330905",
    "gpu": "NVIDIA H100 NVL",
    "pytorch_version": "2.8.0+cu128",
    "cuda_version": "12.8",
    "cudnn_version": "9.10.2",
    "cudnn_enabled": true,
    "dtype": "bfloat16",
    "causal": false,
    "nheads": 16,
    "headdim": 128,
    "col_attn_rows": 1024,
    "col_attn_cols": [
      16,
      32,
      64,
      128,
      256,
      512,
      1024,
      2048
    ],
    "row_attn_rows": [
      32,
      64,
      128,
      256,
      512,
      1024,
      2048,
      4096,
      8192,
      16384
    ],
    "row_attn_cols": 64,
    "warmup": 5,
    "rep": 25
  },
  "results": [
    {
      "attn_type": "col",
      "backend": "fa2",
      "batch": 1,
      "rows": 1024,
      "cols": 16,
      "nheads": 16,
      "headdim": 128,
      "seq_len": 16,
      "batch_eff": 1024,
      "causal": false,
      "dtype": "torch.bfloat16",
      "rep": 25,
      "fwd_time_ms": 0.36858240008354193,
      "fwd_time_std_ms": 0.019465871365505406,
      "fwd_tflops": 5.82633258536831,
      "fwd_tflops_std": 0.307704981609881,
      "bwd_time_ms": 1.63027584195137,
      "bwd_time_std_ms": 0.019595730326938916,
      "bwd_tflops": 3.293129286375173,
      "bwd_tflops_std": 0.03958303973290282
    },
    {
      "attn_type": "col",
      "backend": "fa2",
      "batch": 1,
      "rows": 1024,
      "cols": 32,
      "nheads": 16,
      "headdim": 128,
      "seq_len": 32,
      "batch_eff": 1024,
      "causal": false,
      "dtype": "torch.bfloat16",
      "rep": 25,
      "fwd_time_ms": 0.38863872170448305,
      "fwd_time_std_ms": 0.002394598373025597,
      "fwd_tflops": 22.10262156669942,
      "fwd_tflops_std": 0.13618535335617943,
      "bwd_time_ms": 1.9493171346187594,
      "bwd_time_std_ms": 0.002939538906984003,
      "bwd_tflops": 11.016594528729659,
      "bwd_tflops_std": 0.01661284747594517
    },
    {
      "attn_type": "col",
      "backend": "fa2",
      "batch": 1,
      "rows": 1024,
      "cols": 64,
      "nheads": 16,
      "headdim": 128,
      "seq_len": 64,
      "batch_eff": 1024,
      "causal": false,
      "dtype": "torch.bfloat16",
      "rep": 25,
      "fwd_time_ms": 0.48274688124656673,
      "fwd_time_std_ms": 0.004182031261176835,
      "fwd_tflops": 71.1754745660397,
      "fwd_tflops_std": 0.616592403239667,
      "bwd_time_ms": 2.688117767572403,
      "bwd_time_std_ms": 0.04804344862663194,
      "bwd_tflops": 31.955201872563176,
      "bwd_tflops_std": 0.5711201042001189
    },
    {
      "attn_type": "col",
      "backend": "fa2",
      "batch": 1,
      "rows": 1024,
      "cols": 128,
      "nheads": 16,
      "headdim": 128,
      "seq_len": 128,
      "batch_eff": 1024,
      "causal": false,
      "dtype": "torch.bfloat16",
      "rep": 25,
      "fwd_time_ms": 0.8345164799690248,
      "fwd_time_std_ms": 0.00362336859980201,
      "fwd_tflops": 164.69291712142268,
      "fwd_tflops_std": 0.7150765249473652,
      "bwd_time_ms": 5.0396441340446465,
      "bwd_time_std_ms": 0.021970910380548835,
      "bwd_tflops": 68.17889806124872,
      "bwd_tflops_std": 0.2972337766924953
    },
    {
      "attn_type": "col",
      "backend": "fa2",
      "batch": 1,
      "rows": 1024,
      "cols": 256,
      "nheads": 16,
      "headdim": 128,
      "seq_len": 256,
      "batch_eff": 1024,
      "causal": false,
      "dtype": "torch.bfloat16",
      "rep": 25,
      "fwd_time_ms": 2.6554854393005374,
      "fwd_time_std_ms": 0.12663255001328702,
      "fwd_tflops": 207.02648402877603,
      "fwd_tflops_std": 9.87250436581358,
      "bwd_time_ms": 13.56189443588257,
      "bwd_time_std_ms": 0.6215068042530583,
      "bwd_tflops": 101.3420021235078,
      "bwd_tflops_std": 4.644243779817411
    },
    {
      "attn_type": "col",
      "backend": "fa2",
      "batch": 1,
      "rows": 1024,
      "cols": 512,
      "nheads": 16,
      "headdim": 128,
      "seq_len": 512,
      "batch_eff": 1024,
      "causal": false,
      "dtype": "torch.bfloat16",
      "rep": 25,
      "fwd_time_ms": 9.872669372558594,
      "fwd_time_std_ms": 0.35881105778327066,
      "fwd_tflops": 222.73846844950128,
      "fwd_tflops_std": 8.095178969077432,
      "bwd_time_ms": 37.03878173828125,
      "bwd_time_std_ms": 0.919038295044522,
      "bwd_tflops": 148.42707780526231,
      "bwd_tflops_std": 3.682901059988235
    },
    {
      "attn_type": "col",
      "backend": "fa2",
      "batch": 1,
      "rows": 1024,
      "cols": 1024,
      "nheads": 16,
      "headdim": 128,
      "seq_len": 1024,
      "batch_eff": 1024,
      "causal": false,
      "dtype": "torch.bfloat16",
      "rep": 25,
      "fwd_time_ms": 35.01933197021484,
      "fwd_time_std_ms": 0.2988501337174446,
      "fwd_tflops": 251.1782072167848,
      "fwd_tflops_std": 2.1435200670729313,
      "bwd_time_ms": 119.82935455322266,
      "bwd_time_std_ms": 1.1964646914750143,
      "bwd_tflops": 183.51290163841244,
      "bwd_tflops_std": 1.8323282142270607
    },
    {
      "attn_type": "col",
      "backend": "fa2",
      "rows": 1024,
      "cols": 2048,
      "error": "CUDA out of memory. Tried to allocate 16.00 GiB. GPU 0 has a total capacity of 93.09 GiB of which 8.38 GiB is free. Including non-PyTorch memory, this process has 84.69 GiB memory in use. Of the allocated memory 80.28 GiB is allocated by PyTorch, and 3.75 GiB is reserved by PyTorch but unallocated. If reserved but unallocated memory is large try setting PYTORCH_CUDA_ALLOC_CONF=expandable_segments:True to avoid fragmentation.  See documentation for Memory Management  (https://pytorch.org/docs/stable/notes/cuda.html#environment-variables)"
    }
  ]
}