{
  "metadata": {
    "timestamp": "2026-03-07T20:08:06.073176",
    "gpu": "NVIDIA H100 NVL",
    "pytorch_version": "2.8.0+cu128",
    "cuda_version": "12.8",
    "cudnn_version": "9.10.2",
    "cudnn_enabled": true,
    "dtype": "bfloat16",
    "causal": false,
    "nheads": 8,
    "headdim": 128,
    "col_attn_rows": 1024,
    "col_attn_cols": [
      16,
      32,
      64,
      128,
      256,
      512,
      1024,
      2048
    ],
    "row_attn_rows": [
      32,
      64,
      128,
      256,
      512,
      1024,
      2048,
      4096,
      8192,
      16384
    ],
    "row_attn_cols": 64,
    "warmup": 5,
    "rep": 25
  },
  "results": [
    {
      "attn_type": "row",
      "backend": "fa2",
      "batch": 1,
      "rows": 32,
      "cols": 64,
      "nheads": 8,
      "headdim": 128,
      "seq_len": 32,
      "batch_eff": 64,
      "causal": false,
      "dtype": "torch.bfloat16",
      "rep": 25,
      "fwd_time_ms": 0.08648192048072816,
      "fwd_time_std_ms": 0.029920668825132096,
      "fwd_tflops": 3.1039488312452406,
      "fwd_tflops_std": 1.0738917974253424,
      "bwd_time_ms": 0.33218944191932676,
      "bwd_time_std_ms": 0.07462303617598572,
      "bwd_tflops": 2.0201985834425646,
      "bwd_tflops_std": 0.4538174094392817
    },
    {
      "attn_type": "row",
      "backend": "fa2",
      "batch": 1,
      "rows": 64,
      "cols": 64,
      "nheads": 8,
      "headdim": 128,
      "seq_len": 64,
      "batch_eff": 64,
      "causal": false,
      "dtype": "torch.bfloat16",
      "rep": 25,
      "fwd_time_ms": 0.07924480050802231,
      "fwd_time_std_ms": 0.0041252855423938705,
      "fwd_tflops": 13.549681709291454,
      "fwd_tflops_std": 0.705362442722284,
      "bwd_time_ms": 0.32060543805360797,
      "bwd_time_std_ms": 0.011497996721833756,
      "bwd_tflops": 8.3727667761866,
      "bwd_tflops_std": 0.30027577052256654
    },
    {
      "attn_type": "row",
      "backend": "fa2",
      "batch": 1,
      "rows": 128,
      "cols": 64,
      "nheads": 8,
      "headdim": 128,
      "seq_len": 128,
      "batch_eff": 64,
      "causal": false,
      "dtype": "torch.bfloat16",
      "rep": 25,
      "fwd_time_ms": 0.13663616001605988,
      "fwd_time_std_ms": 0.0006138882677381309,
      "fwd_tflops": 31.433606561361064,
      "fwd_tflops_std": 0.14122705350068238,
      "bwd_time_ms": 0.26459263741970057,
      "bwd_time_std_ms": 0.010510802867890535,
      "bwd_tflops": 40.5809411203236,
      "bwd_tflops_std": 1.6120564671367374
    },
    {
      "attn_type": "row",
      "backend": "fa2",
      "batch": 1,
      "rows": 256,
      "cols": 64,
      "nheads": 8,
      "headdim": 128,
      "seq_len": 256,
      "batch_eff": 64,
      "causal": false,
      "dtype": "torch.bfloat16",
      "rep": 25,
      "fwd_time_ms": 0.2768627178668976,
      "fwd_time_std_ms": 0.0007667990029306344,
      "fwd_tflops": 62.051941541147706,
      "fwd_tflops_std": 0.17185906166873985,
      "bwd_time_ms": 0.4800780832767486,
      "bwd_time_std_ms": 0.0011916233284769648,
      "bwd_tflops": 89.46393192300965,
      "bwd_tflops_std": 0.22206243536278633
    },
    {
      "attn_type": "row",
      "backend": "fa2",
      "batch": 1,
      "rows": 512,
      "cols": 64,
      "nheads": 8,
      "headdim": 128,
      "seq_len": 512,
      "batch_eff": 64,
      "causal": false,
      "dtype": "torch.bfloat16",
      "rep": 25,
      "fwd_time_ms": 0.6372390365600586,
      "fwd_time_std_ms": 0.002852226478816428,
      "fwd_tflops": 107.83940216054752,
      "fwd_tflops_std": 0.48267978051444765,
      "bwd_time_ms": 1.3374809598922728,
      "bwd_time_std_ms": 0.03294449261962252,
      "bwd_tflops": 128.44944862156206,
      "bwd_tflops_std": 3.1639343205666832
    },
    {
      "attn_type": "row",
      "backend": "fa2",
      "batch": 1,
      "rows": 1024,
      "cols": 64,
      "nheads": 8,
      "headdim": 128,
      "seq_len": 1024,
      "batch_eff": 64,
      "causal": false,
      "dtype": "torch.bfloat16",
      "rep": 25,
      "fwd_time_ms": 1.74555392742157,
      "fwd_time_std_ms": 0.023831570311849386,
      "fwd_tflops": 157.4731680447327,
      "fwd_tflops_std": 2.149938089871097,
      "bwd_time_ms": 4.079440655708313,
      "bwd_time_std_ms": 0.052998309210360466,
      "bwd_tflops": 168.4531839918829,
      "bwd_tflops_std": 2.188470108072066
    },
    {
      "attn_type": "row",
      "backend": "fa2",
      "batch": 1,
      "rows": 2048,
      "cols": 64,
      "nheads": 8,
      "headdim": 128,
      "seq_len": 2048,
      "batch_eff": 64,
      "causal": false,
      "dtype": "torch.bfloat16",
      "rep": 25,
      "fwd_time_ms": 5.523059234619141,
      "fwd_time_std_ms": 0.07669825896538188,
      "fwd_tflops": 199.07655903527893,
      "fwd_tflops_std": 2.7645594280644836,
      "bwd_time_ms": 14.3968408203125,
      "bwd_time_std_ms": 0.6439443365323072,
      "bwd_tflops": 190.9293228804578,
      "bwd_tflops_std": 8.539919117071292
    },
    {
      "attn_type": "row",
      "backend": "fa2",
      "batch": 1,
      "rows": 4096,
      "cols": 64,
      "nheads": 8,
      "headdim": 128,
      "seq_len": 4096,
      "batch_eff": 64,
      "causal": false,
      "dtype": "torch.bfloat16",
      "rep": 25,
      "fwd_time_ms": 18.919160461425783,
      "fwd_time_std_ms": 0.30161012240708507,
      "fwd_tflops": 232.46520478914292,
      "fwd_tflops_std": 3.7059709396088913,
      "bwd_time_ms": 49.41221282958985,
      "bwd_time_std_ms": 1.3868131170327036,
      "bwd_tflops": 222.51819232786357,
      "bwd_tflops_std": 6.2452404016581795
    },
    {
      "attn_type": "row",
      "backend": "fa2",
      "batch": 1,
      "rows": 8192,
      "cols": 64,
      "nheads": 8,
      "headdim": 128,
      "seq_len": 8192,
      "batch_eff": 64,
      "causal": false,
      "dtype": "torch.bfloat16",
      "rep": 25,
      "fwd_time_ms": 69.30542846679687,
      "fwd_time_std_ms": 0.7904941406732194,
      "fwd_tflops": 253.83561480821288,
      "fwd_tflops_std": 2.895235923636306,
      "bwd_time_ms": 185.18760681152347,
      "bwd_time_std_ms": 1.2158665481735196,
      "bwd_tflops": 237.49140597621934,
      "bwd_tflops_std": 1.5592720321671847
    },
    {
      "attn_type": "row",
      "backend": "fa2",
      "batch": 1,
      "rows": 16384,
      "cols": 64,
      "nheads": 8,
      "headdim": 128,
      "seq_len": 16384,
      "batch_eff": 64,
      "causal": false,
      "dtype": "torch.bfloat16",
      "rep": 25,
      "fwd_time_ms": 263.1142749023437,
      "fwd_time_std_ms": 0.4855051295901226,
      "fwd_tflops": 267.4455584129053,
      "fwd_tflops_std": 0.49349732371515537,
      "bwd_time_ms": 712.9295043945312,
      "bwd_time_std_ms": 0.8107144938577258,
      "bwd_tflops": 246.75912465365693,
      "bwd_tflops_std": 0.28060446035020276
    }
  ]
}