{
  "metadata": {
    "timestamp": "2026-03-07T19:58:23.687156",
    "gpu": "NVIDIA H100 NVL",
    "pytorch_version": "2.8.0+cu128",
    "cuda_version": "12.8",
    "cudnn_version": "9.10.2",
    "cudnn_enabled": true,
    "dtype": "bfloat16",
    "causal": false,
    "nheads": 8,
    "headdim": 64,
    "col_attn_rows": 1024,
    "col_attn_cols": [
      16,
      32,
      64,
      128,
      256,
      512,
      1024,
      2048
    ],
    "row_attn_rows": [
      32,
      64,
      128,
      256,
      512,
      1024,
      2048,
      4096,
      8192,
      16384
    ],
    "row_attn_cols": 64,
    "warmup": 5,
    "rep": 50
  },
  "results": [
    {
      "attn_type": "col",
      "backend": "fa2",
      "batch": 1,
      "rows": 1024,
      "cols": 16,
      "nheads": 8,
      "headdim": 64,
      "seq_len": 16,
      "batch_eff": 1024,
      "causal": false,
      "dtype": "torch.bfloat16",
      "rep": 50,
      "fwd_time_ms": 0.2115193608403206,
      "fwd_time_std_ms": 0.013847314036834533,
      "fwd_tflops": 2.538164401911618,
      "fwd_tflops_std": 0.16616332146028623,
      "bwd_time_ms": 0.793169274032116,
      "bwd_time_std_ms": 0.013909253547753771,
      "bwd_tflops": 1.6921700372695654,
      "bwd_tflops_std": 0.02967439973392276
    },
    {
      "attn_type": "col",
      "backend": "fa2",
      "batch": 1,
      "rows": 1024,
      "cols": 32,
      "nheads": 8,
      "headdim": 64,
      "seq_len": 32,
      "batch_eff": 1024,
      "causal": false,
      "dtype": "torch.bfloat16",
      "rep": 50,
      "fwd_time_ms": 0.21508351922035218,
      "fwd_time_std_ms": 0.00044200493648335773,
      "fwd_tflops": 9.984417475519878,
      "fwd_tflops_std": 0.020518363415698182,
      "bwd_time_ms": 0.8706099236011506,
      "bwd_time_std_ms": 0.0013100268982937202,
      "bwd_tflops": 6.166606851657652,
      "bwd_tflops_std": 0.00927903602736191
    },
    {
      "attn_type": "col",
      "backend": "fa2",
      "batch": 1,
      "rows": 1024,
      "cols": 64,
      "nheads": 8,
      "headdim": 64,
      "seq_len": 64,
      "batch_eff": 1024,
      "causal": false,
      "dtype": "torch.bfloat16",
      "rep": 50,
      "fwd_time_ms": 0.22592320024967194,
      "fwd_time_std_ms": 0.0005388270551446926,
      "fwd_tflops": 38.021480673552354,
      "fwd_tflops_std": 0.09068126886008383,
      "bwd_time_ms": 1.020812801718712,
      "bwd_time_std_ms": 0.005483294415406444,
      "bwd_tflops": 21.036997619782454,
      "bwd_tflops_std": 0.1130002007922089
    },
    {
      "attn_type": "col",
      "backend": "fa2",
      "batch": 1,
      "rows": 1024,
      "cols": 128,
      "nheads": 8,
      "headdim": 64,
      "seq_len": 128,
      "batch_eff": 1024,
      "causal": false,
      "dtype": "torch.bfloat16",
      "rep": 50,
      "fwd_time_ms": 0.24229696035385132,
      "fwd_time_std_ms": 0.0006967266643806942,
      "fwd_tflops": 141.80837563055235,
      "fwd_tflops_std": 0.40777101120059017,
      "bwd_time_ms": 1.392982397079468,
      "bwd_time_std_ms": 0.01984735846993154,
      "bwd_tflops": 61.66577991229242,
      "bwd_tflops_std": 0.8786204634123236
    },
    {
      "attn_type": "col",
      "backend": "fa2",
      "batch": 1,
      "rows": 1024,
      "cols": 256,
      "nheads": 8,
      "headdim": 64,
      "seq_len": 256,
      "batch_eff": 1024,
      "causal": false,
      "dtype": "torch.bfloat16",
      "rep": 50,
      "fwd_time_ms": 0.7765593636035919,
      "fwd_time_std_ms": 0.02833594449186334,
      "fwd_tflops": 176.9844778307999,
      "fwd_tflops_std": 6.458002536294146,
      "bwd_time_ms": 3.3811187064647674,
      "bwd_time_std_ms": 0.029528633690661568,
      "bwd_tflops": 101.62239587241785,
      "bwd_tflops_std": 0.8875081779135678
    },
    {
      "attn_type": "col",
      "backend": "fa2",
      "batch": 1,
      "rows": 1024,
      "cols": 512,
      "nheads": 8,
      "headdim": 64,
      "seq_len": 512,
      "batch_eff": 1024,
      "causal": false,
      "dtype": "torch.bfloat16",
      "rep": 50,
      "fwd_time_ms": 2.801425275802613,
      "fwd_time_std_ms": 0.07915003371776498,
      "fwd_tflops": 196.2414698819672,
      "fwd_tflops_std": 5.544505895675327,
      "bwd_time_ms": 10.079393949508665,
      "bwd_time_std_ms": 0.3476671414757332,
      "bwd_tflops": 136.35636642488774,
      "bwd_tflops_std": 4.703321288406359
    },
    {
      "attn_type": "col",
      "backend": "fa2",
      "batch": 1,
      "rows": 1024,
      "cols": 1024,
      "nheads": 8,
      "headdim": 64,
      "seq_len": 1024,
      "batch_eff": 1024,
      "causal": false,
      "dtype": "torch.bfloat16",
      "rep": 50,
      "fwd_time_ms": 10.584435863494875,
      "fwd_time_std_ms": 0.2532215476385403,
      "fwd_tflops": 207.76008130355893,
      "fwd_tflops_std": 4.970442449998,
      "bwd_time_ms": 31.379304981231684,
      "bwd_time_std_ms": 0.8523646756220856,
      "bwd_tflops": 175.19693766857336,
      "bwd_tflops_std": 4.758922513904411
    },
    {
      "attn_type": "col",
      "backend": "fa2",
      "batch": 1,
      "rows": 1024,
      "cols": 2048,
      "nheads": 8,
      "headdim": 64,
      "seq_len": 2048,
      "batch_eff": 1024,
      "causal": false,
      "dtype": "torch.bfloat16",
      "rep": 50,
      "fwd_time_ms": 39.526398773193364,
      "fwd_time_std_ms": 0.4272940089013092,
      "fwd_tflops": 222.5371725028862,
      "fwd_tflops_std": 2.4057036188383867,
      "bwd_time_ms": 110.41493209838865,
      "bwd_time_std_ms": 0.6945441285752364,
      "bwd_tflops": 199.15995180728743,
      "bwd_tflops_std": 1.2527777950523884
    }
  ]
}