{
  "metadata": {
    "timestamp": "2026-03-07T19:59:38.164539",
    "gpu": "NVIDIA H100 NVL",
    "pytorch_version": "2.8.0+cu128",
    "cuda_version": "12.8",
    "cudnn_version": "9.10.2",
    "cudnn_enabled": true,
    "dtype": "bfloat16",
    "causal": false,
    "nheads": 12,
    "headdim": 64,
    "col_attn_rows": 1024,
    "col_attn_cols": [
      16,
      32,
      64,
      128,
      256,
      512,
      1024,
      2048
    ],
    "row_attn_rows": [
      32,
      64,
      128,
      256,
      512,
      1024,
      2048,
      4096,
      8192,
      16384
    ],
    "row_attn_cols": 64,
    "warmup": 5,
    "rep": 50
  },
  "results": [
    {
      "attn_type": "col",
      "backend": "fa2",
      "batch": 1,
      "rows": 1024,
      "cols": 16,
      "nheads": 12,
      "headdim": 64,
      "seq_len": 16,
      "batch_eff": 1024,
      "causal": false,
      "dtype": "torch.bfloat16",
      "rep": 50,
      "fwd_time_ms": 0.31242751955986026,
      "fwd_time_std_ms": 0.015290755278296337,
      "fwd_tflops": 2.577578214411121,
      "fwd_tflops_std": 0.1261512357898327,
      "bwd_time_ms": 1.1835059106349943,
      "bwd_time_std_ms": 0.015428351637028031,
      "bwd_tflops": 1.701103392816863,
      "bwd_tflops_std": 0.02217582614457621
    },
    {
      "attn_type": "col",
      "backend": "fa2",
      "batch": 1,
      "rows": 1024,
      "cols": 32,
      "nheads": 12,
      "headdim": 64,
      "seq_len": 32,
      "batch_eff": 1024,
      "causal": false,
      "dtype": "torch.bfloat16",
      "rep": 50,
      "fwd_time_ms": 0.316026241183281,
      "fwd_time_std_ms": 0.0004537976616929432,
      "fwd_tflops": 10.19290505731084,
      "fwd_tflops_std": 0.014636494942783069,
      "bwd_time_ms": 1.302633603215218,
      "bwd_time_std_ms": 0.001736371675596162,
      "bwd_tflops": 6.182140288814193,
      "bwd_tflops_std": 0.008240608307327164
    },
    {
      "attn_type": "col",
      "backend": "fa2",
      "batch": 1,
      "rows": 1024,
      "cols": 64,
      "nheads": 12,
      "headdim": 64,
      "seq_len": 64,
      "batch_eff": 1024,
      "causal": false,
      "dtype": "torch.bfloat16",
      "rep": 50,
      "fwd_time_ms": 0.3310995185375213,
      "fwd_time_std_ms": 0.0004354813825613498,
      "fwd_tflops": 38.91549569420422,
      "fwd_tflops_std": 0.0511839278499338,
      "bwd_time_ms": 1.5473945558071138,
      "bwd_time_std_ms": 0.012541905799074759,
      "bwd_tflops": 20.81709192985899,
      "bwd_tflops_std": 0.1687262017403115
    },
    {
      "attn_type": "col",
      "backend": "fa2",
      "batch": 1,
      "rows": 1024,
      "cols": 128,
      "nheads": 12,
      "headdim": 64,
      "seq_len": 128,
      "batch_eff": 1024,
      "causal": false,
      "dtype": "torch.bfloat16",
      "rep": 50,
      "fwd_time_ms": 0.37129088044166564,
      "fwd_time_std_ms": 0.009405995702999064,
      "fwd_tflops": 138.8119403597835,
      "fwd_tflops_std": 3.5165542256140117,
      "bwd_time_ms": 2.1036851251125337,
      "bwd_time_std_ms": 0.011673320961402724,
      "bwd_tflops": 61.24919425529873,
      "bwd_tflops_std": 0.3398709695830354
    },
    {
      "attn_type": "col",
      "backend": "fa2",
      "batch": 1,
      "rows": 1024,
      "cols": 256,
      "nheads": 12,
      "headdim": 64,
      "seq_len": 256,
      "batch_eff": 1024,
      "causal": false,
      "dtype": "torch.bfloat16",
      "rep": 50,
      "fwd_time_ms": 1.1842732810974121,
      "fwd_time_std_ms": 0.04892676282125262,
      "fwd_tflops": 174.08011604970298,
      "fwd_tflops_std": 7.191901299983286,
      "bwd_time_ms": 5.307983293533325,
      "bwd_time_std_ms": 0.26717185385134173,
      "bwd_tflops": 97.09828517130096,
      "bwd_tflops_std": 4.88734184348462
    },
    {
      "attn_type": "col",
      "backend": "fa2",
      "batch": 1,
      "rows": 1024,
      "cols": 512,
      "nheads": 12,
      "headdim": 64,
      "seq_len": 512,
      "batch_eff": 1024,
      "causal": false,
      "dtype": "torch.bfloat16",
      "rep": 50,
      "fwd_time_ms": 4.612470417022705,
      "fwd_time_std_ms": 0.09836477158949147,
      "fwd_tflops": 178.78352515576483,
      "fwd_tflops_std": 3.812707513745414,
      "bwd_time_ms": 14.76422975540161,
      "bwd_time_std_ms": 0.6440630968367924,
      "bwd_tflops": 139.63371853690865,
      "bwd_tflops_std": 6.091271043165373
    },
    {
      "attn_type": "col",
      "backend": "fa2",
      "batch": 1,
      "rows": 1024,
      "cols": 1024,
      "nheads": 12,
      "headdim": 64,
      "seq_len": 1024,
      "batch_eff": 1024,
      "causal": false,
      "dtype": "torch.bfloat16",
      "rep": 50,
      "fwd_time_ms": 15.82328701019287,
      "fwd_time_std_ms": 0.3664280009406052,
      "fwd_tflops": 208.46078828015862,
      "fwd_tflops_std": 4.827433761063416,
      "bwd_time_ms": 47.57489849090578,
      "bwd_time_std_ms": 0.9217311658246101,
      "bwd_tflops": 173.33378461955806,
      "bwd_tflops_std": 3.358223694470258
    },
    {
      "attn_type": "col",
      "backend": "fa2",
      "batch": 1,
      "rows": 1024,
      "cols": 2048,
      "nheads": 12,
      "headdim": 64,
      "seq_len": 2048,
      "batch_eff": 1024,
      "causal": false,
      "dtype": "torch.bfloat16",
      "rep": 50,
      "fwd_time_ms": 59.39909492492675,
      "fwd_time_std_ms": 0.44600432556463937,
      "fwd_tflops": 222.12694570494367,
      "fwd_tflops_std": 1.6678634368769185,
      "bwd_time_ms": 165.48942283630373,
      "bwd_time_std_ms": 1.283601737750223,
      "bwd_tflops": 199.31998231638005,
      "bwd_tflops_std": 1.5460050031277492
    }
  ]
}