{
  "metadata": {
    "timestamp": "2026-03-10T11:59:28.812653",
    "gpu": "NVIDIA H100 NVL",
    "pytorch_version": "2.8.0+cu128",
    "cuda_version": "12.8",
    "cudnn_version": "9.10.2",
    "cudnn_enabled": true,
    "dtype": "bfloat16",
    "causal": false,
    "nheads": 8,
    "headdim": 16,
    "col_attn_rows": 1024,
    "col_attn_cols": [
      16,
      32,
      64,
      128,
      256,
      512,
      1024,
      2048
    ],
    "row_attn_rows": [
      32,
      64,
      128,
      256,
      512,
      1024,
      2048,
      4096,
      8192,
      16384
    ],
    "row_attn_cols": 64,
    "warmup": 5,
    "rep": 50
  },
  "results": [
    {
      "attn_type": "row",
      "backend": "fa2",
      "batch": 1,
      "rows": 32,
      "cols": 64,
      "nheads": 8,
      "headdim": 16,
      "seq_len": 32,
      "batch_eff": 64,
      "causal": false,
      "dtype": "torch.bfloat16",
      "rep": 50,
      "fwd_time_ms": 0.07440575987100602,
      "fwd_time_std_ms": 0.019221421402332264,
      "fwd_tflops": 0.45096551742999247,
      "fwd_tflops_std": 0.11649902189656247,
      "bwd_time_ms": 0.31366528064012533,
      "bwd_time_std_ms": 0.02240014839865828,
      "bwd_tflops": 0.26743820619485215,
      "bwd_tflops_std": 0.01909887984417652
    },
    {
      "attn_type": "row",
      "backend": "fa2",
      "batch": 1,
      "rows": 64,
      "cols": 64,
      "nheads": 8,
      "headdim": 16,
      "seq_len": 64,
      "batch_eff": 64,
      "causal": false,
      "dtype": "torch.bfloat16",
      "rep": 50,
      "fwd_time_ms": 0.07107584029436112,
      "fwd_time_std_ms": 0.009444855281218379,
      "fwd_tflops": 1.888373425402166,
      "fwd_tflops_std": 0.25093496814046223,
      "bwd_time_ms": 0.31282816201448455,
      "bwd_time_std_ms": 0.013546590182728606,
      "bwd_tflops": 1.0726154507293486,
      "bwd_tflops_std": 0.04644812615694246
    },
    {
      "attn_type": "row",
      "backend": "fa2",
      "batch": 1,
      "rows": 128,
      "cols": 64,
      "nheads": 8,
      "headdim": 16,
      "seq_len": 128,
      "batch_eff": 64,
      "causal": false,
      "dtype": "torch.bfloat16",
      "rep": 50,
      "fwd_time_ms": 0.07123263999819755,
      "fwd_time_std_ms": 0.008227509417317714,
      "fwd_tflops": 7.536866695009264,
      "fwd_tflops_std": 0.8705228629996871,
      "bwd_time_ms": 0.31309695973992346,
      "bwd_time_std_ms": 0.01375416726114938,
      "bwd_tflops": 4.286778386845055,
      "bwd_tflops_std": 0.1883156802069349
    },
    {
      "attn_type": "row",
      "backend": "fa2",
      "batch": 1,
      "rows": 256,
      "cols": 64,
      "nheads": 8,
      "headdim": 16,
      "seq_len": 256,
      "batch_eff": 64,
      "causal": false,
      "dtype": "torch.bfloat16",
      "rep": 50,
      "fwd_time_ms": 0.07373887971043586,
      "fwd_time_std_ms": 0.0030456443328154047,
      "fwd_tflops": 29.12281358806809,
      "fwd_tflops_std": 1.2028624859564572,
      "bwd_time_ms": 0.31247104033827783,
      "bwd_time_std_ms": 0.015940453549396744,
      "bwd_tflops": 17.181461405792653,
      "bwd_tflops_std": 0.8764981457266912
    },
    {
      "attn_type": "row",
      "backend": "fa2",
      "batch": 1,
      "rows": 512,
      "cols": 64,
      "nheads": 8,
      "headdim": 16,
      "seq_len": 512,
      "batch_eff": 64,
      "causal": false,
      "dtype": "torch.bfloat16",
      "rep": 50,
      "fwd_time_ms": 0.17198655992746353,
      "fwd_time_std_ms": 0.0004988333141678095,
      "fwd_tflops": 49.945382916100314,
      "fwd_tflops_std": 0.1448626037867519,
      "bwd_time_ms": 0.37961152166128176,
      "bwd_time_std_ms": 0.0008496649320812563,
      "bwd_tflops": 56.57056030865544,
      "bwd_tflops_std": 0.12661897371318592
    },
    {
      "attn_type": "row",
      "backend": "fa2",
      "batch": 1,
      "rows": 1024,
      "cols": 64,
      "nheads": 8,
      "headdim": 16,
      "seq_len": 1024,
      "batch_eff": 64,
      "causal": false,
      "dtype": "torch.bfloat16",
      "rep": 50,
      "fwd_time_ms": 0.49583615899086003,
      "fwd_time_std_ms": 0.0007446473375120758,
      "fwd_tflops": 69.29655642285131,
      "fwd_tflops_std": 0.10406965144303396,
      "bwd_time_ms": 1.1895788800716398,
      "bwd_time_std_ms": 0.002945228530944755,
      "bwd_tflops": 72.20987809974139,
      "bwd_tflops_std": 0.17878141311872758
    },
    {
      "attn_type": "row",
      "backend": "fa2",
      "batch": 1,
      "rows": 2048,
      "cols": 64,
      "nheads": 8,
      "headdim": 16,
      "seq_len": 2048,
      "batch_eff": 64,
      "causal": false,
      "dtype": "torch.bfloat16",
      "rep": 50,
      "fwd_time_ms": 1.6156524801254275,
      "fwd_time_std_ms": 0.007740267325685922,
      "fwd_tflops": 85.06715098863974,
      "fwd_tflops_std": 0.4075396766236774,
      "bwd_time_ms": 4.177235198020934,
      "bwd_time_std_ms": 0.020499010203934125,
      "bwd_tflops": 82.25473725845927,
      "bwd_tflops_std": 0.40364993074412636
    },
    {
      "attn_type": "row",
      "backend": "fa2",
      "batch": 1,
      "rows": 4096,
      "cols": 64,
      "nheads": 8,
      "headdim": 16,
      "seq_len": 4096,
      "batch_eff": 64,
      "causal": false,
      "dtype": "torch.bfloat16",
      "rep": 50,
      "fwd_time_ms": 5.885221738815308,
      "fwd_time_std_ms": 0.18157460361590286,
      "fwd_tflops": 93.41293128551952,
      "fwd_tflops_std": 2.8820351591683786,
      "bwd_time_ms": 15.42380799293518,
      "bwd_time_std_ms": 0.24478965584757506,
      "bwd_tflops": 89.1083145841503,
      "bwd_tflops_std": 1.4142288123790752
    },
    {
      "attn_type": "row",
      "backend": "fa2",
      "batch": 1,
      "rows": 8192,
      "cols": 64,
      "nheads": 8,
      "headdim": 16,
      "seq_len": 8192,
      "batch_eff": 64,
      "causal": false,
      "dtype": "torch.bfloat16",
      "rep": 50,
      "fwd_time_ms": 22.12406520843506,
      "fwd_time_std_ms": 0.14295576726609313,
      "fwd_tflops": 99.39508109538552,
      "fwd_tflops_std": 0.6422463478840679,
      "bwd_time_ms": 59.3623190689087,
      "bwd_time_std_ms": 0.36934678608171195,
      "bwd_tflops": 92.6102319637875,
      "bwd_tflops_std": 0.5762121842713172
    },
    {
      "attn_type": "row",
      "backend": "fa2",
      "batch": 1,
      "rows": 16384,
      "cols": 64,
      "nheads": 8,
      "headdim": 16,
      "seq_len": 16384,
      "batch_eff": 64,
      "causal": false,
      "dtype": "torch.bfloat16",
      "rep": 50,
      "fwd_time_ms": 85.99204208374024,
      "fwd_time_std_ms": 0.3979629940340391,
      "fwd_tflops": 102.2896166792067,
      "fwd_tflops_std": 0.47338661957358535,
      "bwd_time_ms": 233.75843338012697,
      "bwd_time_std_ms": 0.6426423817102843,
      "bwd_tflops": 94.07246719420179,
      "bwd_tflops_std": 0.2586214901292371
    }
  ]
}