{
  "metadata": {
    "timestamp": "2026-03-07T19:58:42.941008",
    "gpu": "NVIDIA H100 NVL",
    "pytorch_version": "2.8.0+cu128",
    "cuda_version": "12.8",
    "cudnn_version": "9.10.2",
    "cudnn_enabled": true,
    "dtype": "bfloat16",
    "causal": false,
    "nheads": 8,
    "headdim": 64,
    "col_attn_rows": 1024,
    "col_attn_cols": [
      16,
      32,
      64,
      128,
      256,
      512,
      1024,
      2048
    ],
    "row_attn_rows": [
      32,
      64,
      128,
      256,
      512,
      1024,
      2048,
      4096,
      8192,
      16384
    ],
    "row_attn_cols": 64,
    "warmup": 5,
    "rep": 50
  },
  "results": [
    {
      "attn_type": "row",
      "backend": "fa2",
      "batch": 1,
      "rows": 32,
      "cols": 64,
      "nheads": 8,
      "headdim": 64,
      "seq_len": 32,
      "batch_eff": 64,
      "causal": false,
      "dtype": "torch.bfloat16",
      "rep": 50,
      "fwd_time_ms": 0.08042624011635781,
      "fwd_time_std_ms": 0.02558917252872545,
      "fwd_tflops": 1.6688300709546857,
      "fwd_tflops_std": 0.5309707446848441,
      "bwd_time_ms": 0.31961408123373986,
      "bwd_time_std_ms": 0.02864085812862624,
      "bwd_tflops": 1.0498421055316711,
      "bwd_tflops_std": 0.0940771404248653
    },
    {
      "attn_type": "row",
      "backend": "fa2",
      "batch": 1,
      "rows": 64,
      "cols": 64,
      "nheads": 8,
      "headdim": 64,
      "seq_len": 64,
      "batch_eff": 64,
      "causal": false,
      "dtype": "torch.bfloat16",
      "rep": 50,
      "fwd_time_ms": 0.07754112020134926,
      "fwd_time_std_ms": 0.008773154639225117,
      "fwd_tflops": 6.923693010958824,
      "fwd_tflops_std": 0.7833602261862471,
      "bwd_time_ms": 0.3208959989249706,
      "bwd_time_std_ms": 0.013669028497505297,
      "bwd_tflops": 4.182592754339132,
      "bwd_tflops_std": 0.17816357867985846
    },
    {
      "attn_type": "row",
      "backend": "fa2",
      "batch": 1,
      "rows": 128,
      "cols": 64,
      "nheads": 8,
      "headdim": 64,
      "seq_len": 128,
      "batch_eff": 64,
      "causal": false,
      "dtype": "torch.bfloat16",
      "rep": 50,
      "fwd_time_ms": 0.07962624028325081,
      "fwd_time_std_ms": 0.004848304605938671,
      "fwd_tflops": 26.969547229165332,
      "fwd_tflops_std": 1.642129272788824,
      "bwd_time_ms": 0.32143488034605977,
      "bwd_time_std_ms": 0.010564785843034098,
      "bwd_tflops": 16.702322766651825,
      "bwd_tflops_std": 0.5489648880698157
    },
    {
      "attn_type": "row",
      "backend": "fa2",
      "batch": 1,
      "rows": 256,
      "cols": 64,
      "nheads": 8,
      "headdim": 64,
      "seq_len": 256,
      "batch_eff": 64,
      "causal": false,
      "dtype": "torch.bfloat16",
      "rep": 50,
      "fwd_time_ms": 0.1556428799033165,
      "fwd_time_std_ms": 0.0004438375665682613,
      "fwd_tflops": 55.19002602198035,
      "fwd_tflops_std": 0.15738212286775363,
      "bwd_time_ms": 0.25960576087236403,
      "bwd_time_std_ms": 0.001521216665870414,
      "bwd_tflops": 82.72095506600938,
      "bwd_tflops_std": 0.48472150633436456
    },
    {
      "attn_type": "row",
      "backend": "fa2",
      "batch": 1,
      "rows": 512,
      "cols": 64,
      "nheads": 8,
      "headdim": 64,
      "seq_len": 512,
      "batch_eff": 64,
      "causal": false,
      "dtype": "torch.bfloat16",
      "rep": 50,
      "fwd_time_ms": 0.35242048084735866,
      "fwd_time_std_ms": 0.0006639987575984902,
      "fwd_tflops": 97.49642894018406,
      "fwd_tflops_std": 0.18369394290285582,
      "bwd_time_ms": 0.6742758387327193,
      "bwd_time_std_ms": 0.01990586224893418,
      "bwd_tflops": 127.39496358262693,
      "bwd_tflops_std": 3.760933509125755
    },
    {
      "attn_type": "row",
      "backend": "fa2",
      "batch": 1,
      "rows": 1024,
      "cols": 64,
      "nheads": 8,
      "headdim": 64,
      "seq_len": 1024,
      "batch_eff": 64,
      "causal": false,
      "dtype": "torch.bfloat16",
      "rep": 50,
      "fwd_time_ms": 0.9755379176139832,
      "fwd_time_std_ms": 0.007948315838551736,
      "fwd_tflops": 140.88530131986533,
      "fwd_tflops_std": 1.1478804172355301,
      "bwd_time_ms": 2.1256761431694025,
      "bwd_time_std_ms": 0.008074538399732987,
      "bwd_tflops": 161.64145454805413,
      "bwd_tflops_std": 0.6140070470899306
    },
    {
      "attn_type": "row",
      "backend": "fa2",
      "batch": 1,
      "rows": 2048,
      "cols": 64,
      "nheads": 8,
      "headdim": 64,
      "seq_len": 2048,
      "batch_eff": 64,
      "causal": false,
      "dtype": "torch.bfloat16",
      "rep": 50,
      "fwd_time_ms": 3.1242297697067265,
      "fwd_time_std_ms": 0.05698185641608382,
      "fwd_tflops": 175.96523124469363,
      "fwd_tflops_std": 3.209375199683006,
      "bwd_time_ms": 7.660232338905334,
      "bwd_time_std_ms": 0.36338275403710457,
      "bwd_tflops": 179.41877921112817,
      "bwd_tflops_std": 8.511189639064115
    },
    {
      "attn_type": "row",
      "backend": "fa2",
      "batch": 1,
      "rows": 4096,
      "cols": 64,
      "nheads": 8,
      "headdim": 64,
      "seq_len": 4096,
      "batch_eff": 64,
      "causal": false,
      "dtype": "torch.bfloat16",
      "rep": 50,
      "fwd_time_ms": 10.941504001617433,
      "fwd_time_std_ms": 0.1574740590770428,
      "fwd_tflops": 200.9799800125219,
      "fwd_tflops_std": 2.892576124919957,
      "bwd_time_ms": 26.27154172897339,
      "bwd_time_std_ms": 0.8508707418171962,
      "bwd_tflops": 209.2590604538848,
      "bwd_tflops_std": 6.777387251849121
    },
    {
      "attn_type": "row",
      "backend": "fa2",
      "batch": 1,
      "rows": 8192,
      "cols": 64,
      "nheads": 8,
      "headdim": 64,
      "seq_len": 8192,
      "batch_eff": 64,
      "causal": false,
      "dtype": "torch.bfloat16",
      "rep": 50,
      "fwd_time_ms": 40.70204864501953,
      "fwd_time_std_ms": 0.3226182731130975,
      "fwd_tflops": 216.10934375619757,
      "fwd_tflops_std": 1.7129561190959992,
      "bwd_time_ms": 98.51166564941407,
      "bwd_time_std_ms": 0.7989738902843962,
      "bwd_tflops": 223.22465477113565,
      "bwd_tflops_std": 1.81045229165655
    },
    {
      "attn_type": "row",
      "backend": "fa2",
      "batch": 1,
      "rows": 16384,
      "cols": 64,
      "nheads": 8,
      "headdim": 64,
      "seq_len": 16384,
      "batch_eff": 64,
      "causal": false,
      "dtype": "torch.bfloat16",
      "rep": 50,
      "fwd_time_ms": 155.283557434082,
      "fwd_time_std_ms": 0.542820178014353,
      "fwd_tflops": 226.58144023888553,
      "fwd_tflops_std": 0.7920540961165895,
      "bwd_time_ms": 380.0895932006836,
      "bwd_time_std_ms": 1.621545081251155,
      "bwd_tflops": 231.42156953410057,
      "bwd_tflops_std": 0.9872948759618079
    }
  ]
}