{
  "metadata": {
    "timestamp": "2026-03-07T20:07:48.634926",
    "gpu": "NVIDIA H100 NVL",
    "pytorch_version": "2.8.0+cu128",
    "cuda_version": "12.8",
    "cudnn_version": "9.10.2",
    "cudnn_enabled": true,
    "dtype": "bfloat16",
    "causal": false,
    "nheads": 8,
    "headdim": 128,
    "col_attn_rows": 1024,
    "col_attn_cols": [
      16,
      32,
      64,
      128,
      256,
      512,
      1024,
      2048
    ],
    "row_attn_rows": [
      32,
      64,
      128,
      256,
      512,
      1024,
      2048,
      4096,
      8192,
      16384
    ],
    "row_attn_cols": 64,
    "warmup": 5,
    "rep": 25
  },
  "results": [
    {
      "attn_type": "col",
      "backend": "fa2",
      "batch": 1,
      "rows": 1024,
      "cols": 16,
      "nheads": 8,
      "headdim": 128,
      "seq_len": 16,
      "batch_eff": 1024,
      "causal": false,
      "dtype": "torch.bfloat16",
      "rep": 25,
      "fwd_time_ms": 0.1926054388284683,
      "fwd_time_std_ms": 0.021565302504023543,
      "fwd_tflops": 5.574826082436121,
      "fwd_tflops_std": 0.6241921910737119,
      "bwd_time_ms": 0.8268211120367049,
      "bwd_time_std_ms": 0.02163379451674596,
      "bwd_tflops": 3.246596538140688,
      "bwd_tflops_std": 0.08494727742486145
    },
    {
      "attn_type": "col",
      "backend": "fa2",
      "batch": 1,
      "rows": 1024,
      "cols": 32,
      "nheads": 8,
      "headdim": 128,
      "seq_len": 32,
      "batch_eff": 1024,
      "causal": false,
      "dtype": "torch.bfloat16",
      "rep": 25,
      "fwd_time_ms": 0.2014515197277069,
      "fwd_time_std_ms": 0.0006406950936565735,
      "fwd_tflops": 21.32010372423756,
      "fwd_tflops_std": 0.0678063182190506,
      "bwd_time_ms": 0.9673535931110382,
      "bwd_time_std_ms": 0.0013580510270016532,
      "bwd_tflops": 11.099786382627826,
      "bwd_tflops_std": 0.015582798682690578
    },
    {
      "attn_type": "col",
      "backend": "fa2",
      "batch": 1,
      "rows": 1024,
      "cols": 64,
      "nheads": 8,
      "headdim": 128,
      "seq_len": 64,
      "batch_eff": 1024,
      "causal": false,
      "dtype": "torch.bfloat16",
      "rep": 25,
      "fwd_time_ms": 0.24372095942497257,
      "fwd_time_std_ms": 0.00209561747031758,
      "fwd_tflops": 70.48991282708567,
      "fwd_tflops_std": 0.6061025409965954,
      "bwd_time_ms": 1.3073280107975005,
      "bwd_time_std_ms": 0.029993487874780747,
      "bwd_tflops": 32.853019751179126,
      "bwd_tflops_std": 0.7537332952545099
    },
    {
      "attn_type": "col",
      "backend": "fa2",
      "batch": 1,
      "rows": 1024,
      "cols": 128,
      "nheads": 8,
      "headdim": 128,
      "seq_len": 128,
      "batch_eff": 1024,
      "causal": false,
      "dtype": "torch.bfloat16",
      "rep": 25,
      "fwd_time_ms": 0.42144383907318117,
      "fwd_time_std_ms": 0.0005904909839188295,
      "fwd_tflops": 163.0572578475095,
      "fwd_tflops_std": 0.2284618535015838,
      "bwd_time_ms": 2.514292483329773,
      "bwd_time_std_ms": 0.01618747488778229,
      "bwd_tflops": 68.32884120644567,
      "bwd_tflops_std": 0.4399135774672447
    },
    {
      "attn_type": "col",
      "backend": "fa2",
      "batch": 1,
      "rows": 1024,
      "cols": 256,
      "nheads": 8,
      "headdim": 128,
      "seq_len": 256,
      "batch_eff": 1024,
      "causal": false,
      "dtype": "torch.bfloat16",
      "rep": 25,
      "fwd_time_ms": 1.297704963684082,
      "fwd_time_std_ms": 0.03499902889582327,
      "fwd_tflops": 211.81849082525147,
      "fwd_tflops_std": 5.712732622996584,
      "bwd_time_ms": 6.389063663482667,
      "bwd_time_std_ms": 0.07753027070482371,
      "bwd_tflops": 107.55797774996836,
      "bwd_tflops_std": 1.305198941604047
    },
    {
      "attn_type": "col",
      "backend": "fa2",
      "batch": 1,
      "rows": 1024,
      "cols": 512,
      "nheads": 8,
      "headdim": 128,
      "seq_len": 512,
      "batch_eff": 1024,
      "causal": false,
      "dtype": "torch.bfloat16",
      "rep": 25,
      "fwd_time_ms": 4.677132778167724,
      "fwd_time_std_ms": 0.10213275225943595,
      "fwd_tflops": 235.08240623579982,
      "fwd_tflops_std": 5.133404223353872,
      "bwd_time_ms": 19.040098514556885,
      "bwd_time_std_ms": 0.6446263169266742,
      "bwd_tflops": 144.3679016334108,
      "bwd_tflops_std": 4.887755630110186
    },
    {
      "attn_type": "col",
      "backend": "fa2",
      "batch": 1,
      "rows": 1024,
      "cols": 1024,
      "nheads": 8,
      "headdim": 128,
      "seq_len": 1024,
      "batch_eff": 1024,
      "causal": false,
      "dtype": "torch.bfloat16",
      "rep": 25,
      "fwd_time_ms": 17.73650688171387,
      "fwd_time_std_ms": 0.3284191848391435,
      "fwd_tflops": 247.96576577535313,
      "fwd_tflops_std": 4.591474251782675,
      "bwd_time_ms": 59.58200233459472,
      "bwd_time_std_ms": 1.2601901738539376,
      "bwd_tflops": 184.53754232720667,
      "bwd_tflops_std": 3.903064489876593
    },
    {
      "attn_type": "col",
      "backend": "fa2",
      "batch": 1,
      "rows": 1024,
      "cols": 2048,
      "nheads": 8,
      "headdim": 128,
      "seq_len": 2048,
      "batch_eff": 1024,
      "causal": false,
      "dtype": "torch.bfloat16",
      "rep": 25,
      "fwd_time_ms": 66.24313507080078,
      "fwd_time_std_ms": 0.6654275746475725,
      "fwd_tflops": 265.5699496349839,
      "fwd_tflops_std": 2.6677114133564075,
      "bwd_time_ms": 207.20685394287113,
      "bwd_time_std_ms": 1.0280953731851743,
      "bwd_tflops": 212.25391088253204,
      "bwd_tflops_std": 1.0531372855984487
    }
  ]
}