{
  "metadata": {
    "timestamp": "2026-03-07T19:50:45.072836",
    "gpu": "NVIDIA H100 NVL",
    "pytorch_version": "2.10.0+cu130",
    "cuda_version": "13.0",
    "cudnn_version": "9.15.1",
    "cudnn_enabled": true,
    "dtype": "bfloat16",
    "causal": false,
    "nheads": 16,
    "headdim": 64,
    "col_attn_rows": 1024,
    "col_attn_cols": [
      16,
      32,
      64,
      128,
      256,
      512,
      1024,
      2048
    ],
    "row_attn_rows": [
      32,
      64,
      128,
      256,
      512,
      1024,
      2048,
      4096,
      8192,
      16384
    ],
    "row_attn_cols": 64,
    "warmup": 5,
    "rep": 50
  },
  "results": [
    {
      "attn_type": "row",
      "backend": "sdpa_cudnn",
      "batch": 1,
      "rows": 32,
      "cols": 64,
      "nheads": 16,
      "headdim": 64,
      "seq_len": 32,
      "batch_eff": 64,
      "causal": false,
      "dtype": "torch.bfloat16",
      "rep": 50,
      "fwd_time_ms": 0.06737984016537668,
      "fwd_time_std_ms": 0.01818978944621039,
      "fwd_tflops": 3.983913516879138,
      "fwd_tflops_std": 1.0754930238196112,
      "bwd_time_ms": 0.25376831874251365,
      "bwd_time_std_ms": 0.023959215725232217,
      "bwd_tflops": 2.6444933840654907,
      "bwd_tflops_std": 0.24967650724384852
    },
    {
      "attn_type": "row",
      "backend": "sdpa_cudnn",
      "batch": 1,
      "rows": 64,
      "cols": 64,
      "nheads": 16,
      "headdim": 64,
      "seq_len": 64,
      "batch_eff": 64,
      "causal": false,
      "dtype": "torch.bfloat16",
      "rep": 50,
      "fwd_time_ms": 0.08590912014245985,
      "fwd_time_std_ms": 0.003994557061766673,
      "fwd_tflops": 12.4985778252583,
      "fwd_tflops_std": 0.5811522947870379,
      "bwd_time_ms": 0.23328768104314815,
      "bwd_time_std_ms": 0.011538733358783016,
      "bwd_tflops": 11.506627988228448,
      "bwd_tflops_std": 0.569133833476277
    },
    {
      "attn_type": "row",
      "backend": "sdpa_cudnn",
      "batch": 1,
      "rows": 128,
      "cols": 64,
      "nheads": 16,
      "headdim": 64,
      "seq_len": 128,
      "batch_eff": 64,
      "causal": false,
      "dtype": "torch.bfloat16",
      "rep": 50,
      "fwd_time_ms": 0.12975424021482468,
      "fwd_time_std_ms": 0.0006360098855709501,
      "fwd_tflops": 33.100785676746554,
      "fwd_tflops_std": 0.16224846968947718,
      "bwd_time_ms": 0.2126604780554771,
      "bwd_time_std_ms": 0.0016439498294530512,
      "bwd_tflops": 50.49089674856703,
      "bwd_tflops_std": 0.39031465487952516
    },
    {
      "attn_type": "row",
      "backend": "sdpa_cudnn",
      "batch": 1,
      "rows": 256,
      "cols": 64,
      "nheads": 16,
      "headdim": 64,
      "seq_len": 256,
      "batch_eff": 64,
      "causal": false,
      "dtype": "torch.bfloat16",
      "rep": 50,
      "fwd_time_ms": 0.26323135972023004,
      "fwd_time_std_ms": 0.0006251889101582402,
      "fwd_tflops": 65.26528299006344,
      "fwd_tflops_std": 0.15500862506311422,
      "bwd_time_ms": 0.4548179173469545,
      "bwd_time_std_ms": 0.0014601210994274908,
      "bwd_tflops": 94.43267585088597,
      "bwd_tflops_std": 0.3031611931420291
    },
    {
      "attn_type": "row",
      "backend": "sdpa_cudnn",
      "batch": 1,
      "rows": 512,
      "cols": 64,
      "nheads": 16,
      "headdim": 64,
      "seq_len": 512,
      "batch_eff": 64,
      "causal": false,
      "dtype": "torch.bfloat16",
      "rep": 50,
      "fwd_time_ms": 0.6001017594337462,
      "fwd_time_std_ms": 0.0014554572714964415,
      "fwd_tflops": 114.5130399231681,
      "fwd_tflops_std": 0.2777342909219353,
      "bwd_time_ms": 1.1751647996902466,
      "bwd_time_std_ms": 0.06295220582732437,
      "bwd_tflops": 146.191148582125,
      "bwd_tflops_std": 7.831289090773193
    },
    {
      "attn_type": "row",
      "backend": "sdpa_cudnn",
      "batch": 1,
      "rows": 1024,
      "cols": 64,
      "nheads": 16,
      "headdim": 64,
      "seq_len": 1024,
      "batch_eff": 64,
      "causal": false,
      "dtype": "torch.bfloat16",
      "rep": 50,
      "fwd_time_ms": 1.5767724800109866,
      "fwd_time_std_ms": 0.03627284035563608,
      "fwd_tflops": 174.32946758563716,
      "fwd_tflops_std": 4.01035978695721,
      "bwd_time_ms": 3.431415672302247,
      "bwd_time_std_ms": 0.120835956068128,
      "bwd_tflops": 200.2656725347818,
      "bwd_tflops_std": 7.052277053957417
    },
    {
      "attn_type": "row",
      "backend": "sdpa_cudnn",
      "batch": 1,
      "rows": 2048,
      "cols": 64,
      "nheads": 16,
      "headdim": 64,
      "seq_len": 2048,
      "batch_eff": 64,
      "causal": false,
      "dtype": "torch.bfloat16",
      "rep": 50,
      "fwd_time_ms": 4.962720642089844,
      "fwd_time_std_ms": 0.1286942432177688,
      "fwd_tflops": 221.5542052580631,
      "fwd_tflops_std": 5.745387023315033,
      "bwd_time_ms": 11.195844516754153,
      "bwd_time_std_ms": 0.4132224307058237,
      "bwd_tflops": 245.517795939963,
      "bwd_tflops_std": 9.061706802736202
    },
    {
      "attn_type": "row",
      "backend": "sdpa_cudnn",
      "batch": 1,
      "rows": 4096,
      "cols": 64,
      "nheads": 16,
      "headdim": 64,
      "seq_len": 4096,
      "batch_eff": 64,
      "causal": false,
      "dtype": "torch.bfloat16",
      "rep": 50,
      "fwd_time_ms": 16.80557830810547,
      "fwd_time_std_ms": 0.24572941975268256,
      "fwd_tflops": 261.70158684648095,
      "fwd_tflops_std": 3.826573409444997,
      "bwd_time_ms": 38.43303695678711,
      "bwd_time_std_ms": 0.7689021004626232,
      "bwd_tflops": 286.0850234167693,
      "bwd_tflops_std": 5.72349709608901
    },
    {
      "attn_type": "row",
      "backend": "sdpa_cudnn",
      "batch": 1,
      "rows": 8192,
      "cols": 64,
      "nheads": 16,
      "headdim": 64,
      "seq_len": 8192,
      "batch_eff": 64,
      "causal": false,
      "dtype": "torch.bfloat16",
      "rep": 50,
      "fwd_time_ms": 59.94707382202149,
      "fwd_time_std_ms": 0.6906638570648639,
      "fwd_tflops": 293.46196440957107,
      "fwd_tflops_std": 3.3810419644951977,
      "bwd_time_ms": 141.59423171997074,
      "bwd_time_std_ms": 0.9925593176273448,
      "bwd_tflops": 310.6091581330774,
      "bwd_tflops_std": 2.177334558762879
    },
    {
      "attn_type": "row",
      "backend": "sdpa_cudnn",
      "batch": 1,
      "rows": 16384,
      "cols": 64,
      "nheads": 16,
      "headdim": 64,
      "seq_len": 16384,
      "batch_eff": 64,
      "causal": false,
      "dtype": "torch.bfloat16",
      "rep": 50,
      "fwd_time_ms": 224.1387088012695,
      "fwd_time_std_ms": 0.9586896454145621,
      "fwd_tflops": 313.9517692147312,
      "fwd_tflops_std": 1.3428394939698178,
      "bwd_time_ms": 544.7897799682617,
      "bwd_time_std_ms": 1.0328907401359644,
      "bwd_tflops": 322.91696157444227,
      "bwd_tflops_std": 0.6122323723886922
    }
  ]
}