{
  "metadata": {
    "timestamp": "2026-03-07T19:55:52.886762",
    "gpu": "NVIDIA H100 NVL",
    "pytorch_version": "2.10.0+cu130",
    "cuda_version": "13.0",
    "cudnn_version": "9.15.1",
    "cudnn_enabled": true,
    "dtype": "bfloat16",
    "causal": false,
    "nheads": 12,
    "headdim": 128,
    "col_attn_rows": 1024,
    "col_attn_cols": [
      16,
      32,
      64,
      128,
      256,
      512,
      1024,
      2048
    ],
    "row_attn_rows": [
      32,
      64,
      128,
      256,
      512,
      1024,
      2048,
      4096,
      8192,
      16384
    ],
    "row_attn_cols": 64,
    "warmup": 5,
    "rep": 25
  },
  "results": [
    {
      "attn_type": "col",
      "backend": "sdpa_cudnn",
      "batch": 1,
      "rows": 1024,
      "cols": 16,
      "nheads": 12,
      "headdim": 128,
      "seq_len": 16,
      "batch_eff": 1024,
      "causal": false,
      "dtype": "torch.bfloat16",
      "rep": 25,
      "fwd_time_ms": 0.3070886373519897,
      "fwd_time_std_ms": 0.018606567479163987,
      "fwd_tflops": 5.244781278422526,
      "fwd_tflops_std": 0.31778244096530517,
      "bwd_time_ms": 0.7804544115066527,
      "bwd_time_std_ms": 0.019871965926724522,
      "bwd_tflops": 5.159214658325597,
      "bwd_tflops_std": 0.13136415963231443
    },
    {
      "attn_type": "col",
      "backend": "sdpa_cudnn",
      "batch": 1,
      "rows": 1024,
      "cols": 32,
      "nheads": 12,
      "headdim": 128,
      "seq_len": 32,
      "batch_eff": 1024,
      "causal": false,
      "dtype": "torch.bfloat16",
      "rep": 25,
      "fwd_time_ms": 0.2972441601753235,
      "fwd_time_std_ms": 0.0003684682079794122,
      "fwd_tflops": 21.67393613452338,
      "fwd_tflops_std": 0.02686732820129278,
      "bwd_time_ms": 1.0645875096321105,
      "bwd_time_std_ms": 0.012574643451766144,
      "bwd_tflops": 15.128983962592041,
      "bwd_tflops_std": 0.17869980381680864
    },
    {
      "attn_type": "col",
      "backend": "sdpa_cudnn",
      "batch": 1,
      "rows": 1024,
      "cols": 64,
      "nheads": 12,
      "headdim": 128,
      "seq_len": 64,
      "batch_eff": 1024,
      "causal": false,
      "dtype": "torch.bfloat16",
      "rep": 25,
      "fwd_time_ms": 0.33986048221588144,
      "fwd_time_std_ms": 0.0005144649130725967,
      "fwd_tflops": 75.82465489362446,
      "fwd_tflops_std": 0.1147798185722261,
      "bwd_time_ms": 1.7844211053848267,
      "bwd_time_std_ms": 0.05401726196586391,
      "bwd_tflops": 36.10387102326178,
      "bwd_tflops_std": 1.092921538060776
    },
    {
      "attn_type": "col",
      "backend": "sdpa_cudnn",
      "batch": 1,
      "rows": 1024,
      "cols": 128,
      "nheads": 12,
      "headdim": 128,
      "seq_len": 128,
      "batch_eff": 1024,
      "causal": false,
      "dtype": "torch.bfloat16",
      "rep": 25,
      "fwd_time_ms": 0.49561599731445316,
      "fwd_time_std_ms": 0.004059301854217808,
      "fwd_tflops": 207.9820176558978,
      "fwd_tflops_std": 1.7034595220680269,
      "bwd_time_ms": 3.3324736213684085,
      "bwd_time_std_ms": 0.08668785867802939,
      "bwd_tflops": 77.32935561967986,
      "bwd_tflops_std": 2.011573687676853
    },
    {
      "attn_type": "col",
      "backend": "sdpa_cudnn",
      "batch": 1,
      "rows": 1024,
      "cols": 256,
      "nheads": 12,
      "headdim": 128,
      "seq_len": 256,
      "batch_eff": 1024,
      "causal": false,
      "dtype": "torch.bfloat16",
      "rep": 25,
      "fwd_time_ms": 1.3831475162506102,
      "fwd_time_std_ms": 0.039800053352624244,
      "fwd_tflops": 298.1004235424539,
      "fwd_tflops_std": 8.577836146929,
      "bwd_time_ms": 7.851320333480835,
      "bwd_time_std_ms": 0.09005313299710184,
      "bwd_tflops": 131.2890198409475,
      "bwd_tflops_std": 1.5058597869683836
    },
    {
      "attn_type": "col",
      "backend": "sdpa_cudnn",
      "batch": 1,
      "rows": 1024,
      "cols": 512,
      "nheads": 12,
      "headdim": 128,
      "seq_len": 512,
      "batch_eff": 1024,
      "causal": false,
      "dtype": "torch.bfloat16",
      "rep": 25,
      "fwd_time_ms": 4.785651149749756,
      "fwd_time_std_ms": 0.22697770324914376,
      "fwd_tflops": 344.62759404229473,
      "fwd_tflops_std": 16.34527409631366,
      "bwd_time_ms": 22.660272617340087,
      "bwd_time_std_ms": 1.2393028068647907,
      "bwd_tflops": 181.95582523596252,
      "bwd_tflops_std": 9.951264433057698
    },
    {
      "attn_type": "col",
      "backend": "sdpa_cudnn",
      "batch": 1,
      "rows": 1024,
      "cols": 1024,
      "nheads": 12,
      "headdim": 128,
      "seq_len": 1024,
      "batch_eff": 1024,
      "causal": false,
      "dtype": "torch.bfloat16",
      "rep": 25,
      "fwd_time_ms": 18.684806365966796,
      "fwd_time_std_ms": 0.24342239247131797,
      "fwd_tflops": 353.0713477808445,
      "fwd_tflops_std": 4.599751825441993,
      "bwd_time_ms": 64.26577835083009,
      "bwd_time_std_ms": 1.7927375131783658,
      "bwd_tflops": 256.63229855562736,
      "bwd_tflops_std": 7.15893218008338
    },
    {
      "attn_type": "col",
      "backend": "sdpa_cudnn",
      "rows": 1024,
      "cols": 2048,
      "error": "CUDA out of memory. Tried to allocate 12.10 GiB. GPU 0 has a total capacity of 93.09 GiB of which 11.27 GiB is free. Including non-PyTorch memory, this process has 81.81 GiB memory in use. Of the allocated memory 78.38 GiB is allocated by PyTorch, and 2.75 GiB is reserved by PyTorch but unallocated. If reserved but unallocated memory is large try setting PYTORCH_ALLOC_CONF=expandable_segments:True to avoid fragmentation.  See documentation for Memory Management  (https://pytorch.org/docs/stable/notes/cuda.html#environment-variables)"
    }
  ]
}