{
  "metadata": {
    "timestamp": "2026-05-03T16:27:27.803225",
    "gpu": "NVIDIA H100 NVL",
    "pytorch_version": "2.10.0+cu130",
    "cuda_version": "13.0",
    "cudnn_version": "9.15.1",
    "cudnn_enabled": true,
    "dtype": "bfloat16",
    "causal": false,
    "nheads": 8,
    "headdim": 16,
    "col_attn_rows": 1024,
    "col_attn_cols": [
      16,
      32,
      64,
      128,
      256,
      512,
      1024,
      2048
    ],
    "row_attn_rows": [
      32,
      64,
      128,
      256,
      512,
      1024,
      2048,
      4096,
      8192,
      16384
    ],
    "row_attn_cols": 64,
    "warmup": 5,
    "rep": 50
  },
  "results": [
    {
      "attn_type": "row",
      "backend": "sdpa_cudnn",
      "batch": 1,
      "rows": 32,
      "cols": 64,
      "nheads": 8,
      "headdim": 16,
      "seq_len": 32,
      "batch_eff": 64,
      "causal": false,
      "dtype": "torch.bfloat16",
      "rep": 50,
      "fwd_time_ms": 0.06109696008265018,
      "fwd_time_std_ms": 0.018388483942045335,
      "fwd_tflops": 0.5491996975726541,
      "fwd_tflops_std": 0.16529381831975504,
      "bwd_time_ms": 0.2510681607574225,
      "bwd_time_std_ms": 0.02184846725532002,
      "bwd_tflops": 0.33411675836128507,
      "bwd_tflops_std": 0.029075526870821655
    },
    {
      "attn_type": "row",
      "backend": "sdpa_cudnn",
      "batch": 1,
      "rows": 64,
      "cols": 64,
      "nheads": 8,
      "headdim": 16,
      "seq_len": 64,
      "batch_eff": 64,
      "causal": false,
      "dtype": "torch.bfloat16",
      "rep": 50,
      "fwd_time_ms": 0.05424896016716958,
      "fwd_time_std_ms": 0.0077806736135567186,
      "fwd_tflops": 2.4741069245641683,
      "fwd_tflops_std": 0.35484953823546733,
      "bwd_time_ms": 0.25176767870783806,
      "bwd_time_std_ms": 0.013879877991679885,
      "bwd_tflops": 1.3327537582351068,
      "bwd_tflops_std": 0.07347432224897507
    },
    {
      "attn_type": "row",
      "backend": "sdpa_cudnn",
      "batch": 1,
      "rows": 128,
      "cols": 64,
      "nheads": 8,
      "headdim": 16,
      "seq_len": 128,
      "batch_eff": 64,
      "causal": false,
      "dtype": "torch.bfloat16",
      "rep": 50,
      "fwd_time_ms": 0.0538342397660017,
      "fwd_time_std_ms": 0.007771108418393762,
      "fwd_tflops": 9.972666361289525,
      "fwd_tflops_std": 1.4395795659214001,
      "bwd_time_ms": 0.25405823953449724,
      "bwd_time_std_ms": 0.013350971315657845,
      "bwd_tflops": 5.282951194416006,
      "bwd_tflops_std": 0.2776234692797326
    },
    {
      "attn_type": "row",
      "backend": "sdpa_cudnn",
      "batch": 1,
      "rows": 256,
      "cols": 64,
      "nheads": 8,
      "headdim": 16,
      "seq_len": 256,
      "batch_eff": 64,
      "causal": false,
      "dtype": "torch.bfloat16",
      "rep": 50,
      "fwd_time_ms": 0.07195711970329284,
      "fwd_time_std_ms": 0.004831120927678607,
      "fwd_tflops": 29.843935622422208,
      "fwd_tflops_std": 2.003688621004923,
      "bwd_time_ms": 0.2342265617847443,
      "bwd_time_std_ms": 0.011351330548400294,
      "bwd_tflops": 22.92100895428708,
      "bwd_tflops_std": 1.1108217068142183
    },
    {
      "attn_type": "row",
      "backend": "sdpa_cudnn",
      "batch": 1,
      "rows": 512,
      "cols": 64,
      "nheads": 8,
      "headdim": 16,
      "seq_len": 512,
      "batch_eff": 64,
      "causal": false,
      "dtype": "torch.bfloat16",
      "rep": 50,
      "fwd_time_ms": 0.1644844809174538,
      "fwd_time_std_ms": 0.0007235398209173182,
      "fwd_tflops": 52.22337416932873,
      "fwd_tflops_std": 0.22972192016787824,
      "bwd_time_ms": 0.3279091200232506,
      "bwd_time_std_ms": 0.001099165498965608,
      "bwd_tflops": 65.49020801396836,
      "bwd_tflops_std": 0.21952599904489048
    },
    {
      "attn_type": "row",
      "backend": "sdpa_cudnn",
      "batch": 1,
      "rows": 1024,
      "cols": 64,
      "nheads": 8,
      "headdim": 16,
      "seq_len": 1024,
      "batch_eff": 64,
      "causal": false,
      "dtype": "torch.bfloat16",
      "rep": 50,
      "fwd_time_ms": 0.462947200536728,
      "fwd_time_std_ms": 0.000579481302461742,
      "fwd_tflops": 74.21956181647558,
      "fwd_tflops_std": 0.09290227546400062,
      "bwd_time_ms": 1.0150656044483186,
      "bwd_time_std_ms": 0.010123539781358565,
      "bwd_tflops": 84.62442776463273,
      "bwd_tflops_std": 0.8439836373094071
    },
    {
      "attn_type": "row",
      "backend": "sdpa_cudnn",
      "batch": 1,
      "rows": 2048,
      "cols": 64,
      "nheads": 8,
      "headdim": 16,
      "seq_len": 2048,
      "batch_eff": 64,
      "causal": false,
      "dtype": "torch.bfloat16",
      "rep": 50,
      "fwd_time_ms": 1.5716748833656309,
      "fwd_time_std_ms": 0.03857840153504729,
      "fwd_tflops": 87.44744535058305,
      "fwd_tflops_std": 2.146488879891373,
      "bwd_time_ms": 3.6711724734306337,
      "bwd_time_std_ms": 0.0705997240081434,
      "bwd_tflops": 93.59336456315152,
      "bwd_tflops_std": 1.7998788547728792
    },
    {
      "attn_type": "row",
      "backend": "sdpa_cudnn",
      "batch": 1,
      "rows": 4096,
      "cols": 64,
      "nheads": 8,
      "headdim": 16,
      "seq_len": 4096,
      "batch_eff": 64,
      "causal": false,
      "dtype": "torch.bfloat16",
      "rep": 50,
      "fwd_time_ms": 5.952049961090088,
      "fwd_time_std_ms": 0.04822179019123448,
      "fwd_tflops": 92.36411278162642,
      "fwd_tflops_std": 0.7483073725643572,
      "bwd_time_ms": 14.176453685760496,
      "bwd_time_std_ms": 0.46105992736525825,
      "bwd_tflops": 96.94875496969331,
      "bwd_tflops_std": 3.153058368143015
    },
    {
      "attn_type": "row",
      "backend": "sdpa_cudnn",
      "batch": 1,
      "rows": 8192,
      "cols": 64,
      "nheads": 8,
      "headdim": 16,
      "seq_len": 8192,
      "batch_eff": 64,
      "causal": false,
      "dtype": "torch.bfloat16",
      "rep": 50,
      "fwd_time_ms": 23.341591072082515,
      "fwd_time_std_ms": 0.6999715250774723,
      "fwd_tflops": 94.2105124179868,
      "fwd_tflops_std": 2.8252005551764143,
      "bwd_time_ms": 54.338047904968285,
      "bwd_time_std_ms": 0.8902938407268383,
      "bwd_tflops": 101.17327270377231,
      "bwd_tflops_std": 1.6576587677915005
    },
    {
      "attn_type": "row",
      "backend": "sdpa_cudnn",
      "batch": 1,
      "rows": 16384,
      "cols": 64,
      "nheads": 8,
      "headdim": 16,
      "seq_len": 16384,
      "batch_eff": 64,
      "causal": false,
      "dtype": "torch.bfloat16",
      "rep": 50,
      "fwd_time_ms": 92.5084701538086,
      "fwd_time_std_ms": 1.6239376697942995,
      "fwd_tflops": 95.08419075121698,
      "fwd_tflops_std": 1.6691530938310608,
      "bwd_time_ms": 216.18408477783203,
      "bwd_time_std_ms": 2.025252471041749,
      "bwd_tflops": 101.71994195649931,
      "bwd_tflops_std": 0.9529312206924685
    }
  ]
}