{
  "metadata": {
    "timestamp": "2026-03-07T19:56:57.463031",
    "gpu": "NVIDIA H100 NVL",
    "pytorch_version": "2.10.0+cu130",
    "cuda_version": "13.0",
    "cudnn_version": "9.15.1",
    "cudnn_enabled": true,
    "dtype": "bfloat16",
    "causal": false,
    "nheads": 16,
    "headdim": 128,
    "col_attn_rows": 1024,
    "col_attn_cols": [
      16,
      32,
      64,
      128,
      256,
      512,
      1024,
      2048
    ],
    "row_attn_rows": [
      32,
      64,
      128,
      256,
      512,
      1024,
      2048,
      4096,
      8192,
      16384
    ],
    "row_attn_cols": 64,
    "warmup": 5,
    "rep": 25
  },
  "results": [
    {
      "attn_type": "col",
      "backend": "sdpa_cudnn",
      "batch": 1,
      "rows": 1024,
      "cols": 16,
      "nheads": 16,
      "headdim": 128,
      "seq_len": 16,
      "batch_eff": 1024,
      "causal": false,
      "dtype": "torch.bfloat16",
      "rep": 25,
      "fwd_time_ms": 0.40644607901573176,
      "fwd_time_std_ms": 0.018752635792974946,
      "fwd_tflops": 5.283563451271184,
      "fwd_tflops_std": 0.24377339629084538,
      "bwd_time_ms": 1.028065267801285,
      "bwd_time_std_ms": 0.01936313384369572,
      "bwd_tflops": 5.222148134117998,
      "bwd_tflops_std": 0.09835674488721044
    },
    {
      "attn_type": "col",
      "backend": "sdpa_cudnn",
      "batch": 1,
      "rows": 1024,
      "cols": 32,
      "nheads": 16,
      "headdim": 128,
      "seq_len": 32,
      "batch_eff": 1024,
      "causal": false,
      "dtype": "torch.bfloat16",
      "rep": 25,
      "fwd_time_ms": 0.39491583704948424,
      "fwd_time_std_ms": 0.00034717491922495647,
      "fwd_tflops": 21.75130442014574,
      "fwd_tflops_std": 0.01912181443904795,
      "bwd_time_ms": 1.4179712069034578,
      "bwd_time_std_ms": 0.019640391622794802,
      "bwd_tflops": 15.144762020165695,
      "bwd_tflops_std": 0.20977087239990408
    },
    {
      "attn_type": "col",
      "backend": "sdpa_cudnn",
      "batch": 1,
      "rows": 1024,
      "cols": 64,
      "nheads": 16,
      "headdim": 128,
      "seq_len": 64,
      "batch_eff": 1024,
      "causal": false,
      "dtype": "torch.bfloat16",
      "rep": 25,
      "fwd_time_ms": 0.45350272178649903,
      "fwd_time_std_ms": 0.0006611836421178078,
      "fwd_tflops": 75.76523076343508,
      "fwd_tflops_std": 0.11046180941257477,
      "bwd_time_ms": 2.3994841670989993,
      "bwd_time_std_ms": 0.07537739034442467,
      "bwd_tflops": 35.79908844485237,
      "bwd_tflops_std": 1.1245924856193839
    },
    {
      "attn_type": "col",
      "backend": "sdpa_cudnn",
      "batch": 1,
      "rows": 1024,
      "cols": 128,
      "nheads": 16,
      "headdim": 128,
      "seq_len": 128,
      "batch_eff": 1024,
      "causal": false,
      "dtype": "torch.bfloat16",
      "rep": 25,
      "fwd_time_ms": 0.6622374415397646,
      "fwd_time_std_ms": 0.005023414833185397,
      "fwd_tflops": 207.53727417229905,
      "fwd_tflops_std": 1.5742779796502808,
      "bwd_time_ms": 4.4921638417243965,
      "bwd_time_std_ms": 0.08599342020493356,
      "bwd_tflops": 76.48816823833926,
      "bwd_tflops_std": 1.4642117749428032
    },
    {
      "attn_type": "col",
      "backend": "sdpa_cudnn",
      "batch": 1,
      "rows": 1024,
      "cols": 256,
      "nheads": 16,
      "headdim": 128,
      "seq_len": 256,
      "batch_eff": 1024,
      "causal": false,
      "dtype": "torch.bfloat16",
      "rep": 25,
      "fwd_time_ms": 1.875219202041626,
      "fwd_time_std_ms": 0.1215211899161462,
      "fwd_tflops": 293.168827030706,
      "fwd_tflops_std": 18.998432113058858,
      "bwd_time_ms": 10.409027814865112,
      "bwd_time_std_ms": 0.13992551645052165,
      "bwd_tflops": 132.03822289313484,
      "bwd_tflops_std": 1.774951211403829
    },
    {
      "attn_type": "col",
      "backend": "sdpa_cudnn",
      "batch": 1,
      "rows": 1024,
      "cols": 512,
      "nheads": 16,
      "headdim": 128,
      "seq_len": 512,
      "batch_eff": 1024,
      "causal": false,
      "dtype": "torch.bfloat16",
      "rep": 25,
      "fwd_time_ms": 7.474711017608642,
      "fwd_time_std_ms": 0.6875776812488875,
      "fwd_tflops": 294.1950866557415,
      "fwd_tflops_std": 27.062180068372143,
      "bwd_time_ms": 29.138868846893313,
      "bwd_time_std_ms": 2.025656327387249,
      "bwd_tflops": 188.66752061537662,
      "bwd_tflops_std": 13.115662070312249
    },
    {
      "attn_type": "col",
      "backend": "sdpa_cudnn",
      "batch": 1,
      "rows": 1024,
      "cols": 1024,
      "nheads": 16,
      "headdim": 128,
      "seq_len": 1024,
      "batch_eff": 1024,
      "causal": false,
      "dtype": "torch.bfloat16",
      "rep": 25,
      "fwd_time_ms": 24.018010864257814,
      "fwd_time_std_ms": 0.7838076726742683,
      "fwd_tflops": 366.2290383629489,
      "fwd_tflops_std": 11.951577998999653,
      "bwd_time_ms": 87.30506591796875,
      "bwd_time_std_ms": 3.0622592198491874,
      "bwd_tflops": 251.87808203686455,
      "bwd_tflops_std": 8.83472191315956
    },
    {
      "attn_type": "col",
      "backend": "sdpa_cudnn",
      "rows": 1024,
      "cols": 2048,
      "error": "CUDA out of memory. Tried to allocate 16.13 GiB. GPU 0 has a total capacity of 93.09 GiB of which 8.37 GiB is free. Including non-PyTorch memory, this process has 84.71 GiB memory in use. Of the allocated memory 80.16 GiB is allocated by PyTorch, and 3.88 GiB is reserved by PyTorch but unallocated. If reserved but unallocated memory is large try setting PYTORCH_ALLOC_CONF=expandable_segments:True to avoid fragmentation.  See documentation for Memory Management  (https://pytorch.org/docs/stable/notes/cuda.html#environment-variables)"
    }
  ]
}