{
  "metadata": {
    "timestamp": "2026-05-03T16:27:07.134904",
    "gpu": "NVIDIA H100 NVL",
    "pytorch_version": "2.10.0+cu130",
    "cuda_version": "13.0",
    "cudnn_version": "9.15.1",
    "cudnn_enabled": true,
    "dtype": "bfloat16",
    "causal": false,
    "nheads": 8,
    "headdim": 16,
    "col_attn_rows": 1024,
    "col_attn_cols": [
      16,
      32,
      64,
      128,
      256,
      512,
      1024,
      2048
    ],
    "row_attn_rows": [
      32,
      64,
      128,
      256,
      512,
      1024,
      2048,
      4096,
      8192,
      16384
    ],
    "row_attn_cols": 64,
    "warmup": 5,
    "rep": 50
  },
  "results": [
    {
      "attn_type": "col",
      "backend": "sdpa_cudnn",
      "batch": 1,
      "rows": 1024,
      "cols": 16,
      "nheads": 8,
      "headdim": 16,
      "seq_len": 16,
      "batch_eff": 1024,
      "causal": false,
      "dtype": "torch.bfloat16",
      "rep": 50,
      "fwd_time_ms": 0.1658828806877136,
      "fwd_time_std_ms": 0.026127496166241833,
      "fwd_tflops": 0.8091113889725274,
      "fwd_tflops_std": 0.1274396407019238,
      "bwd_time_ms": 0.2472844803333283,
      "bwd_time_std_ms": 0.026250358046994746,
      "bwd_tflops": 1.3569162106238994,
      "bwd_tflops_std": 0.14404274914719747
    },
    {
      "attn_type": "col",
      "backend": "sdpa_cudnn",
      "batch": 1,
      "rows": 1024,
      "cols": 32,
      "nheads": 8,
      "headdim": 16,
      "seq_len": 32,
      "batch_eff": 1024,
      "causal": false,
      "dtype": "torch.bfloat16",
      "rep": 50,
      "fwd_time_ms": 0.16188288003206255,
      "fwd_time_std_ms": 0.00013731954132282785,
      "fwd_tflops": 3.3164156203155475,
      "fwd_tflops_std": 0.002813198478600049,
      "bwd_time_ms": 0.29173375934362417,
      "bwd_time_std_ms": 0.0005416846717776135,
      "bwd_tflops": 4.600692367656672,
      "bwd_tflops_std": 0.008542461937661727
    },
    {
      "attn_type": "col",
      "backend": "sdpa_cudnn",
      "batch": 1,
      "rows": 1024,
      "cols": 64,
      "nheads": 8,
      "headdim": 16,
      "seq_len": 64,
      "batch_eff": 1024,
      "causal": false,
      "dtype": "torch.bfloat16",
      "rep": 50,
      "fwd_time_ms": 0.16217792063951492,
      "fwd_time_std_ms": 0.0001884922551370853,
      "fwd_tflops": 13.241529053596473,
      "fwd_tflops_std": 0.0153900460860114,
      "bwd_time_ms": 0.3614732775092125,
      "bwd_time_std_ms": 0.0008208894098144187,
      "bwd_tflops": 14.85229878400395,
      "bwd_tflops_std": 0.03372889655135762
    },
    {
      "attn_type": "col",
      "backend": "sdpa_cudnn",
      "batch": 1,
      "rows": 1024,
      "cols": 128,
      "nheads": 8,
      "headdim": 16,
      "seq_len": 128,
      "batch_eff": 1024,
      "causal": false,
      "dtype": "torch.bfloat16",
      "rep": 50,
      "fwd_time_ms": 0.15032128006219864,
      "fwd_time_std_ms": 0.00027357373923114287,
      "fwd_tflops": 57.14383611186474,
      "fwd_tflops_std": 0.10399760375022048,
      "bwd_time_ms": 0.5866374346613886,
      "bwd_time_std_ms": 0.0020704856759784784,
      "bwd_tflops": 36.60665891939786,
      "bwd_tflops_std": 0.1292000108751868
    },
    {
      "attn_type": "col",
      "backend": "sdpa_cudnn",
      "batch": 1,
      "rows": 1024,
      "cols": 256,
      "nheads": 8,
      "headdim": 16,
      "seq_len": 256,
      "batch_eff": 1024,
      "causal": false,
      "dtype": "torch.bfloat16",
      "rep": 50,
      "fwd_time_ms": 0.44540480017662054,
      "fwd_time_std_ms": 0.000358756694394344,
      "fwd_tflops": 77.1427213051476,
      "fwd_tflops_std": 0.06213553980793309,
      "bwd_time_ms": 1.5732531368732452,
      "bwd_time_std_ms": 0.005359078790237133,
      "bwd_tflops": 54.599824978401294,
      "bwd_tflops_std": 0.18598708442682407
    },
    {
      "attn_type": "col",
      "backend": "sdpa_cudnn",
      "batch": 1,
      "rows": 1024,
      "cols": 512,
      "nheads": 8,
      "headdim": 16,
      "seq_len": 512,
      "batch_eff": 1024,
      "causal": false,
      "dtype": "torch.bfloat16",
      "rep": 50,
      "fwd_time_ms": 1.5823705554008487,
      "fwd_time_std_ms": 0.04589388678196225,
      "fwd_tflops": 86.85636433444867,
      "fwd_tflops_std": 2.51911673751302,
      "bwd_time_ms": 4.723359386920929,
      "bwd_time_std_ms": 0.0625841356452446,
      "bwd_tflops": 72.74428124851724,
      "bwd_tflops_std": 0.9638559322162457
    },
    {
      "attn_type": "col",
      "backend": "sdpa_cudnn",
      "batch": 1,
      "rows": 1024,
      "cols": 1024,
      "nheads": 8,
      "headdim": 16,
      "seq_len": 1024,
      "batch_eff": 1024,
      "causal": false,
      "dtype": "torch.bfloat16",
      "rep": 50,
      "fwd_time_ms": 6.016024942398073,
      "fwd_time_std_ms": 0.07550119088512641,
      "fwd_tflops": 91.38190402330007,
      "fwd_tflops_std": 1.1468440781362959,
      "bwd_time_ms": 16.046752614974977,
      "bwd_time_std_ms": 0.5992880603944285,
      "bwd_tflops": 85.64907602784422,
      "bwd_tflops_std": 3.1986826169053986
    },
    {
      "attn_type": "col",
      "backend": "sdpa_cudnn",
      "batch": 1,
      "rows": 1024,
      "cols": 2048,
      "nheads": 8,
      "headdim": 16,
      "seq_len": 2048,
      "batch_eff": 1024,
      "causal": false,
      "dtype": "torch.bfloat16",
      "rep": 50,
      "fwd_time_ms": 23.616388435363774,
      "fwd_time_std_ms": 0.6822094571060496,
      "fwd_tflops": 93.11429059403203,
      "fwd_tflops_std": 2.6898037271375466,
      "bwd_time_ms": 57.7022449874878,
      "bwd_time_std_ms": 0.8643118608932644,
      "bwd_tflops": 95.2745970294933,
      "bwd_tflops_std": 1.4271015672314553
    }
  ]
}