{
  "metadata": {
    "timestamp": "2026-03-07T19:57:09.743131",
    "gpu": "NVIDIA H100 NVL",
    "pytorch_version": "2.10.0+cu130",
    "cuda_version": "13.0",
    "cudnn_version": "9.15.1",
    "cudnn_enabled": true,
    "dtype": "bfloat16",
    "causal": false,
    "nheads": 16,
    "headdim": 128,
    "col_attn_rows": 1024,
    "col_attn_cols": [
      16,
      32,
      64,
      128,
      256,
      512,
      1024,
      2048
    ],
    "row_attn_rows": [
      32,
      64,
      128,
      256,
      512,
      1024,
      2048,
      4096,
      8192,
      16384
    ],
    "row_attn_cols": 64,
    "warmup": 5,
    "rep": 25
  },
  "results": [
    {
      "attn_type": "row",
      "backend": "sdpa_cudnn",
      "batch": 1,
      "rows": 32,
      "cols": 64,
      "nheads": 16,
      "headdim": 128,
      "seq_len": 32,
      "batch_eff": 64,
      "causal": false,
      "dtype": "torch.bfloat16",
      "rep": 25,
      "fwd_time_ms": 0.09554432004690168,
      "fwd_time_std_ms": 0.01855986744210941,
      "fwd_tflops": 5.619077217111974,
      "fwd_tflops_std": 1.0915282901734058,
      "bwd_time_ms": 0.2330956807732583,
      "bwd_time_std_ms": 0.024894204111733768,
      "bwd_tflops": 5.758052982996243,
      "bwd_tflops_std": 0.6149498170423875
    },
    {
      "attn_type": "row",
      "backend": "sdpa_cudnn",
      "batch": 1,
      "rows": 64,
      "cols": 64,
      "nheads": 16,
      "headdim": 128,
      "seq_len": 64,
      "batch_eff": 64,
      "causal": false,
      "dtype": "torch.bfloat16",
      "rep": 25,
      "fwd_time_ms": 0.13668608129024507,
      "fwd_time_std_ms": 0.0004502864406231954,
      "fwd_tflops": 15.711063099687097,
      "fwd_tflops_std": 0.05175712563258201,
      "bwd_time_ms": 0.21566464006900785,
      "bwd_time_std_ms": 0.0016771561534736565,
      "bwd_tflops": 24.89378471260812,
      "bwd_tflops_std": 0.1935911431778517
    },
    {
      "attn_type": "row",
      "backend": "sdpa_cudnn",
      "batch": 1,
      "rows": 128,
      "cols": 64,
      "nheads": 16,
      "headdim": 128,
      "seq_len": 128,
      "batch_eff": 64,
      "causal": false,
      "dtype": "torch.bfloat16",
      "rep": 25,
      "fwd_time_ms": 0.24091136038303373,
      "fwd_time_std_ms": 0.0006974598370690526,
      "fwd_tflops": 35.65599637286739,
      "fwd_tflops_std": 0.10322728401522989,
      "bwd_time_ms": 0.38348159730434417,
      "bwd_time_std_ms": 0.001210246956532236,
      "bwd_tflops": 55.99965325834614,
      "bwd_tflops_std": 0.17673184423759092
    },
    {
      "attn_type": "row",
      "backend": "sdpa_cudnn",
      "batch": 1,
      "rows": 256,
      "cols": 64,
      "nheads": 16,
      "headdim": 128,
      "seq_len": 256,
      "batch_eff": 64,
      "causal": false,
      "dtype": "torch.bfloat16",
      "rep": 25,
      "fwd_time_ms": 0.48939648151397713,
      "fwd_time_std_ms": 0.0010375049608428249,
      "fwd_tflops": 70.20838862941169,
      "fwd_tflops_std": 0.14883954880602315,
      "bwd_time_ms": 0.8110809516906738,
      "bwd_time_std_ms": 0.0069664996664666815,
      "bwd_tflops": 105.90724112179605,
      "bwd_tflops_std": 0.9096536645491069
    },
    {
      "attn_type": "row",
      "backend": "sdpa_cudnn",
      "batch": 1,
      "rows": 512,
      "cols": 64,
      "nheads": 16,
      "headdim": 128,
      "seq_len": 512,
      "batch_eff": 64,
      "causal": false,
      "dtype": "torch.bfloat16",
      "rep": 25,
      "fwd_time_ms": 1.0799833536148071,
      "fwd_time_std_ms": 0.00538383864026151,
      "fwd_tflops": 127.26025175478745,
      "fwd_tflops_std": 0.6344066864304662,
      "bwd_time_ms": 2.1392140817642207,
      "bwd_time_std_ms": 0.11432568500166397,
      "bwd_tflops": 160.61851247568146,
      "bwd_tflops_std": 8.583910146845461
    },
    {
      "attn_type": "row",
      "backend": "sdpa_cudnn",
      "batch": 1,
      "rows": 1024,
      "cols": 64,
      "nheads": 16,
      "headdim": 128,
      "seq_len": 1024,
      "batch_eff": 64,
      "causal": false,
      "dtype": "torch.bfloat16",
      "rep": 25,
      "fwd_time_ms": 2.834302682876587,
      "fwd_time_std_ms": 0.0671554883985201,
      "fwd_tflops": 193.96510373057353,
      "fwd_tflops_std": 4.59577636220424,
      "bwd_time_ms": 5.9013171672821025,
      "bwd_time_std_ms": 0.10448789389100126,
      "bwd_tflops": 232.89538517601585,
      "bwd_tflops_std": 4.123613017936294
    },
    {
      "attn_type": "row",
      "backend": "sdpa_cudnn",
      "batch": 1,
      "rows": 2048,
      "cols": 64,
      "nheads": 16,
      "headdim": 128,
      "seq_len": 2048,
      "batch_eff": 64,
      "causal": false,
      "dtype": "torch.bfloat16",
      "rep": 25,
      "fwd_time_ms": 8.182791709899904,
      "fwd_time_std_ms": 0.08260000613652903,
      "fwd_tflops": 268.73753280210275,
      "fwd_tflops_std": 2.71273211460504,
      "bwd_time_ms": 19.69293933868408,
      "bwd_time_std_ms": 0.6882423503902155,
      "bwd_tflops": 279.1639198360196,
      "bwd_tflops_std": 9.75641213471216
    },
    {
      "attn_type": "row",
      "backend": "sdpa_cudnn",
      "batch": 1,
      "rows": 4096,
      "cols": 64,
      "nheads": 16,
      "headdim": 128,
      "seq_len": 4096,
      "batch_eff": 64,
      "causal": false,
      "dtype": "torch.bfloat16",
      "rep": 25,
      "fwd_time_ms": 27.20489219665527,
      "fwd_time_std_ms": 0.5053801483118652,
      "fwd_tflops": 323.3276191143828,
      "fwd_tflops_std": 6.0063961628724565,
      "bwd_time_ms": 65.61733589172366,
      "bwd_time_std_ms": 0.8212182049160045,
      "bwd_tflops": 335.1283964317978,
      "bwd_tflops_std": 4.1942199632767005
    },
    {
      "attn_type": "row",
      "backend": "sdpa_cudnn",
      "batch": 1,
      "rows": 8192,
      "cols": 64,
      "nheads": 16,
      "headdim": 128,
      "seq_len": 8192,
      "batch_eff": 64,
      "causal": false,
      "dtype": "torch.bfloat16",
      "rep": 25,
      "fwd_time_ms": 95.15323059082031,
      "fwd_time_std_ms": 1.5028374218416127,
      "fwd_tflops": 369.7653970376737,
      "fwd_tflops_std": 5.840025320421938,
      "bwd_time_ms": 241.6303265380859,
      "bwd_time_std_ms": 2.542879295446939,
      "bwd_tflops": 364.0310034022801,
      "bwd_tflops_std": 3.8310046371870667
    },
    {
      "attn_type": "row",
      "backend": "sdpa_cudnn",
      "batch": 1,
      "rows": 16384,
      "cols": 64,
      "nheads": 16,
      "headdim": 128,
      "seq_len": 16384,
      "batch_eff": 64,
      "causal": false,
      "dtype": "torch.bfloat16",
      "rep": 25,
      "fwd_time_ms": 353.1240905761719,
      "fwd_time_std_ms": 2.0053940205718224,
      "fwd_tflops": 398.5496659989832,
      "fwd_tflops_std": 2.2633661605787636,
      "bwd_time_ms": 916.6541662597656,
      "bwd_time_std_ms": 2.3610938895333122,
      "bwd_tflops": 383.83474797693,
      "bwd_tflops_std": 0.9886715310930746
    }
  ]
}