{
  "metadata": {
    "timestamp": "2026-05-03T16:30:36.028502",
    "gpu": "NVIDIA H100 NVL",
    "pytorch_version": "2.10.0+cu130",
    "cuda_version": "13.0",
    "cudnn_version": "9.15.1",
    "cudnn_enabled": true,
    "dtype": "bfloat16",
    "causal": false,
    "nheads": 8,
    "headdim": 256,
    "col_attn_rows": 1024,
    "col_attn_cols": [
      16,
      32,
      64,
      128,
      256,
      512,
      1024,
      2048
    ],
    "row_attn_rows": [
      32,
      64,
      128,
      256,
      512,
      1024,
      2048,
      4096,
      8192,
      16384
    ],
    "row_attn_cols": 64,
    "warmup": 5,
    "rep": 50
  },
  "results": [
    {
      "attn_type": "col",
      "backend": "sdpa_cudnn",
      "batch": 1,
      "rows": 1024,
      "cols": 16,
      "nheads": 8,
      "headdim": 256,
      "seq_len": 16,
      "batch_eff": 1024,
      "causal": false,
      "dtype": "torch.bfloat16",
      "rep": 50,
      "fwd_time_ms": 0.36681472063064574,
      "fwd_time_std_ms": 0.010749625869994407,
      "fwd_tflops": 5.854409671203875,
      "fwd_tflops_std": 0.17156539832131504,
      "bwd_time_ms": 1.2682848024368287,
      "bwd_time_std_ms": 0.01513713381779549,
      "bwd_tflops": 4.233046954189461,
      "bwd_tflops_std": 0.05052193172973782
    },
    {
      "attn_type": "col",
      "backend": "sdpa_cudnn",
      "batch": 1,
      "rows": 1024,
      "cols": 32,
      "nheads": 8,
      "headdim": 256,
      "seq_len": 32,
      "batch_eff": 1024,
      "causal": false,
      "dtype": "torch.bfloat16",
      "rep": 50,
      "fwd_time_ms": 0.3807270389795303,
      "fwd_time_std_ms": 0.0008016355992996167,
      "fwd_tflops": 22.561924193836507,
      "fwd_tflops_std": 0.04750500954950842,
      "bwd_time_ms": 1.6794156950712205,
      "bwd_time_std_ms": 0.05203495700764177,
      "bwd_tflops": 12.787088118221556,
      "bwd_tflops_std": 0.39619468987776035
    },
    {
      "attn_type": "col",
      "backend": "sdpa_cudnn",
      "batch": 1,
      "rows": 1024,
      "cols": 64,
      "nheads": 8,
      "headdim": 256,
      "seq_len": 64,
      "batch_eff": 1024,
      "causal": false,
      "dtype": "torch.bfloat16",
      "rep": 50,
      "fwd_time_ms": 0.44219008266925813,
      "fwd_time_std_ms": 0.0007780707460413825,
      "fwd_tflops": 77.70354812253855,
      "fwd_tflops_std": 0.13672594666259633,
      "bwd_time_ms": 2.6526112097501757,
      "bwd_time_std_ms": 0.08798709060502667,
      "bwd_tflops": 32.3829385943408,
      "bwd_tflops_std": 1.0741417896766052
    },
    {
      "attn_type": "col",
      "backend": "sdpa_cudnn",
      "batch": 1,
      "rows": 1024,
      "cols": 128,
      "nheads": 8,
      "headdim": 256,
      "seq_len": 128,
      "batch_eff": 1024,
      "causal": false,
      "dtype": "torch.bfloat16",
      "rep": 50,
      "fwd_time_ms": 0.6793203151226043,
      "fwd_time_std_ms": 0.007146668415736008,
      "fwd_tflops": 202.31833262221062,
      "fwd_tflops_std": 2.128453993628274,
      "bwd_time_ms": 4.825411845445633,
      "bwd_time_std_ms": 0.09123213923953966,
      "bwd_tflops": 71.20581510660016,
      "bwd_tflops_std": 1.346259976669478
    },
    {
      "attn_type": "col",
      "backend": "sdpa_cudnn",
      "batch": 1,
      "rows": 1024,
      "cols": 256,
      "nheads": 8,
      "headdim": 256,
      "seq_len": 256,
      "batch_eff": 1024,
      "causal": false,
      "dtype": "torch.bfloat16",
      "rep": 50,
      "fwd_time_ms": 1.9844460821151735,
      "fwd_time_std_ms": 0.11214440977761246,
      "fwd_tflops": 277.03237636067615,
      "fwd_tflops_std": 15.65556888456409,
      "bwd_time_ms": 13.298303380012511,
      "bwd_time_std_ms": 0.865791139422554,
      "bwd_tflops": 103.35074298167403,
      "bwd_tflops_std": 6.72868974103574
    },
    {
      "attn_type": "col",
      "backend": "sdpa_cudnn",
      "batch": 1,
      "rows": 1024,
      "cols": 512,
      "nheads": 8,
      "headdim": 256,
      "seq_len": 512,
      "batch_eff": 1024,
      "causal": false,
      "dtype": "torch.bfloat16",
      "rep": 50,
      "fwd_time_ms": 6.790709161758422,
      "fwd_time_std_ms": 0.3294262034647484,
      "fwd_tflops": 323.8282192875675,
      "fwd_tflops_std": 15.709331428211208,
      "bwd_time_ms": 36.10594992637633,
      "bwd_time_std_ms": 1.2735594377943809,
      "bwd_tflops": 152.2618335784012,
      "bwd_tflops_std": 5.370707475223928
    },
    {
      "attn_type": "col",
      "backend": "sdpa_cudnn",
      "batch": 1,
      "rows": 1024,
      "cols": 1024,
      "nheads": 8,
      "headdim": 256,
      "seq_len": 1024,
      "batch_eff": 1024,
      "causal": false,
      "dtype": "torch.bfloat16",
      "rep": 50,
      "fwd_time_ms": 24.484329643249517,
      "fwd_time_std_ms": 0.6421962445461114,
      "fwd_tflops": 359.2539861361137,
      "fwd_tflops_std": 9.422825296686922,
      "bwd_time_ms": 111.18851917266848,
      "bwd_time_std_ms": 1.5254273494569306,
      "bwd_tflops": 197.77430906666373,
      "bwd_tflops_std": 2.7133227631328674
    },
    {
      "attn_type": "col",
      "backend": "sdpa_cudnn",
      "rows": 1024,
      "cols": 2048,
      "error": "CUDA out of memory. Tried to allocate 16.06 GiB. GPU 0 has a total capacity of 93.09 GiB of which 8.37 GiB is free. Including non-PyTorch memory, this process has 84.71 GiB memory in use. Of the allocated memory 80.09 GiB is allocated by PyTorch, and 3.94 GiB is reserved by PyTorch but unallocated. If reserved but unallocated memory is large try setting PYTORCH_ALLOC_CONF=expandable_segments:True to avoid fragmentation.  See documentation for Memory Management  (https://pytorch.org/docs/stable/notes/cuda.html#environment-variables)"
    }
  ]
}