{
  "metadata": {
    "timestamp": "2026-03-07T19:52:26.981751",
    "gpu": "NVIDIA H100 NVL",
    "pytorch_version": "2.10.0+cu130",
    "cuda_version": "13.0",
    "cudnn_version": "9.15.1",
    "cudnn_enabled": true,
    "dtype": "bfloat16",
    "causal": false,
    "nheads": 32,
    "headdim": 64,
    "col_attn_rows": 1024,
    "col_attn_cols": [
      16,
      32,
      64,
      128,
      256,
      512,
      1024,
      2048
    ],
    "row_attn_rows": [
      32,
      64,
      128,
      256,
      512,
      1024,
      2048,
      4096,
      8192,
      16384
    ],
    "row_attn_cols": 64,
    "warmup": 5,
    "rep": 50
  },
  "results": [
    {
      "attn_type": "row",
      "backend": "sdpa_cudnn",
      "batch": 1,
      "rows": 32,
      "cols": 64,
      "nheads": 32,
      "headdim": 64,
      "seq_len": 32,
      "batch_eff": 64,
      "causal": false,
      "dtype": "torch.bfloat16",
      "rep": 50,
      "fwd_time_ms": 0.10777472004294396,
      "fwd_time_std_ms": 0.013535061264505587,
      "fwd_tflops": 4.981417829580798,
      "fwd_tflops_std": 0.6255993565152463,
      "bwd_time_ms": 0.22261312022805219,
      "bwd_time_std_ms": 0.018660879563343922,
      "bwd_tflops": 6.029192163629123,
      "bwd_tflops_std": 0.5054060996696019
    },
    {
      "attn_type": "row",
      "backend": "sdpa_cudnn",
      "batch": 1,
      "rows": 64,
      "cols": 64,
      "nheads": 32,
      "headdim": 64,
      "seq_len": 64,
      "batch_eff": 64,
      "causal": false,
      "dtype": "torch.bfloat16",
      "rep": 50,
      "fwd_time_ms": 0.15035968005657196,
      "fwd_time_std_ms": 0.0004733318073081765,
      "fwd_tflops": 14.28231057150442,
      "fwd_tflops_std": 0.04496066946140979,
      "bwd_time_ms": 0.2384844821691513,
      "bwd_time_std_ms": 0.0010376435583158304,
      "bwd_tflops": 22.511775488151486,
      "bwd_tflops_std": 0.09794850637268919
    },
    {
      "attn_type": "row",
      "backend": "sdpa_cudnn",
      "batch": 1,
      "rows": 128,
      "cols": 64,
      "nheads": 32,
      "headdim": 64,
      "seq_len": 128,
      "batch_eff": 64,
      "causal": false,
      "dtype": "torch.bfloat16",
      "rep": 50,
      "fwd_time_ms": 0.2426278394460678,
      "fwd_time_std_ms": 0.0006867900070990184,
      "fwd_tflops": 35.40374679019224,
      "fwd_tflops_std": 0.1002149611721403,
      "bwd_time_ms": 0.4075622421503066,
      "bwd_time_std_ms": 0.0012322941410083884,
      "bwd_tflops": 52.69093713563438,
      "bwd_tflops_std": 0.15931488838099356
    },
    {
      "attn_type": "row",
      "backend": "sdpa_cudnn",
      "batch": 1,
      "rows": 256,
      "cols": 64,
      "nheads": 32,
      "headdim": 64,
      "seq_len": 256,
      "batch_eff": 64,
      "causal": false,
      "dtype": "torch.bfloat16",
      "rep": 50,
      "fwd_time_ms": 0.5078220808506012,
      "fwd_time_std_ms": 0.0004908930343447623,
      "fwd_tflops": 67.66097746369653,
      "fwd_tflops_std": 0.0654053925308893,
      "bwd_time_ms": 0.8980230367183688,
      "bwd_time_std_ms": 0.025153202632575457,
      "bwd_tflops": 95.65383337369676,
      "bwd_tflops_std": 2.6792188563707806
    },
    {
      "attn_type": "row",
      "backend": "sdpa_cudnn",
      "batch": 1,
      "rows": 512,
      "cols": 64,
      "nheads": 32,
      "headdim": 64,
      "seq_len": 512,
      "batch_eff": 64,
      "causal": false,
      "dtype": "torch.bfloat16",
      "rep": 50,
      "fwd_time_ms": 1.188273286819458,
      "fwd_time_std_ms": 0.016545647500754917,
      "fwd_tflops": 115.66274778411473,
      "fwd_tflops_std": 1.6105007787618868,
      "bwd_time_ms": 2.4118028688430795,
      "bwd_time_std_ms": 0.10252888317659783,
      "bwd_tflops": 142.46495354938384,
      "bwd_tflops_std": 6.056370845197208
    },
    {
      "attn_type": "row",
      "backend": "sdpa_cudnn",
      "batch": 1,
      "rows": 1024,
      "cols": 64,
      "nheads": 32,
      "headdim": 64,
      "seq_len": 1024,
      "batch_eff": 64,
      "causal": false,
      "dtype": "torch.bfloat16",
      "rep": 50,
      "fwd_time_ms": 3.2729305505752566,
      "fwd_time_std_ms": 0.08393134184824669,
      "fwd_tflops": 167.97051003461524,
      "fwd_tflops_std": 4.307451710413394,
      "bwd_time_ms": 7.0776153516769424,
      "bwd_time_std_ms": 0.3169169558908069,
      "bwd_tflops": 194.18822109262516,
      "bwd_tflops_std": 8.695236579075228
    },
    {
      "attn_type": "row",
      "backend": "sdpa_cudnn",
      "batch": 1,
      "rows": 2048,
      "cols": 64,
      "nheads": 32,
      "headdim": 64,
      "seq_len": 2048,
      "batch_eff": 64,
      "causal": false,
      "dtype": "torch.bfloat16",
      "rep": 50,
      "fwd_time_ms": 10.072761001586914,
      "fwd_time_std_ms": 0.1666542949221171,
      "fwd_tflops": 218.31385210128136,
      "fwd_tflops_std": 3.6120127428754087,
      "bwd_time_ms": 22.15134021759033,
      "bwd_time_std_ms": 0.5312807453249457,
      "bwd_tflops": 248.18173911276037,
      "bwd_tflops_std": 5.952424459950439
    },
    {
      "attn_type": "row",
      "backend": "sdpa_cudnn",
      "batch": 1,
      "rows": 4096,
      "cols": 64,
      "nheads": 32,
      "headdim": 64,
      "seq_len": 4096,
      "batch_eff": 64,
      "causal": false,
      "dtype": "torch.bfloat16",
      "rep": 50,
      "fwd_time_ms": 33.677864608764644,
      "fwd_time_std_ms": 0.39542685332022753,
      "fwd_tflops": 261.1832170593982,
      "fwd_tflops_std": 3.0666688301542,
      "bwd_time_ms": 76.62419136047363,
      "bwd_time_std_ms": 0.5693661643734457,
      "bwd_tflops": 286.98811909242016,
      "bwd_tflops_std": 2.1325030866517047
    },
    {
      "attn_type": "row",
      "backend": "sdpa_cudnn",
      "batch": 1,
      "rows": 8192,
      "cols": 64,
      "nheads": 32,
      "headdim": 64,
      "seq_len": 8192,
      "batch_eff": 64,
      "causal": false,
      "dtype": "torch.bfloat16",
      "rep": 50,
      "fwd_time_ms": 120.01148223876953,
      "fwd_time_std_ms": 0.4645204365830332,
      "fwd_tflops": 293.1750481910617,
      "fwd_tflops_std": 1.1347730970442858,
      "bwd_time_ms": 283.50007537841793,
      "bwd_time_std_ms": 0.8149820624170853,
      "bwd_tflops": 310.2677489756189,
      "bwd_tflops_std": 0.8919315087452218
    },
    {
      "attn_type": "row",
      "backend": "sdpa_cudnn",
      "batch": 1,
      "rows": 16384,
      "cols": 64,
      "nheads": 32,
      "headdim": 64,
      "seq_len": 16384,
      "batch_eff": 64,
      "causal": false,
      "dtype": "torch.bfloat16",
      "rep": 50,
      "fwd_time_ms": 448.20967346191406,
      "fwd_time_std_ms": 1.5821149213480186,
      "fwd_tflops": 313.99922109732637,
      "fwd_tflops_std": 1.1083715555549003,
      "bwd_time_ms": 1090.0773333740233,
      "bwd_time_std_ms": 1.9493662744976945,
      "bwd_tflops": 322.7695046178863,
      "bwd_tflops_std": 0.5772030730984368
    }
  ]
}