{
  "metadata": {
    "timestamp": "2026-05-03T16:29:57.700386",
    "gpu": "NVIDIA H100 NVL",
    "pytorch_version": "2.10.0+cu130",
    "cuda_version": "13.0",
    "cudnn_version": "9.15.1",
    "cudnn_enabled": true,
    "dtype": "bfloat16",
    "causal": false,
    "nheads": 8,
    "headdim": 128,
    "col_attn_rows": 1024,
    "col_attn_cols": [
      16,
      32,
      64,
      128,
      256,
      512,
      1024,
      2048
    ],
    "row_attn_rows": [
      32,
      64,
      128,
      256,
      512,
      1024,
      2048,
      4096,
      8192,
      16384
    ],
    "row_attn_cols": 64,
    "warmup": 5,
    "rep": 25
  },
  "results": [
    {
      "attn_type": "row",
      "backend": "sdpa_cudnn",
      "batch": 1,
      "rows": 32,
      "cols": 64,
      "nheads": 8,
      "headdim": 128,
      "seq_len": 32,
      "batch_eff": 64,
      "causal": false,
      "dtype": "torch.bfloat16",
      "rep": 25,
      "fwd_time_ms": 0.0682828801870346,
      "fwd_time_std_ms": 0.026104133295849864,
      "fwd_tflops": 3.9312263229776576,
      "fwd_tflops_std": 1.5028841148772747,
      "bwd_time_ms": 0.24596608340740206,
      "bwd_time_std_ms": 0.02962758363263686,
      "bwd_tflops": 2.7283787695576422,
      "bwd_tflops_std": 0.3286439701635191
    },
    {
      "attn_type": "row",
      "backend": "sdpa_cudnn",
      "batch": 1,
      "rows": 64,
      "cols": 64,
      "nheads": 8,
      "headdim": 128,
      "seq_len": 64,
      "batch_eff": 64,
      "causal": false,
      "dtype": "torch.bfloat16",
      "rep": 25,
      "fwd_time_ms": 0.08103807985782624,
      "fwd_time_std_ms": 0.005265431317735905,
      "fwd_tflops": 13.249842862562637,
      "fwd_tflops_std": 0.8609056098813677,
      "bwd_time_ms": 0.23053951799869532,
      "bwd_time_std_ms": 0.015180553210725067,
      "bwd_tflops": 11.64379358169384,
      "bwd_tflops_std": 0.7667198646724102
    },
    {
      "attn_type": "row",
      "backend": "sdpa_cudnn",
      "batch": 1,
      "rows": 128,
      "cols": 64,
      "nheads": 8,
      "headdim": 128,
      "seq_len": 128,
      "batch_eff": 64,
      "causal": false,
      "dtype": "torch.bfloat16",
      "rep": 25,
      "fwd_time_ms": 0.12726272106170655,
      "fwd_time_std_ms": 0.0005493182230031641,
      "fwd_tflops": 33.7488249517899,
      "fwd_tflops_std": 0.14567380295108606,
      "bwd_time_ms": 0.20226175785064696,
      "bwd_time_std_ms": 0.002060649083826418,
      "bwd_tflops": 53.086744395491046,
      "bwd_tflops_std": 0.5408494040809898
    },
    {
      "attn_type": "row",
      "backend": "sdpa_cudnn",
      "batch": 1,
      "rows": 256,
      "cols": 64,
      "nheads": 8,
      "headdim": 128,
      "seq_len": 256,
      "batch_eff": 64,
      "causal": false,
      "dtype": "torch.bfloat16",
      "rep": 25,
      "fwd_time_ms": 0.2518361604213714,
      "fwd_time_std_ms": 0.0005444394316730166,
      "fwd_tflops": 68.21843676164178,
      "fwd_tflops_std": 0.14748003971306586,
      "bwd_time_ms": 0.4220236790180208,
      "bwd_time_std_ms": 0.001370074487489051,
      "bwd_tflops": 101.77076570664654,
      "bwd_tflops_std": 0.3303926689406168
    },
    {
      "attn_type": "row",
      "backend": "sdpa_cudnn",
      "batch": 1,
      "rows": 512,
      "cols": 64,
      "nheads": 8,
      "headdim": 128,
      "seq_len": 512,
      "batch_eff": 64,
      "causal": false,
      "dtype": "torch.bfloat16",
      "rep": 25,
      "fwd_time_ms": 0.550565118789673,
      "fwd_time_std_ms": 0.0017357943049499368,
      "fwd_tflops": 124.81625586282782,
      "fwd_tflops_std": 0.3935144793919235,
      "bwd_time_ms": 1.0433971071243286,
      "bwd_time_std_ms": 0.04130192523273613,
      "bwd_tflops": 164.65321847928882,
      "bwd_tflops_std": 6.51764785672405
    },
    {
      "attn_type": "row",
      "backend": "sdpa_cudnn",
      "batch": 1,
      "rows": 1024,
      "cols": 64,
      "nheads": 8,
      "headdim": 128,
      "seq_len": 1024,
      "batch_eff": 64,
      "causal": false,
      "dtype": "torch.bfloat16",
      "rep": 25,
      "fwd_time_ms": 1.3865305662155152,
      "fwd_time_std_ms": 0.023660995727192068,
      "fwd_tflops": 198.24871780091317,
      "fwd_tflops_std": 3.383093152870028,
      "bwd_time_ms": 3.0021542406082156,
      "bwd_time_std_ms": 0.09787089831989733,
      "bwd_tflops": 228.9005534974709,
      "bwd_tflops_std": 7.462209134258392
    },
    {
      "attn_type": "row",
      "backend": "sdpa_cudnn",
      "batch": 1,
      "rows": 2048,
      "cols": 64,
      "nheads": 8,
      "headdim": 128,
      "seq_len": 2048,
      "batch_eff": 64,
      "causal": false,
      "dtype": "torch.bfloat16",
      "rep": 25,
      "fwd_time_ms": 4.097693500518799,
      "fwd_time_std_ms": 0.07940960105923964,
      "fwd_tflops": 268.3245166181398,
      "fwd_tflops_std": 5.199886915983857,
      "bwd_time_ms": 9.254730167388916,
      "bwd_time_std_ms": 0.12882545790324604,
      "bwd_tflops": 297.01342121523214,
      "bwd_tflops_std": 4.134414434500717
    },
    {
      "attn_type": "row",
      "backend": "sdpa_cudnn",
      "batch": 1,
      "rows": 4096,
      "cols": 64,
      "nheads": 8,
      "headdim": 128,
      "seq_len": 4096,
      "batch_eff": 64,
      "causal": false,
      "dtype": "torch.bfloat16",
      "rep": 25,
      "fwd_time_ms": 14.23685501098633,
      "fwd_time_std_ms": 0.6812059408288896,
      "fwd_tflops": 308.919807619738,
      "fwd_tflops_std": 14.781214532836916,
      "bwd_time_ms": 33.0867544555664,
      "bwd_time_std_ms": 1.594834827400399,
      "bwd_tflops": 332.31171986136644,
      "bwd_tflops_std": 16.01795984855413
    },
    {
      "attn_type": "row",
      "backend": "sdpa_cudnn",
      "batch": 1,
      "rows": 8192,
      "cols": 64,
      "nheads": 8,
      "headdim": 128,
      "seq_len": 8192,
      "batch_eff": 64,
      "causal": false,
      "dtype": "torch.bfloat16",
      "rep": 25,
      "fwd_time_ms": 49.355364074707026,
      "fwd_time_std_ms": 1.6145689831560224,
      "fwd_tflops": 356.43919104289233,
      "fwd_tflops_std": 11.660245507823133,
      "bwd_time_ms": 122.80998748779298,
      "bwd_time_std_ms": 1.9008251376099343,
      "bwd_tflops": 358.1179838114677,
      "bwd_tflops_std": 5.5428689456277915
    },
    {
      "attn_type": "row",
      "backend": "sdpa_cudnn",
      "batch": 1,
      "rows": 16384,
      "cols": 64,
      "nheads": 8,
      "headdim": 128,
      "seq_len": 16384,
      "batch_eff": 64,
      "causal": false,
      "dtype": "torch.bfloat16",
      "rep": 25,
      "fwd_time_ms": 183.5297369384766,
      "fwd_time_std_ms": 1.533117037358864,
      "fwd_tflops": 383.418760095827,
      "fwd_tflops_std": 3.2028914951421528,
      "bwd_time_ms": 472.8661590576172,
      "bwd_time_std_ms": 1.9940873504100016,
      "bwd_tflops": 372.03309451189654,
      "bwd_tflops_std": 1.5688720232772408
    }
  ]
}