{
  "metadata": {
    "timestamp": "2026-05-03T16:29:03.153043",
    "gpu": "NVIDIA H100 NVL",
    "pytorch_version": "2.10.0+cu130",
    "cuda_version": "13.0",
    "cudnn_version": "9.15.1",
    "cudnn_enabled": true,
    "dtype": "bfloat16",
    "causal": false,
    "nheads": 8,
    "headdim": 64,
    "col_attn_rows": 1024,
    "col_attn_cols": [
      16,
      32,
      64,
      128,
      256,
      512,
      1024,
      2048
    ],
    "row_attn_rows": [
      32,
      64,
      128,
      256,
      512,
      1024,
      2048,
      4096,
      8192,
      16384
    ],
    "row_attn_cols": 64,
    "warmup": 5,
    "rep": 50
  },
  "results": [
    {
      "attn_type": "row",
      "backend": "sdpa_cudnn",
      "batch": 1,
      "rows": 32,
      "cols": 64,
      "nheads": 8,
      "headdim": 64,
      "seq_len": 32,
      "batch_eff": 64,
      "causal": false,
      "dtype": "torch.bfloat16",
      "rep": 50,
      "fwd_time_ms": 0.06348159983754158,
      "fwd_time_std_ms": 0.01773951288071315,
      "fwd_tflops": 2.1142776543672848,
      "fwd_tflops_std": 0.5908208958034497,
      "bwd_time_ms": 0.2520019207894802,
      "bwd_time_std_ms": 0.02218746197551971,
      "bwd_tflops": 1.3315149303179727,
      "bwd_tflops_std": 0.11723298296185074
    },
    {
      "attn_type": "row",
      "backend": "sdpa_cudnn",
      "batch": 1,
      "rows": 64,
      "cols": 64,
      "nheads": 8,
      "headdim": 64,
      "seq_len": 64,
      "batch_eff": 64,
      "causal": false,
      "dtype": "torch.bfloat16",
      "rep": 50,
      "fwd_time_ms": 0.058915840387344355,
      "fwd_time_std_ms": 0.008283431689072673,
      "fwd_tflops": 9.112505371565991,
      "fwd_tflops_std": 1.2811973022095609,
      "bwd_time_ms": 0.252960000038147,
      "bwd_time_std_ms": 0.013275871226631262,
      "bwd_tflops": 5.305887412229587,
      "bwd_tflops_std": 0.27846409715821163
    },
    {
      "attn_type": "row",
      "backend": "sdpa_cudnn",
      "batch": 1,
      "rows": 128,
      "cols": 64,
      "nheads": 8,
      "headdim": 64,
      "seq_len": 128,
      "batch_eff": 64,
      "causal": false,
      "dtype": "torch.bfloat16",
      "rep": 50,
      "fwd_time_ms": 0.07470720008015634,
      "fwd_time_std_ms": 0.0014217363599663612,
      "fwd_tflops": 28.74533707187365,
      "fwd_tflops_std": 0.5470462130922122,
      "bwd_time_ms": 0.2398220793902874,
      "bwd_time_std_ms": 0.010669885379740228,
      "bwd_tflops": 22.386217039103148,
      "bwd_tflops_std": 0.9959815647520058
    },
    {
      "attn_type": "row",
      "backend": "sdpa_cudnn",
      "batch": 1,
      "rows": 256,
      "cols": 64,
      "nheads": 8,
      "headdim": 64,
      "seq_len": 256,
      "batch_eff": 64,
      "causal": false,
      "dtype": "torch.bfloat16",
      "rep": 50,
      "fwd_time_ms": 0.14058943986892702,
      "fwd_time_std_ms": 0.0004182135023414338,
      "fwd_tflops": 61.09942965850411,
      "fwd_tflops_std": 0.18175338412593461,
      "bwd_time_ms": 0.23858367979526507,
      "bwd_time_std_ms": 0.0009664093369777591,
      "bwd_tflops": 90.00966243134536,
      "bwd_tflops_std": 0.3645940001701437
    },
    {
      "attn_type": "row",
      "backend": "sdpa_cudnn",
      "batch": 1,
      "rows": 512,
      "cols": 64,
      "nheads": 8,
      "headdim": 64,
      "seq_len": 512,
      "batch_eff": 64,
      "causal": false,
      "dtype": "torch.bfloat16",
      "rep": 50,
      "fwd_time_ms": 0.3085100793838501,
      "fwd_time_std_ms": 0.0005230950745355792,
      "fwd_tflops": 111.3731468243195,
      "fwd_tflops_std": 0.1888390313071215,
      "bwd_time_ms": 0.5698630428314209,
      "bwd_time_std_ms": 0.018941060036553922,
      "bwd_tflops": 150.73682527858028,
      "bwd_tflops_std": 5.0101779598396226
    },
    {
      "attn_type": "row",
      "backend": "sdpa_cudnn",
      "batch": 1,
      "rows": 1024,
      "cols": 64,
      "nheads": 8,
      "headdim": 64,
      "seq_len": 1024,
      "batch_eff": 64,
      "causal": false,
      "dtype": "torch.bfloat16",
      "rep": 50,
      "fwd_time_ms": 0.791853437423706,
      "fwd_time_std_ms": 0.005959980975321758,
      "fwd_tflops": 173.56615123015368,
      "fwd_tflops_std": 1.306366696666898,
      "bwd_time_ms": 1.7225420904159547,
      "bwd_time_std_ms": 0.10194647954136037,
      "bwd_tflops": 199.4711105126198,
      "bwd_tflops_std": 11.805445916306574
    },
    {
      "attn_type": "row",
      "backend": "sdpa_cudnn",
      "batch": 1,
      "rows": 2048,
      "cols": 64,
      "nheads": 8,
      "headdim": 64,
      "seq_len": 2048,
      "batch_eff": 64,
      "causal": false,
      "dtype": "torch.bfloat16",
      "rep": 50,
      "fwd_time_ms": 2.4201216077804566,
      "fwd_time_std_ms": 0.08083062125701883,
      "fwd_tflops": 227.16040884912078,
      "fwd_tflops_std": 7.5870224509554935,
      "bwd_time_ms": 5.476048007011413,
      "bwd_time_std_ms": 0.1158450355192726,
      "bwd_tflops": 250.9820098290339,
      "bwd_tflops_std": 5.309489581924014
    },
    {
      "attn_type": "row",
      "backend": "sdpa_cudnn",
      "batch": 1,
      "rows": 4096,
      "cols": 64,
      "nheads": 8,
      "headdim": 64,
      "seq_len": 4096,
      "batch_eff": 64,
      "causal": false,
      "dtype": "torch.bfloat16",
      "rep": 50,
      "fwd_time_ms": 8.514873600006105,
      "fwd_time_std_ms": 0.30001337145681933,
      "fwd_tflops": 258.25671159116484,
      "fwd_tflops_std": 9.099426531212542,
      "bwd_time_ms": 19.177321529388433,
      "bwd_time_std_ms": 0.6669500268581892,
      "bwd_tflops": 286.6697588844837,
      "bwd_tflops_std": 9.969817896333423
    },
    {
      "attn_type": "row",
      "backend": "sdpa_cudnn",
      "batch": 1,
      "rows": 8192,
      "cols": 64,
      "nheads": 8,
      "headdim": 64,
      "seq_len": 8192,
      "batch_eff": 64,
      "causal": false,
      "dtype": "torch.bfloat16",
      "rep": 50,
      "fwd_time_ms": 30.118416137695316,
      "fwd_time_std_ms": 0.42234896111318776,
      "fwd_tflops": 292.0503183830796,
      "fwd_tflops_std": 4.095406212529609,
      "bwd_time_ms": 71.5119792175293,
      "bwd_time_std_ms": 0.6358226323735963,
      "bwd_tflops": 307.5041803643671,
      "bwd_tflops_std": 2.7340610561262557
    },
    {
      "attn_type": "row",
      "backend": "sdpa_cudnn",
      "batch": 1,
      "rows": 16384,
      "cols": 64,
      "nheads": 8,
      "headdim": 64,
      "seq_len": 16384,
      "batch_eff": 64,
      "causal": false,
      "dtype": "torch.bfloat16",
      "rep": 50,
      "fwd_time_ms": 113.11446090698243,
      "fwd_time_std_ms": 0.6583452993918469,
      "fwd_tflops": 311.05105224136827,
      "fwd_tflops_std": 1.8103697482357166,
      "bwd_time_ms": 274.88991226196293,
      "bwd_time_std_ms": 1.463551406569692,
      "bwd_tflops": 319.98602458083485,
      "bwd_tflops_std": 1.7036492627333373
    }
  ]
}