{
  "metadata": {
    "timestamp": "2026-03-07T19:52:03.982847",
    "gpu": "NVIDIA H100 NVL",
    "pytorch_version": "2.10.0+cu130",
    "cuda_version": "13.0",
    "cudnn_version": "9.15.1",
    "cudnn_enabled": true,
    "dtype": "bfloat16",
    "causal": false,
    "nheads": 32,
    "headdim": 64,
    "col_attn_rows": 1024,
    "col_attn_cols": [
      16,
      32,
      64,
      128,
      256,
      512,
      1024,
      2048
    ],
    "row_attn_rows": [
      32,
      64,
      128,
      256,
      512,
      1024,
      2048,
      4096,
      8192,
      16384
    ],
    "row_attn_cols": 64,
    "warmup": 5,
    "rep": 50
  },
  "results": [
    {
      "attn_type": "col",
      "backend": "sdpa_cudnn",
      "batch": 1,
      "rows": 1024,
      "cols": 16,
      "nheads": 32,
      "headdim": 64,
      "seq_len": 16,
      "batch_eff": 1024,
      "causal": false,
      "dtype": "torch.bfloat16",
      "rep": 50,
      "fwd_time_ms": 0.630319994688034,
      "fwd_time_std_ms": 0.012818188127737884,
      "fwd_tflops": 3.406973705574515,
      "fwd_tflops_std": 0.06928422114536396,
      "bwd_time_ms": 1.2896864020824432,
      "bwd_time_std_ms": 0.012859714704240006,
      "bwd_tflops": 4.162801989174423,
      "bwd_tflops_std": 0.04150811070395686
    },
    {
      "attn_type": "col",
      "backend": "sdpa_cudnn",
      "batch": 1,
      "rows": 1024,
      "cols": 32,
      "nheads": 32,
      "headdim": 64,
      "seq_len": 32,
      "batch_eff": 1024,
      "causal": false,
      "dtype": "torch.bfloat16",
      "rep": 50,
      "fwd_time_ms": 0.6156428813934326,
      "fwd_time_std_ms": 0.0009053551494701443,
      "fwd_tflops": 13.952787974349237,
      "fwd_tflops_std": 0.02051875985871984,
      "bwd_time_ms": 1.7281555175781251,
      "bwd_time_std_ms": 0.001967262823030403,
      "bwd_tflops": 12.426449044409674,
      "bwd_tflops_std": 0.014145770434832226
    },
    {
      "attn_type": "col",
      "backend": "sdpa_cudnn",
      "batch": 1,
      "rows": 1024,
      "cols": 64,
      "nheads": 32,
      "headdim": 64,
      "seq_len": 64,
      "batch_eff": 1024,
      "causal": false,
      "dtype": "torch.bfloat16",
      "rep": 50,
      "fwd_time_ms": 0.6234278392791748,
      "fwd_time_std_ms": 0.010717132949268028,
      "fwd_tflops": 55.114218844842924,
      "fwd_tflops_std": 0.9474495258957003,
      "bwd_time_ms": 2.7872351980209356,
      "bwd_time_std_ms": 0.0611882028008181,
      "bwd_tflops": 30.818836523373584,
      "bwd_tflops_std": 0.6765662333112078
    },
    {
      "attn_type": "col",
      "backend": "sdpa_cudnn",
      "batch": 1,
      "rows": 1024,
      "cols": 128,
      "nheads": 32,
      "headdim": 64,
      "seq_len": 128,
      "batch_eff": 1024,
      "causal": false,
      "dtype": "torch.bfloat16",
      "rep": 50,
      "fwd_time_ms": 0.7503526377677917,
      "fwd_time_std_ms": 0.012975193338829094,
      "fwd_tflops": 183.16581638316654,
      "fwd_tflops_std": 3.1673266155313167,
      "bwd_time_ms": 4.994924814701081,
      "bwd_time_std_ms": 0.07869797071995534,
      "bwd_tflops": 68.78930042524823,
      "bwd_tflops_std": 1.0838157833285362
    },
    {
      "attn_type": "col",
      "backend": "sdpa_cudnn",
      "batch": 1,
      "rows": 1024,
      "cols": 256,
      "nheads": 32,
      "headdim": 64,
      "seq_len": 256,
      "batch_eff": 1024,
      "causal": false,
      "dtype": "torch.bfloat16",
      "rep": 50,
      "fwd_time_ms": 2.4528096055984494,
      "fwd_time_std_ms": 0.15028419308645527,
      "fwd_tflops": 224.1330972584265,
      "fwd_tflops_std": 13.732684994615514,
      "bwd_time_ms": 12.306031317710877,
      "bwd_time_std_ms": 0.4172609827764481,
      "bwd_tflops": 111.68422208888535,
      "bwd_tflops_std": 3.7868803569809235
    },
    {
      "attn_type": "col",
      "backend": "sdpa_cudnn",
      "batch": 1,
      "rows": 1024,
      "cols": 512,
      "nheads": 32,
      "headdim": 64,
      "seq_len": 512,
      "batch_eff": 1024,
      "causal": false,
      "dtype": "torch.bfloat16",
      "rep": 50,
      "fwd_time_ms": 8.710602874755859,
      "fwd_time_std_ms": 0.08868800897123129,
      "fwd_tflops": 252.45362314989413,
      "fwd_tflops_std": 2.57038571458984,
      "bwd_time_ms": 32.83465400695801,
      "bwd_time_std_ms": 0.6406141027996022,
      "bwd_tflops": 167.43158425592088,
      "bwd_tflops_std": 3.2666412171023156
    },
    {
      "attn_type": "col",
      "backend": "sdpa_cudnn",
      "batch": 1,
      "rows": 1024,
      "cols": 1024,
      "nheads": 32,
      "headdim": 64,
      "seq_len": 1024,
      "batch_eff": 1024,
      "causal": false,
      "dtype": "torch.bfloat16",
      "rep": 50,
      "fwd_time_ms": 30.614085693359375,
      "fwd_time_std_ms": 0.43036477086555075,
      "fwd_tflops": 287.3217613066261,
      "fwd_tflops_std": 4.039093808254242,
      "bwd_time_ms": 97.0834732055664,
      "bwd_time_std_ms": 1.2507959971639306,
      "bwd_tflops": 226.5085068491262,
      "bwd_tflops_std": 2.918271507350868
    },
    {
      "attn_type": "col",
      "backend": "sdpa_cudnn",
      "rows": 1024,
      "cols": 2048,
      "error": "CUDA out of memory. Tried to allocate 16.25 GiB. GPU 0 has a total capacity of 93.09 GiB of which 8.37 GiB is free. Including non-PyTorch memory, this process has 84.71 GiB memory in use. Of the allocated memory 80.28 GiB is allocated by PyTorch, and 3.75 GiB is reserved by PyTorch but unallocated. If reserved but unallocated memory is large try setting PYTORCH_ALLOC_CONF=expandable_segments:True to avoid fragmentation.  See documentation for Memory Management  (https://pytorch.org/docs/stable/notes/cuda.html#environment-variables)"
    }
  ]
}