{
  "metadata": {
    "timestamp": "2026-03-07T19:49:20.164700",
    "gpu": "NVIDIA H100 NVL",
    "pytorch_version": "2.10.0+cu130",
    "cuda_version": "13.0",
    "cudnn_version": "9.15.1",
    "cudnn_enabled": true,
    "dtype": "bfloat16",
    "causal": false,
    "nheads": 12,
    "headdim": 64,
    "col_attn_rows": 1024,
    "col_attn_cols": [
      16,
      32,
      64,
      128,
      256,
      512,
      1024,
      2048
    ],
    "row_attn_rows": [
      32,
      64,
      128,
      256,
      512,
      1024,
      2048,
      4096,
      8192,
      16384
    ],
    "row_attn_cols": 64,
    "warmup": 5,
    "rep": 50
  },
  "results": [
    {
      "attn_type": "row",
      "backend": "sdpa_cudnn",
      "batch": 1,
      "rows": 32,
      "cols": 64,
      "nheads": 12,
      "headdim": 64,
      "seq_len": 32,
      "batch_eff": 64,
      "causal": false,
      "dtype": "torch.bfloat16",
      "rep": 50,
      "fwd_time_ms": 0.06425343997776507,
      "fwd_time_std_ms": 0.019156367629941207,
      "fwd_tflops": 3.1333200536760235,
      "fwd_tflops_std": 0.9341605814607905,
      "bwd_time_ms": 0.2547999983280898,
      "bwd_time_std_ms": 0.02407458099519895,
      "bwd_tflops": 1.975339416415189,
      "bwd_tflops_std": 0.18663841870305795
    },
    {
      "attn_type": "row",
      "backend": "sdpa_cudnn",
      "batch": 1,
      "rows": 64,
      "cols": 64,
      "nheads": 12,
      "headdim": 64,
      "seq_len": 64,
      "batch_eff": 64,
      "causal": false,
      "dtype": "torch.bfloat16",
      "rep": 50,
      "fwd_time_ms": 0.07011327996850016,
      "fwd_time_std_ms": 0.003374699519316016,
      "fwd_tflops": 11.485789401976353,
      "fwd_tflops_std": 0.5528351831668525,
      "bwd_time_ms": 0.24617535993456843,
      "bwd_time_std_ms": 0.012764180866569141,
      "bwd_tflops": 8.178178029414118,
      "bwd_tflops_std": 0.4240381472548239
    },
    {
      "attn_type": "row",
      "backend": "sdpa_cudnn",
      "batch": 1,
      "rows": 128,
      "cols": 64,
      "nheads": 12,
      "headdim": 64,
      "seq_len": 128,
      "batch_eff": 64,
      "causal": false,
      "dtype": "torch.bfloat16",
      "rep": 50,
      "fwd_time_ms": 0.10303168028593065,
      "fwd_time_std_ms": 0.0007346856262210933,
      "fwd_tflops": 31.264417537019145,
      "fwd_tflops_std": 0.2229364610271159,
      "bwd_time_ms": 0.22005632072687145,
      "bwd_time_std_ms": 0.010505098178791012,
      "bwd_tflops": 36.59546634879562,
      "bwd_tflops_std": 1.747002611071994
    },
    {
      "attn_type": "row",
      "backend": "sdpa_cudnn",
      "batch": 1,
      "rows": 256,
      "cols": 64,
      "nheads": 12,
      "headdim": 64,
      "seq_len": 256,
      "batch_eff": 64,
      "causal": false,
      "dtype": "torch.bfloat16",
      "rep": 50,
      "fwd_time_ms": 0.20204608023166654,
      "fwd_time_std_ms": 0.0004325763592803537,
      "fwd_tflops": 63.772095322147,
      "fwd_tflops_std": 0.13653469934434512,
      "bwd_time_ms": 0.3519206398725509,
      "bwd_time_std_ms": 0.0015850270953689275,
      "bwd_tflops": 91.53272377450143,
      "bwd_tflops_std": 0.4122572843355996
    },
    {
      "attn_type": "row",
      "backend": "sdpa_cudnn",
      "batch": 1,
      "rows": 512,
      "cols": 64,
      "nheads": 12,
      "headdim": 64,
      "seq_len": 512,
      "batch_eff": 64,
      "causal": false,
      "dtype": "torch.bfloat16",
      "rep": 50,
      "fwd_time_ms": 0.4542591995000839,
      "fwd_time_std_ms": 0.0008070586395317506,
      "fwd_tflops": 113.45858841982677,
      "fwd_tflops_std": 0.2015759595272243,
      "bwd_time_ms": 0.8628236752748492,
      "bwd_time_std_ms": 0.034113864589299096,
      "bwd_tflops": 149.33412535180568,
      "bwd_tflops_std": 5.904293399448186
    },
    {
      "attn_type": "row",
      "backend": "sdpa_cudnn",
      "batch": 1,
      "rows": 1024,
      "cols": 64,
      "nheads": 12,
      "headdim": 64,
      "seq_len": 1024,
      "batch_eff": 64,
      "causal": false,
      "dtype": "torch.bfloat16",
      "rep": 50,
      "fwd_time_ms": 1.1829087972640993,
      "fwd_time_std_ms": 0.020107906498583,
      "fwd_tflops": 174.2809172480713,
      "fwd_tflops_std": 2.9625482510712047,
      "bwd_time_ms": 2.5708364820480343,
      "bwd_time_std_ms": 0.12754218760102173,
      "bwd_tflops": 200.47796859853733,
      "bwd_tflops_std": 9.945945165869421
    },
    {
      "attn_type": "row",
      "backend": "sdpa_cudnn",
      "batch": 1,
      "rows": 2048,
      "cols": 64,
      "nheads": 12,
      "headdim": 64,
      "seq_len": 2048,
      "batch_eff": 64,
      "causal": false,
      "dtype": "torch.bfloat16",
      "rep": 50,
      "fwd_time_ms": 3.6513964605331424,
      "fwd_time_std_ms": 0.11716674698945471,
      "fwd_tflops": 225.84064199689638,
      "fwd_tflops_std": 7.246820126709219,
      "bwd_time_ms": 8.479668450355526,
      "bwd_time_std_ms": 0.3520666004146311,
      "bwd_tflops": 243.12086187680654,
      "bwd_tflops_std": 10.094113447000826
    },
    {
      "attn_type": "row",
      "backend": "sdpa_cudnn",
      "batch": 1,
      "rows": 4096,
      "cols": 64,
      "nheads": 12,
      "headdim": 64,
      "seq_len": 4096,
      "batch_eff": 64,
      "causal": false,
      "dtype": "torch.bfloat16",
      "rep": 50,
      "fwd_time_ms": 12.481007366180423,
      "fwd_time_std_ms": 0.21433247999650626,
      "fwd_tflops": 264.2843471325868,
      "fwd_tflops_std": 4.538473368638026,
      "bwd_time_ms": 28.91278680801391,
      "bwd_time_std_ms": 0.6918350984492112,
      "bwd_tflops": 285.2141947809167,
      "bwd_tflops_std": 6.824703264877789
    },
    {
      "attn_type": "row",
      "backend": "sdpa_cudnn",
      "batch": 1,
      "rows": 8192,
      "cols": 64,
      "nheads": 12,
      "headdim": 64,
      "seq_len": 8192,
      "batch_eff": 64,
      "causal": false,
      "dtype": "torch.bfloat16",
      "rep": 50,
      "fwd_time_ms": 44.964876098632814,
      "fwd_time_std_ms": 0.6747415370883165,
      "fwd_tflops": 293.43213365850187,
      "fwd_tflops_std": 4.403233503002179,
      "bwd_time_ms": 106.63634887695314,
      "bwd_time_std_ms": 1.1707527352212237,
      "bwd_tflops": 309.3255646940945,
      "bwd_tflops_std": 3.396062925572739
    },
    {
      "attn_type": "row",
      "backend": "sdpa_cudnn",
      "batch": 1,
      "rows": 16384,
      "cols": 64,
      "nheads": 12,
      "headdim": 64,
      "seq_len": 16384,
      "batch_eff": 64,
      "causal": false,
      "dtype": "torch.bfloat16",
      "rep": 50,
      "fwd_time_ms": 168.25242492675784,
      "fwd_time_std_ms": 0.48228297295537725,
      "fwd_tflops": 313.6748736680747,
      "fwd_tflops_std": 0.8991255292748105,
      "bwd_time_ms": 408.1137860107422,
      "bwd_time_std_ms": 0.6751790265962567,
      "bwd_tflops": 323.2956098416315,
      "bwd_tflops_std": 0.5348567547531227
    }
  ]
}