{
  "metadata": {
    "timestamp": "2026-05-03T16:28:12.861270",
    "gpu": "NVIDIA H100 NVL",
    "pytorch_version": "2.10.0+cu130",
    "cuda_version": "13.0",
    "cudnn_version": "9.15.1",
    "cudnn_enabled": true,
    "dtype": "bfloat16",
    "causal": false,
    "nheads": 8,
    "headdim": 32,
    "col_attn_rows": 1024,
    "col_attn_cols": [
      16,
      32,
      64,
      128,
      256,
      512,
      1024,
      2048
    ],
    "row_attn_rows": [
      32,
      64,
      128,
      256,
      512,
      1024,
      2048,
      4096,
      8192,
      16384
    ],
    "row_attn_cols": 64,
    "warmup": 5,
    "rep": 50
  },
  "results": [
    {
      "attn_type": "row",
      "backend": "sdpa_cudnn",
      "batch": 1,
      "rows": 32,
      "cols": 64,
      "nheads": 8,
      "headdim": 32,
      "seq_len": 32,
      "batch_eff": 64,
      "causal": false,
      "dtype": "torch.bfloat16",
      "rep": 50,
      "fwd_time_ms": 0.06332544066011905,
      "fwd_time_std_ms": 0.018445627111593844,
      "fwd_tflops": 1.0597457088405808,
      "fwd_tflops_std": 0.3086859558277933,
      "bwd_time_ms": 0.2511795213073493,
      "bwd_time_std_ms": 0.022899005116700656,
      "bwd_tflops": 0.6679372551025368,
      "bwd_tflops_std": 0.06089309567364185
    },
    {
      "attn_type": "row",
      "backend": "sdpa_cudnn",
      "batch": 1,
      "rows": 64,
      "cols": 64,
      "nheads": 8,
      "headdim": 32,
      "seq_len": 64,
      "batch_eff": 64,
      "causal": false,
      "dtype": "torch.bfloat16",
      "rep": 50,
      "fwd_time_ms": 0.05654080010950564,
      "fwd_time_std_ms": 0.008047516444282752,
      "fwd_tflops": 4.747641623042235,
      "fwd_tflops_std": 0.6757372368094652,
      "bwd_time_ms": 0.2535545595735311,
      "bwd_time_std_ms": 0.01314250793440392,
      "bwd_tflops": 2.646722824187208,
      "bwd_tflops_std": 0.1371877349614798
    },
    {
      "attn_type": "row",
      "backend": "sdpa_cudnn",
      "batch": 1,
      "rows": 128,
      "cols": 64,
      "nheads": 8,
      "headdim": 32,
      "seq_len": 128,
      "batch_eff": 64,
      "causal": false,
      "dtype": "torch.bfloat16",
      "rep": 50,
      "fwd_time_ms": 0.05927871979773045,
      "fwd_time_std_ms": 0.009237153974755365,
      "fwd_tflops": 18.113444886525862,
      "fwd_tflops_std": 2.822542052206912,
      "bwd_time_ms": 0.25190464042127136,
      "bwd_time_std_ms": 0.0136613959064917,
      "bwd_tflops": 10.656233071017803,
      "bwd_tflops_std": 0.5779132079963506
    },
    {
      "attn_type": "row",
      "backend": "sdpa_cudnn",
      "batch": 1,
      "rows": 256,
      "cols": 64,
      "nheads": 8,
      "headdim": 32,
      "seq_len": 256,
      "batch_eff": 64,
      "causal": false,
      "dtype": "torch.bfloat16",
      "rep": 50,
      "fwd_time_ms": 0.09453568026423453,
      "fwd_time_std_ms": 0.0004968784095679946,
      "fwd_tflops": 45.432235574919794,
      "fwd_tflops_std": 0.2387912890930462,
      "bwd_time_ms": 0.22716799870133392,
      "bwd_time_std_ms": 0.010263669241778847,
      "bwd_tflops": 47.26642089283393,
      "bwd_tflops_std": 2.1355424754371617
    },
    {
      "attn_type": "row",
      "backend": "sdpa_cudnn",
      "batch": 1,
      "rows": 512,
      "cols": 64,
      "nheads": 8,
      "headdim": 32,
      "seq_len": 512,
      "batch_eff": 64,
      "causal": false,
      "dtype": "torch.bfloat16",
      "rep": 50,
      "fwd_time_ms": 0.20977279961109163,
      "fwd_time_std_ms": 0.0007519382370154017,
      "fwd_tflops": 81.89750632994661,
      "fwd_tflops_std": 0.293564592930387,
      "bwd_time_ms": 0.405073282122612,
      "bwd_time_std_ms": 0.0011492853928878283,
      "bwd_tflops": 106.02938987963053,
      "bwd_tflops_std": 0.30082958907317564
    },
    {
      "attn_type": "row",
      "backend": "sdpa_cudnn",
      "batch": 1,
      "rows": 1024,
      "cols": 64,
      "nheads": 8,
      "headdim": 32,
      "seq_len": 1024,
      "batch_eff": 64,
      "causal": false,
      "dtype": "torch.bfloat16",
      "rep": 50,
      "fwd_time_ms": 0.5634335994720459,
      "fwd_time_std_ms": 0.0005085139174805798,
      "fwd_tflops": 121.96552850307863,
      "fwd_tflops_std": 0.11007715683765669,
      "bwd_time_ms": 1.2338739132881165,
      "bwd_time_std_ms": 0.05262936177390428,
      "bwd_tflops": 139.23520871121946,
      "bwd_tflops_std": 5.938905176623781
    },
    {
      "attn_type": "row",
      "backend": "sdpa_cudnn",
      "batch": 1,
      "rows": 2048,
      "cols": 64,
      "nheads": 8,
      "headdim": 32,
      "seq_len": 2048,
      "batch_eff": 64,
      "causal": false,
      "dtype": "torch.bfloat16",
      "rep": 50,
      "fwd_time_ms": 1.853676156997681,
      "fwd_time_std_ms": 0.08277376800063821,
      "fwd_tflops": 148.28798757880546,
      "fwd_tflops_std": 6.621628829174674,
      "bwd_time_ms": 4.317497577667237,
      "bwd_time_std_ms": 0.1230347316841189,
      "bwd_tflops": 159.16506147324682,
      "bwd_tflops_std": 4.535690010144234
    },
    {
      "attn_type": "row",
      "backend": "sdpa_cudnn",
      "batch": 1,
      "rows": 4096,
      "cols": 64,
      "nheads": 8,
      "headdim": 32,
      "seq_len": 4096,
      "batch_eff": 64,
      "causal": false,
      "dtype": "torch.bfloat16",
      "rep": 50,
      "fwd_time_ms": 6.973040628433227,
      "fwd_time_std_ms": 0.19031975031694826,
      "fwd_tflops": 157.68037020932277,
      "fwd_tflops_std": 4.303673287913305,
      "bwd_time_ms": 16.23295302391052,
      "bwd_time_std_ms": 0.6074363488964882,
      "bwd_tflops": 169.33327321228325,
      "bwd_tflops_std": 6.336443226026293
    },
    {
      "attn_type": "row",
      "backend": "sdpa_cudnn",
      "batch": 1,
      "rows": 8192,
      "cols": 64,
      "nheads": 8,
      "headdim": 32,
      "seq_len": 8192,
      "batch_eff": 64,
      "causal": false,
      "dtype": "torch.bfloat16",
      "rep": 50,
      "fwd_time_ms": 26.298607559204097,
      "fwd_time_std_ms": 0.5109302173166829,
      "fwd_tflops": 167.23495725783218,
      "fwd_tflops_std": 3.2490462798204622,
      "bwd_time_ms": 61.748856430053735,
      "bwd_time_std_ms": 0.9595069728343661,
      "bwd_tflops": 178.06186079275432,
      "bwd_tflops_std": 2.766878723009921
    },
    {
      "attn_type": "row",
      "backend": "sdpa_cudnn",
      "batch": 1,
      "rows": 16384,
      "cols": 64,
      "nheads": 8,
      "headdim": 32,
      "seq_len": 16384,
      "batch_eff": 64,
      "causal": false,
      "dtype": "torch.bfloat16",
      "rep": 50,
      "fwd_time_ms": 101.74540115356446,
      "fwd_time_std_ms": 0.8826279735221245,
      "fwd_tflops": 172.9039921702613,
      "fwd_tflops_std": 1.4999193918631144,
      "bwd_time_ms": 244.39181259155274,
      "bwd_time_std_ms": 1.6163778050498203,
      "bwd_tflops": 179.95883186374863,
      "bwd_tflops_std": 1.190225885894959
    }
  ]
}