{
  "metadata": {
    "timestamp": "2026-03-10T11:57:08.301623",
    "gpu": "NVIDIA H100 NVL",
    "pytorch_version": "2.10.0+cu130",
    "cuda_version": "13.0",
    "cudnn_version": "9.15.1",
    "cudnn_enabled": true,
    "dtype": "bfloat16",
    "causal": false,
    "nheads": 6,
    "headdim": 32,
    "col_attn_rows": 1024,
    "col_attn_cols": [
      16,
      32,
      64,
      128,
      256,
      512,
      1024,
      2048
    ],
    "row_attn_rows": [
      32,
      64,
      128,
      256,
      512,
      1024,
      2048,
      4096,
      8192,
      16384
    ],
    "row_attn_cols": 64,
    "warmup": 5,
    "rep": 50
  },
  "results": [
    {
      "attn_type": "row",
      "backend": "sdpa_cudnn",
      "batch": 1,
      "rows": 32,
      "cols": 64,
      "nheads": 6,
      "headdim": 32,
      "seq_len": 32,
      "batch_eff": 64,
      "causal": false,
      "dtype": "torch.bfloat16",
      "rep": 50,
      "fwd_time_ms": 0.06247679993510247,
      "fwd_time_std_ms": 0.018520564014262372,
      "fwd_tflops": 0.8056054095645392,
      "fwd_tflops_std": 0.23881291253032283,
      "bwd_time_ms": 0.2562918396294117,
      "bwd_time_std_ms": 0.022360800103612598,
      "bwd_tflops": 0.49096030596192275,
      "bwd_tflops_std": 0.04283501681636524
    },
    {
      "attn_type": "row",
      "backend": "sdpa_cudnn",
      "batch": 1,
      "rows": 64,
      "cols": 64,
      "nheads": 6,
      "headdim": 32,
      "seq_len": 64,
      "batch_eff": 64,
      "causal": false,
      "dtype": "torch.bfloat16",
      "rep": 50,
      "fwd_time_ms": 0.05766783975064754,
      "fwd_time_std_ms": 0.0088499936888563,
      "fwd_tflops": 3.491141559498756,
      "fwd_tflops_std": 0.5357679583987018,
      "bwd_time_ms": 0.2490240005403757,
      "bwd_time_std_ms": 0.013378228257250255,
      "bwd_tflops": 2.0211565106488374,
      "bwd_tflops_std": 0.10858187598148207
    },
    {
      "attn_type": "row",
      "backend": "sdpa_cudnn",
      "batch": 1,
      "rows": 128,
      "cols": 64,
      "nheads": 6,
      "headdim": 32,
      "seq_len": 128,
      "batch_eff": 64,
      "causal": false,
      "dtype": "torch.bfloat16",
      "rep": 50,
      "fwd_time_ms": 0.05894975997507573,
      "fwd_time_std_ms": 0.008661306253926393,
      "fwd_tflops": 13.660893078114105,
      "fwd_tflops_std": 2.0071528484885484,
      "bwd_time_ms": 0.25130175970494745,
      "bwd_time_std_ms": 0.013330794926059462,
      "bwd_tflops": 8.011348278514918,
      "bwd_tflops_std": 0.4249776886063696
    },
    {
      "attn_type": "row",
      "backend": "sdpa_cudnn",
      "batch": 1,
      "rows": 256,
      "cols": 64,
      "nheads": 6,
      "headdim": 32,
      "seq_len": 256,
      "batch_eff": 64,
      "causal": false,
      "dtype": "torch.bfloat16",
      "rep": 50,
      "fwd_time_ms": 0.07636352032423019,
      "fwd_time_std_ms": 0.0006590677134248902,
      "fwd_tflops": 42.182778613702844,
      "fwd_tflops_std": 0.36406529359569245,
      "bwd_time_ms": 0.23432896047830584,
      "bwd_time_std_ms": 0.01052320614084241,
      "bwd_tflops": 34.366489159352334,
      "bwd_tflops_std": 1.5433246023995897
    },
    {
      "attn_type": "row",
      "backend": "sdpa_cudnn",
      "batch": 1,
      "rows": 512,
      "cols": 64,
      "nheads": 6,
      "headdim": 32,
      "seq_len": 512,
      "batch_eff": 64,
      "causal": false,
      "dtype": "torch.bfloat16",
      "rep": 50,
      "fwd_time_ms": 0.16359744042158125,
      "fwd_time_std_ms": 0.0007671742264080925,
      "fwd_tflops": 78.75980122180606,
      "fwd_tflops_std": 0.36933639926571527,
      "bwd_time_ms": 0.3116352012753487,
      "bwd_time_std_ms": 0.0012570500011373734,
      "bwd_tflops": 103.36526357796951,
      "bwd_tflops_std": 0.41694681527150623
    },
    {
      "attn_type": "row",
      "backend": "sdpa_cudnn",
      "batch": 1,
      "rows": 1024,
      "cols": 64,
      "nheads": 6,
      "headdim": 32,
      "seq_len": 1024,
      "batch_eff": 64,
      "causal": false,
      "dtype": "torch.bfloat16",
      "rep": 50,
      "fwd_time_ms": 0.43021568179130554,
      "fwd_time_std_ms": 0.0007691312314072728,
      "fwd_tflops": 119.79946276575171,
      "fwd_tflops_std": 0.21417515032297105,
      "bwd_time_ms": 0.9299929535388949,
      "bwd_time_std_ms": 0.03735775408579112,
      "bwd_tflops": 138.54838188793994,
      "bwd_tflops_std": 5.565479136006666
    },
    {
      "attn_type": "row",
      "backend": "sdpa_cudnn",
      "batch": 1,
      "rows": 2048,
      "cols": 64,
      "nheads": 6,
      "headdim": 32,
      "seq_len": 2048,
      "batch_eff": 64,
      "causal": false,
      "dtype": "torch.bfloat16",
      "rep": 50,
      "fwd_time_ms": 1.3740902471542358,
      "fwd_time_std_ms": 0.04502242140956011,
      "fwd_tflops": 150.03267116912997,
      "fwd_tflops_std": 4.915859173418853,
      "bwd_time_ms": 3.2726022672653197,
      "bwd_time_std_ms": 0.13841424426947452,
      "bwd_tflops": 157.4881496218848,
      "bwd_tflops_std": 6.660938736538446
    },
    {
      "attn_type": "row",
      "backend": "sdpa_cudnn",
      "batch": 1,
      "rows": 4096,
      "cols": 64,
      "nheads": 6,
      "headdim": 32,
      "seq_len": 4096,
      "batch_eff": 64,
      "causal": false,
      "dtype": "torch.bfloat16",
      "rep": 50,
      "fwd_time_ms": 5.069865570068361,
      "fwd_time_std_ms": 0.12359795844671634,
      "fwd_tflops": 162.65396181320855,
      "fwd_tflops_std": 3.9653314936142707,
      "bwd_time_ms": 12.398097343444821,
      "bwd_time_std_ms": 0.562892563277168,
      "bwd_tflops": 166.2823129203781,
      "bwd_tflops_std": 7.5494710804876775
    },
    {
      "attn_type": "row",
      "backend": "sdpa_cudnn",
      "batch": 1,
      "rows": 8192,
      "cols": 64,
      "nheads": 6,
      "headdim": 32,
      "seq_len": 8192,
      "batch_eff": 64,
      "causal": false,
      "dtype": "torch.bfloat16",
      "rep": 50,
      "fwd_time_ms": 19.6643815612793,
      "fwd_time_std_ms": 0.3887782515370708,
      "fwd_tflops": 167.7416029102625,
      "fwd_tflops_std": 3.3163660340017755,
      "bwd_time_ms": 46.43269836425781,
      "bwd_time_std_ms": 1.0038102910120923,
      "bwd_tflops": 177.59763052383207,
      "bwd_tflops_std": 3.8394135051262697
    },
    {
      "attn_type": "row",
      "backend": "sdpa_cudnn",
      "batch": 1,
      "rows": 16384,
      "cols": 64,
      "nheads": 6,
      "headdim": 32,
      "seq_len": 16384,
      "batch_eff": 64,
      "causal": false,
      "dtype": "torch.bfloat16",
      "rep": 50,
      "fwd_time_ms": 75.85431411743164,
      "fwd_time_std_ms": 0.6772897396339211,
      "fwd_tflops": 173.94052911592976,
      "fwd_tflops_std": 1.5530841857502438,
      "bwd_time_ms": 181.4003813171387,
      "bwd_time_std_ms": 1.0084278134940605,
      "bwd_tflops": 181.83726293062398,
      "bwd_tflops_std": 1.0108564940020275
    }
  ]
}