{
  "metadata": {
    "timestamp": "2026-03-07T19:56:02.951828",
    "gpu": "NVIDIA H100 NVL",
    "pytorch_version": "2.10.0+cu130",
    "cuda_version": "13.0",
    "cudnn_version": "9.15.1",
    "cudnn_enabled": true,
    "dtype": "bfloat16",
    "causal": false,
    "nheads": 12,
    "headdim": 128,
    "col_attn_rows": 1024,
    "col_attn_cols": [
      16,
      32,
      64,
      128,
      256,
      512,
      1024,
      2048
    ],
    "row_attn_rows": [
      32,
      64,
      128,
      256,
      512,
      1024,
      2048,
      4096,
      8192,
      16384
    ],
    "row_attn_cols": 64,
    "warmup": 5,
    "rep": 25
  },
  "results": [
    {
      "attn_type": "row",
      "backend": "sdpa_cudnn",
      "batch": 1,
      "rows": 32,
      "cols": 64,
      "nheads": 12,
      "headdim": 128,
      "seq_len": 32,
      "batch_eff": 64,
      "causal": false,
      "dtype": "torch.bfloat16",
      "rep": 25,
      "fwd_time_ms": 0.0786559996008873,
      "fwd_time_std_ms": 0.024275997935802967,
      "fwd_tflops": 5.119166828253719,
      "fwd_tflops_std": 1.5799542817623335,
      "bwd_time_ms": 0.24427520185708998,
      "bwd_time_std_ms": 0.027392169996058285,
      "bwd_tflops": 4.120897055235748,
      "bwd_tflops_std": 0.46210303712823353
    },
    {
      "attn_type": "row",
      "backend": "sdpa_cudnn",
      "batch": 1,
      "rows": 64,
      "cols": 64,
      "nheads": 12,
      "headdim": 128,
      "seq_len": 64,
      "batch_eff": 64,
      "causal": false,
      "dtype": "torch.bfloat16",
      "rep": 25,
      "fwd_time_ms": 0.1091852805018425,
      "fwd_time_std_ms": 0.00034989649729242245,
      "fwd_tflops": 14.751189250027352,
      "fwd_tflops_std": 0.04727184310704874,
      "bwd_time_ms": 0.2185945573449135,
      "bwd_time_std_ms": 0.010875597888169983,
      "bwd_tflops": 18.420091922264383,
      "bwd_tflops_std": 0.9164432785651742
    },
    {
      "attn_type": "row",
      "backend": "sdpa_cudnn",
      "batch": 1,
      "rows": 128,
      "cols": 64,
      "nheads": 12,
      "headdim": 128,
      "seq_len": 128,
      "batch_eff": 64,
      "causal": false,
      "dtype": "torch.bfloat16",
      "rep": 25,
      "fwd_time_ms": 0.18535296022892,
      "fwd_time_std_ms": 0.0007918715774779647,
      "fwd_tflops": 34.75774509370261,
      "fwd_tflops_std": 0.1484932876331416,
      "bwd_time_ms": 0.2957555156946183,
      "bwd_time_std_ms": 0.0012306785945254506,
      "bwd_tflops": 54.45757223554318,
      "bwd_tflops_std": 0.22660530371750565
    },
    {
      "attn_type": "row",
      "backend": "sdpa_cudnn",
      "batch": 1,
      "rows": 256,
      "cols": 64,
      "nheads": 12,
      "headdim": 128,
      "seq_len": 256,
      "batch_eff": 64,
      "causal": false,
      "dtype": "torch.bfloat16",
      "rep": 25,
      "fwd_time_ms": 0.3712895977497101,
      "fwd_time_std_ms": 0.0014716400723568544,
      "fwd_tflops": 69.40620995628235,
      "fwd_tflops_std": 0.2750978224575325,
      "bwd_time_ms": 0.6123660838603971,
      "bwd_time_std_ms": 0.002328363711259965,
      "bwd_tflops": 105.20587461974304,
      "bwd_tflops_std": 0.4000181380584414
    },
    {
      "attn_type": "row",
      "backend": "sdpa_cudnn",
      "batch": 1,
      "rows": 512,
      "cols": 64,
      "nheads": 12,
      "headdim": 128,
      "seq_len": 512,
      "batch_eff": 64,
      "causal": false,
      "dtype": "torch.bfloat16",
      "rep": 25,
      "fwd_time_ms": 0.8173363232612612,
      "fwd_time_std_ms": 0.0010054835457411733,
      "fwd_tflops": 126.1160334740816,
      "fwd_tflops_std": 0.15514738902873657,
      "bwd_time_ms": 1.5604147219657896,
      "bwd_time_std_ms": 0.05881236464331129,
      "bwd_tflops": 165.147145904491,
      "bwd_tflops_std": 6.224431254084257
    },
    {
      "attn_type": "row",
      "backend": "sdpa_cudnn",
      "batch": 1,
      "rows": 1024,
      "cols": 64,
      "nheads": 12,
      "headdim": 128,
      "seq_len": 1024,
      "batch_eff": 64,
      "causal": false,
      "dtype": "torch.bfloat16",
      "rep": 25,
      "fwd_time_ms": 2.073704957962036,
      "fwd_time_std_ms": 0.03201363453744566,
      "fwd_tflops": 198.831014428017,
      "fwd_tflops_std": 3.0695318570601846,
      "bwd_time_ms": 4.510460138320923,
      "bwd_time_std_ms": 0.11479534201741473,
      "bwd_tflops": 228.53370153576518,
      "bwd_tflops_std": 5.816392036682561
    },
    {
      "attn_type": "row",
      "backend": "sdpa_cudnn",
      "batch": 1,
      "rows": 2048,
      "cols": 64,
      "nheads": 12,
      "headdim": 128,
      "seq_len": 2048,
      "batch_eff": 64,
      "causal": false,
      "dtype": "torch.bfloat16",
      "rep": 25,
      "fwd_time_ms": 6.108751316070557,
      "fwd_time_std_ms": 0.10918556756257428,
      "fwd_tflops": 269.9843808218548,
      "fwd_tflops_std": 4.825601228112578,
      "bwd_time_ms": 14.739463634490965,
      "bwd_time_std_ms": 0.46268264694568717,
      "bwd_tflops": 279.73667878331827,
      "bwd_tflops_std": 8.781140901517688
    },
    {
      "attn_type": "row",
      "backend": "sdpa_cudnn",
      "batch": 1,
      "rows": 4096,
      "cols": 64,
      "nheads": 12,
      "headdim": 128,
      "seq_len": 4096,
      "batch_eff": 64,
      "causal": false,
      "dtype": "torch.bfloat16",
      "rep": 25,
      "fwd_time_ms": 19.842859268188477,
      "fwd_time_std_ms": 0.5137108373800504,
      "fwd_tflops": 332.46568337216604,
      "fwd_tflops_std": 8.607188223072967,
      "bwd_time_ms": 49.46764854431153,
      "bwd_time_std_ms": 1.0317955080559942,
      "bwd_tflops": 333.403242360841,
      "bwd_tflops_std": 6.954120075690924
    },
    {
      "attn_type": "row",
      "backend": "sdpa_cudnn",
      "batch": 1,
      "rows": 8192,
      "cols": 64,
      "nheads": 12,
      "headdim": 128,
      "seq_len": 8192,
      "batch_eff": 64,
      "causal": false,
      "dtype": "torch.bfloat16",
      "rep": 25,
      "fwd_time_ms": 70.93775726318358,
      "fwd_time_std_ms": 1.2369238636003363,
      "fwd_tflops": 371.99201221884994,
      "fwd_tflops_std": 6.486331323883097,
      "bwd_time_ms": 180.4347299194336,
      "bwd_time_std_ms": 1.62200883619014,
      "bwd_tflops": 365.620840821591,
      "bwd_tflops_std": 3.2867299702927992
    },
    {
      "attn_type": "row",
      "backend": "sdpa_cudnn",
      "batch": 1,
      "rows": 16384,
      "cols": 64,
      "nheads": 12,
      "headdim": 128,
      "seq_len": 16384,
      "batch_eff": 64,
      "causal": false,
      "dtype": "torch.bfloat16",
      "rep": 25,
      "fwd_time_ms": 264.04945556640627,
      "fwd_time_std_ms": 1.4032527368445937,
      "fwd_tflops": 399.7475247206116,
      "fwd_tflops_std": 2.1244005480252794,
      "bwd_time_ms": 686.8586791992187,
      "bwd_time_std_ms": 1.940172252988403,
      "bwd_tflops": 384.1878957894082,
      "bwd_tflops_std": 1.0852169709985047
    }
  ]
}