{
  "metadata": {
    "timestamp": "2026-03-07T19:50:20.086200",
    "gpu": "NVIDIA H100 NVL",
    "pytorch_version": "2.10.0+cu130",
    "cuda_version": "13.0",
    "cudnn_version": "9.15.1",
    "cudnn_enabled": true,
    "dtype": "bfloat16",
    "causal": false,
    "nheads": 16,
    "headdim": 64,
    "col_attn_rows": 1024,
    "col_attn_cols": [
      16,
      32,
      64,
      128,
      256,
      512,
      1024,
      2048
    ],
    "row_attn_rows": [
      32,
      64,
      128,
      256,
      512,
      1024,
      2048,
      4096,
      8192,
      16384
    ],
    "row_attn_cols": 64,
    "warmup": 5,
    "rep": 50
  },
  "results": [
    {
      "attn_type": "col",
      "backend": "sdpa_cudnn",
      "batch": 1,
      "rows": 1024,
      "cols": 16,
      "nheads": 16,
      "headdim": 64,
      "seq_len": 16,
      "batch_eff": 1024,
      "causal": false,
      "dtype": "torch.bfloat16",
      "rep": 50,
      "fwd_time_ms": 0.31727039933204654,
      "fwd_time_std_ms": 0.011028628545907923,
      "fwd_tflops": 3.3843113831626352,
      "fwd_tflops_std": 0.11764196473155997,
      "bwd_time_ms": 0.6502233612537383,
      "bwd_time_std_ms": 0.01108994951036836,
      "bwd_tflops": 4.128357607490631,
      "bwd_tflops_std": 0.07041161569393398
    },
    {
      "attn_type": "col",
      "backend": "sdpa_cudnn",
      "batch": 1,
      "rows": 1024,
      "cols": 32,
      "nheads": 16,
      "headdim": 64,
      "seq_len": 32,
      "batch_eff": 1024,
      "causal": false,
      "dtype": "torch.bfloat16",
      "rep": 50,
      "fwd_time_ms": 0.3129427218437195,
      "fwd_time_std_ms": 0.00022328800142472097,
      "fwd_tflops": 13.724451780491842,
      "fwd_tflops_std": 0.009792544113700015,
      "bwd_time_ms": 0.867246718406677,
      "bwd_time_std_ms": 0.0011766097429361363,
      "bwd_tflops": 12.38104222490112,
      "bwd_tflops_std": 0.016797590120936227
    },
    {
      "attn_type": "col",
      "backend": "sdpa_cudnn",
      "batch": 1,
      "rows": 1024,
      "cols": 64,
      "nheads": 16,
      "headdim": 64,
      "seq_len": 64,
      "batch_eff": 1024,
      "causal": false,
      "dtype": "torch.bfloat16",
      "rep": 50,
      "fwd_time_ms": 0.3153785616159439,
      "fwd_time_std_ms": 0.000563784926684471,
      "fwd_tflops": 54.47380156714963,
      "fwd_tflops_std": 0.09737982209507058,
      "bwd_time_ms": 1.3702092784643174,
      "bwd_time_std_ms": 0.026553461310811533,
      "bwd_tflops": 31.345337996934663,
      "bwd_tflops_std": 0.6074453244899629
    },
    {
      "attn_type": "col",
      "backend": "sdpa_cudnn",
      "batch": 1,
      "rows": 1024,
      "cols": 128,
      "nheads": 16,
      "headdim": 64,
      "seq_len": 128,
      "batch_eff": 1024,
      "causal": false,
      "dtype": "torch.bfloat16",
      "rep": 50,
      "fwd_time_ms": 0.36518335938453683,
      "fwd_time_std_ms": 0.0009875409464193891,
      "fwd_tflops": 188.17800693825873,
      "fwd_tflops_std": 0.5088772045372427,
      "bwd_time_ms": 2.475604475736618,
      "bwd_time_std_ms": 0.07220226529770725,
      "bwd_tflops": 69.39666393553485,
      "bwd_tflops_std": 2.023989045648503
    },
    {
      "attn_type": "col",
      "backend": "sdpa_cudnn",
      "batch": 1,
      "rows": 1024,
      "cols": 256,
      "nheads": 16,
      "headdim": 64,
      "seq_len": 256,
      "batch_eff": 1024,
      "causal": false,
      "dtype": "torch.bfloat16",
      "rep": 50,
      "fwd_time_ms": 1.1561190509796144,
      "fwd_time_std_ms": 0.06017050761469637,
      "fwd_tflops": 237.75917083200707,
      "fwd_tflops_std": 12.374236015650116,
      "bwd_time_ms": 5.947397136688233,
      "bwd_time_std_ms": 0.1501691770441829,
      "bwd_tflops": 115.54546494311622,
      "bwd_tflops_std": 2.917472464493474
    },
    {
      "attn_type": "col",
      "backend": "sdpa_cudnn",
      "batch": 1,
      "rows": 1024,
      "cols": 512,
      "nheads": 16,
      "headdim": 64,
      "seq_len": 512,
      "batch_eff": 1024,
      "causal": false,
      "dtype": "torch.bfloat16",
      "rep": 50,
      "fwd_time_ms": 4.309848957061767,
      "fwd_time_std_ms": 0.24498295370519899,
      "fwd_tflops": 255.11604669449721,
      "fwd_tflops_std": 14.501455452262542,
      "bwd_time_ms": 16.38576513290405,
      "bwd_time_std_ms": 0.6620717978077818,
      "bwd_tflops": 167.75408698616158,
      "bwd_tflops_std": 6.778154639694076
    },
    {
      "attn_type": "col",
      "backend": "sdpa_cudnn",
      "batch": 1,
      "rows": 1024,
      "cols": 1024,
      "nheads": 16,
      "headdim": 64,
      "seq_len": 1024,
      "batch_eff": 1024,
      "causal": false,
      "dtype": "torch.bfloat16",
      "rep": 50,
      "fwd_time_ms": 15.271159038543702,
      "fwd_time_std_ms": 0.33871679839202207,
      "fwd_tflops": 287.99690318223605,
      "fwd_tflops_std": 6.387818288480526,
      "bwd_time_ms": 48.47446733474731,
      "bwd_time_std_ms": 1.0457989927222113,
      "bwd_tflops": 226.82283854367424,
      "bwd_tflops_std": 4.893526615512295
    },
    {
      "attn_type": "col",
      "backend": "sdpa_cudnn",
      "batch": 1,
      "rows": 1024,
      "cols": 2048,
      "nheads": 16,
      "headdim": 64,
      "seq_len": 2048,
      "batch_eff": 1024,
      "causal": false,
      "dtype": "torch.bfloat16",
      "rep": 50,
      "fwd_time_ms": 57.20137916564941,
      "fwd_time_std_ms": 0.3446313919384945,
      "fwd_tflops": 307.5482846920668,
      "fwd_tflops_std": 1.8529412225321475,
      "bwd_time_ms": 162.6582912445068,
      "bwd_time_std_ms": 0.8368471961561367,
      "bwd_tflops": 270.38563343155295,
      "bwd_tflops_std": 1.3910846934815413
    }
  ]
}