{
  "metadata": {
    "timestamp": "2026-05-03T16:31:00.572227",
    "gpu": "NVIDIA H100 NVL",
    "pytorch_version": "2.10.0+cu130",
    "cuda_version": "13.0",
    "cudnn_version": "9.15.1",
    "cudnn_enabled": true,
    "dtype": "bfloat16",
    "causal": false,
    "nheads": 8,
    "headdim": 256,
    "col_attn_rows": 1024,
    "col_attn_cols": [
      16,
      32,
      64,
      128,
      256,
      512,
      1024,
      2048
    ],
    "row_attn_rows": [
      32,
      64,
      128,
      256,
      512,
      1024,
      2048,
      4096,
      8192,
      16384
    ],
    "row_attn_cols": 64,
    "warmup": 5,
    "rep": 50
  },
  "results": [
    {
      "attn_type": "row",
      "backend": "sdpa_cudnn",
      "batch": 1,
      "rows": 32,
      "cols": 64,
      "nheads": 8,
      "headdim": 256,
      "seq_len": 32,
      "batch_eff": 64,
      "causal": false,
      "dtype": "torch.bfloat16",
      "rep": 50,
      "fwd_time_ms": 0.09700031936168671,
      "fwd_time_std_ms": 0.012885643128824972,
      "fwd_tflops": 5.534733447610213,
      "fwd_tflops_std": 0.7352408784671052,
      "bwd_time_ms": 0.22858879923820502,
      "bwd_time_std_ms": 0.01713180324077744,
      "bwd_tflops": 5.871579379536267,
      "bwd_tflops_std": 0.4400510566486639
    },
    {
      "attn_type": "row",
      "backend": "sdpa_cudnn",
      "batch": 1,
      "rows": 64,
      "cols": 64,
      "nheads": 8,
      "headdim": 256,
      "seq_len": 64,
      "batch_eff": 64,
      "causal": false,
      "dtype": "torch.bfloat16",
      "rep": 50,
      "fwd_time_ms": 0.14014400005340577,
      "fwd_time_std_ms": 0.00056473346139654,
      "fwd_tflops": 15.323407689102934,
      "fwd_tflops_std": 0.0617482094228775,
      "bwd_time_ms": 0.22596608102321628,
      "bwd_time_std_ms": 0.0011248828549850574,
      "bwd_tflops": 23.758915920874013,
      "bwd_tflops_std": 0.11827437574437026
    },
    {
      "attn_type": "row",
      "backend": "sdpa_cudnn",
      "batch": 1,
      "rows": 128,
      "cols": 64,
      "nheads": 8,
      "headdim": 256,
      "seq_len": 128,
      "batch_eff": 64,
      "causal": false,
      "dtype": "torch.bfloat16",
      "rep": 50,
      "fwd_time_ms": 0.2438016000390053,
      "fwd_time_std_ms": 0.0005652313505983893,
      "fwd_tflops": 35.23329867657027,
      "fwd_tflops_std": 0.08168512837408821,
      "bwd_time_ms": 0.40396544307470317,
      "bwd_time_std_ms": 0.0017915081660176985,
      "bwd_tflops": 53.16008299261572,
      "bwd_tflops_std": 0.23575462807554565
    },
    {
      "attn_type": "row",
      "backend": "sdpa_cudnn",
      "batch": 1,
      "rows": 256,
      "cols": 64,
      "nheads": 8,
      "headdim": 256,
      "seq_len": 256,
      "batch_eff": 64,
      "causal": false,
      "dtype": "torch.bfloat16",
      "rep": 50,
      "fwd_time_ms": 0.49211072027683256,
      "fwd_time_std_ms": 0.0022512827996337475,
      "fwd_tflops": 69.8211539644396,
      "fwd_tflops_std": 0.31941422223498456,
      "bwd_time_ms": 0.9545875138044356,
      "bwd_time_std_ms": 0.040259619772100026,
      "bwd_tflops": 89.98582600107005,
      "bwd_tflops_std": 3.795141972099613
    },
    {
      "attn_type": "row",
      "backend": "sdpa_cudnn",
      "batch": 1,
      "rows": 512,
      "cols": 64,
      "nheads": 8,
      "headdim": 256,
      "seq_len": 512,
      "batch_eff": 64,
      "causal": false,
      "dtype": "torch.bfloat16",
      "rep": 50,
      "fwd_time_ms": 1.1102463984489441,
      "fwd_time_std_ms": 0.022420439299030537,
      "fwd_tflops": 123.79139771496435,
      "fwd_tflops_std": 2.4998572587922143,
      "bwd_time_ms": 2.59270207643509,
      "bwd_time_std_ms": 0.09546958346370586,
      "bwd_tflops": 132.52482296478857,
      "bwd_tflops_std": 4.879885645961328
    },
    {
      "attn_type": "row",
      "backend": "sdpa_cudnn",
      "batch": 1,
      "rows": 1024,
      "cols": 64,
      "nheads": 8,
      "headdim": 256,
      "seq_len": 1024,
      "batch_eff": 64,
      "causal": false,
      "dtype": "torch.bfloat16",
      "rep": 50,
      "fwd_time_ms": 2.838796172142029,
      "fwd_time_std_ms": 0.07688449041968996,
      "fwd_tflops": 193.65807918262013,
      "fwd_tflops_std": 5.244935469381345,
      "bwd_time_ms": 7.626664967536926,
      "bwd_time_std_ms": 0.3246760631860632,
      "bwd_tflops": 180.20845816226628,
      "bwd_tflops_std": 7.671685198969862
    },
    {
      "attn_type": "row",
      "backend": "sdpa_cudnn",
      "batch": 1,
      "rows": 2048,
      "cols": 64,
      "nheads": 8,
      "headdim": 256,
      "seq_len": 2048,
      "batch_eff": 64,
      "causal": false,
      "dtype": "torch.bfloat16",
      "rep": 50,
      "fwd_time_ms": 8.18334527015686,
      "fwd_time_std_ms": 0.21042257751776483,
      "fwd_tflops": 268.7193541217709,
      "fwd_tflops_std": 6.909719345390418,
      "bwd_time_ms": 24.659866590499878,
      "bwd_time_std_ms": 0.7986009384026275,
      "bwd_tflops": 222.93543716890642,
      "bwd_tflops_std": 7.219684205220985
    },
    {
      "attn_type": "row",
      "backend": "sdpa_cudnn",
      "batch": 1,
      "rows": 4096,
      "cols": 64,
      "nheads": 8,
      "headdim": 256,
      "seq_len": 4096,
      "batch_eff": 64,
      "causal": false,
      "dtype": "torch.bfloat16",
      "rep": 50,
      "fwd_time_ms": 26.170845565795897,
      "fwd_time_std_ms": 0.9624000024643851,
      "fwd_tflops": 336.10274456336606,
      "fwd_tflops_std": 12.3597566377001,
      "bwd_time_ms": 87.98449913024905,
      "bwd_time_std_ms": 1.2750456235667573,
      "bwd_tflops": 249.93303107819554,
      "bwd_tflops_std": 3.621956374261689
    },
    {
      "attn_type": "row",
      "backend": "sdpa_cudnn",
      "batch": 1,
      "rows": 8192,
      "cols": 64,
      "nheads": 8,
      "headdim": 256,
      "seq_len": 8192,
      "batch_eff": 64,
      "causal": false,
      "dtype": "torch.bfloat16",
      "rep": 50,
      "fwd_time_ms": 93.2533804321289,
      "fwd_time_std_ms": 1.1306028693976697,
      "fwd_tflops": 377.2986236615805,
      "fwd_tflops_std": 4.5743640021933745,
      "bwd_time_ms": 333.52959075927737,
      "bwd_time_std_ms": 1.590443987044437,
      "bwd_tflops": 263.72751521637906,
      "bwd_tflops_std": 1.2575910876129457
    },
    {
      "attn_type": "row",
      "backend": "sdpa_cudnn",
      "batch": 1,
      "rows": 16384,
      "cols": 64,
      "nheads": 8,
      "headdim": 256,
      "seq_len": 16384,
      "batch_eff": 64,
      "causal": false,
      "dtype": "torch.bfloat16",
      "rep": 50,
      "fwd_time_ms": 346.1348852539063,
      "fwd_time_std_ms": 2.453005071975295,
      "fwd_tflops": 406.5972381029736,
      "fwd_tflops_std": 2.881492533138091,
      "bwd_time_ms": 1299.6626123046874,
      "bwd_time_std_ms": 3.59085807842597,
      "bwd_tflops": 270.71927556983167,
      "bwd_tflops_std": 0.7479745038919823
    }
  ]
}