{
  "metadata": {
    "timestamp": "2026-05-03T16:28:49.406397",
    "gpu": "NVIDIA H100 NVL",
    "pytorch_version": "2.10.0+cu130",
    "cuda_version": "13.0",
    "cudnn_version": "9.15.1",
    "cudnn_enabled": true,
    "dtype": "bfloat16",
    "causal": false,
    "nheads": 8,
    "headdim": 64,
    "col_attn_rows": 1024,
    "col_attn_cols": [
      16,
      32,
      64,
      128,
      256,
      512,
      1024,
      2048
    ],
    "row_attn_rows": [
      32,
      64,
      128,
      256,
      512,
      1024,
      2048,
      4096,
      8192,
      16384
    ],
    "row_attn_cols": 64,
    "warmup": 5,
    "rep": 50
  },
  "results": [
    {
      "attn_type": "col",
      "backend": "sdpa_cudnn",
      "batch": 1,
      "rows": 1024,
      "cols": 16,
      "nheads": 8,
      "headdim": 64,
      "seq_len": 16,
      "batch_eff": 1024,
      "causal": false,
      "dtype": "torch.bfloat16",
      "rep": 50,
      "fwd_time_ms": 0.16543359994888307,
      "fwd_time_std_ms": 0.010206172202866487,
      "fwd_tflops": 3.2452350197655524,
      "fwd_tflops_std": 0.20020979692598218,
      "bwd_time_ms": 0.3346585583686828,
      "bwd_time_std_ms": 0.01024705328416493,
      "bwd_tflops": 4.010587048909012,
      "bwd_tflops_std": 0.1228018772066707
    },
    {
      "attn_type": "col",
      "backend": "sdpa_cudnn",
      "batch": 1,
      "rows": 1024,
      "cols": 32,
      "nheads": 8,
      "headdim": 64,
      "seq_len": 32,
      "batch_eff": 1024,
      "causal": false,
      "dtype": "torch.bfloat16",
      "rep": 50,
      "fwd_time_ms": 0.16168959885835651,
      "fwd_time_std_ms": 0.0001839375369304668,
      "fwd_tflops": 13.281520043111994,
      "fwd_tflops_std": 0.015109011962870539,
      "bwd_time_ms": 0.44619776338338857,
      "bwd_time_std_ms": 0.001278230618573601,
      "bwd_tflops": 12.032129160152287,
      "bwd_tflops_std": 0.034468653053117235
    },
    {
      "attn_type": "col",
      "backend": "sdpa_cudnn",
      "batch": 1,
      "rows": 1024,
      "cols": 64,
      "nheads": 8,
      "headdim": 64,
      "seq_len": 64,
      "batch_eff": 1024,
      "causal": false,
      "dtype": "torch.bfloat16",
      "rep": 50,
      "fwd_time_ms": 0.16465023815631866,
      "fwd_time_std_ms": 0.0002795147666551135,
      "fwd_tflops": 52.1707996792858,
      "fwd_tflops_std": 0.0885665824832979,
      "bwd_time_ms": 0.6841811209917068,
      "bwd_time_std_ms": 0.0030449196885844235,
      "bwd_tflops": 31.387648418115738,
      "bwd_tflops_std": 0.13968942684088592
    },
    {
      "attn_type": "col",
      "backend": "sdpa_cudnn",
      "batch": 1,
      "rows": 1024,
      "cols": 128,
      "nheads": 8,
      "headdim": 64,
      "seq_len": 128,
      "batch_eff": 1024,
      "causal": false,
      "dtype": "torch.bfloat16",
      "rep": 50,
      "fwd_time_ms": 0.18180928051471706,
      "fwd_time_std_ms": 0.0010276182233853119,
      "fwd_tflops": 188.98781333232688,
      "fwd_tflops_std": 1.0681925610630203,
      "bwd_time_ms": 1.2216108745336534,
      "bwd_time_std_ms": 0.041036635218703967,
      "bwd_tflops": 70.31645486357662,
      "bwd_tflops_std": 2.3620866253426303
    },
    {
      "attn_type": "col",
      "backend": "sdpa_cudnn",
      "batch": 1,
      "rows": 1024,
      "cols": 256,
      "nheads": 8,
      "headdim": 64,
      "seq_len": 256,
      "batch_eff": 1024,
      "causal": false,
      "dtype": "torch.bfloat16",
      "rep": 50,
      "fwd_time_ms": 0.5564147210121155,
      "fwd_time_std_ms": 0.004737787567521494,
      "fwd_tflops": 247.00811873201206,
      "fwd_tflops_std": 2.103236937866563,
      "bwd_time_ms": 2.9297190308570857,
      "bwd_time_std_ms": 0.07650982563505818,
      "bwd_tflops": 117.27997806652503,
      "bwd_tflops_std": 3.062775159612564
    },
    {
      "attn_type": "col",
      "backend": "sdpa_cudnn",
      "batch": 1,
      "rows": 1024,
      "cols": 512,
      "nheads": 8,
      "headdim": 64,
      "seq_len": 512,
      "batch_eff": 1024,
      "causal": false,
      "dtype": "torch.bfloat16",
      "rep": 50,
      "fwd_time_ms": 1.9919372701644893,
      "fwd_time_std_ms": 0.09000206944472453,
      "fwd_tflops": 275.9905254659965,
      "fwd_tflops_std": 12.470130867637929,
      "bwd_time_ms": 8.28535620212555,
      "bwd_time_std_ms": 0.39405588981205586,
      "bwd_tflops": 165.88176792778202,
      "bwd_tflops_std": 7.8894239510921365
    },
    {
      "attn_type": "col",
      "backend": "sdpa_cudnn",
      "batch": 1,
      "rows": 1024,
      "cols": 1024,
      "nheads": 8,
      "headdim": 64,
      "seq_len": 1024,
      "batch_eff": 1024,
      "causal": false,
      "dtype": "torch.bfloat16",
      "rep": 50,
      "fwd_time_ms": 7.716396837234497,
      "fwd_time_std_ms": 0.2284861561453286,
      "fwd_tflops": 284.98058121387584,
      "fwd_tflops_std": 8.43840965558176,
      "bwd_time_ms": 24.33962374687195,
      "bwd_time_std_ms": 0.7937274542670885,
      "bwd_tflops": 225.86865746380028,
      "bwd_tflops_std": 7.365691283970955
    },
    {
      "attn_type": "col",
      "backend": "sdpa_cudnn",
      "batch": 1,
      "rows": 1024,
      "cols": 2048,
      "nheads": 8,
      "headdim": 64,
      "seq_len": 2048,
      "batch_eff": 1024,
      "causal": false,
      "dtype": "torch.bfloat16",
      "rep": 50,
      "fwd_time_ms": 28.60538875579834,
      "fwd_time_std_ms": 0.45000293311383077,
      "fwd_tflops": 307.4977619531573,
      "fwd_tflops_std": 4.837371587086388,
      "bwd_time_ms": 81.77541522979737,
      "bwd_time_std_ms": 0.9251829175247951,
      "bwd_tflops": 268.9100690436749,
      "bwd_tflops_std": 3.0423691708625724
    }
  ]
}