{
  "metadata": {
    "timestamp": "2026-05-03T16:28:00.837277",
    "gpu": "NVIDIA H100 NVL",
    "pytorch_version": "2.10.0+cu130",
    "cuda_version": "13.0",
    "cudnn_version": "9.15.1",
    "cudnn_enabled": true,
    "dtype": "bfloat16",
    "causal": false,
    "nheads": 8,
    "headdim": 32,
    "col_attn_rows": 1024,
    "col_attn_cols": [
      16,
      32,
      64,
      128,
      256,
      512,
      1024,
      2048
    ],
    "row_attn_rows": [
      32,
      64,
      128,
      256,
      512,
      1024,
      2048,
      4096,
      8192,
      16384
    ],
    "row_attn_cols": 64,
    "warmup": 5,
    "rep": 50
  },
  "results": [
    {
      "attn_type": "col",
      "backend": "sdpa_cudnn",
      "batch": 1,
      "rows": 1024,
      "cols": 16,
      "nheads": 8,
      "headdim": 32,
      "seq_len": 16,
      "batch_eff": 1024,
      "causal": false,
      "dtype": "torch.bfloat16",
      "rep": 50,
      "fwd_time_ms": 0.16240191966295242,
      "fwd_time_std_ms": 0.010222752465607556,
      "fwd_tflops": 1.6529081463883475,
      "fwd_tflops_std": 0.10404600428358696,
      "bwd_time_ms": 0.28616448014974594,
      "bwd_time_std_ms": 0.010289904063515064,
      "bwd_tflops": 2.345115087829309,
      "bwd_tflops_std": 0.08432566214730028
    },
    {
      "attn_type": "col",
      "backend": "sdpa_cudnn",
      "batch": 1,
      "rows": 1024,
      "cols": 32,
      "nheads": 8,
      "headdim": 32,
      "seq_len": 32,
      "batch_eff": 1024,
      "causal": false,
      "dtype": "torch.bfloat16",
      "rep": 50,
      "fwd_time_ms": 0.1608735990524292,
      "fwd_time_std_ms": 0.0001561463376390553,
      "fwd_tflops": 6.674443975422371,
      "fwd_tflops_std": 0.0064783158248334265,
      "bwd_time_ms": 0.343451521396637,
      "bwd_time_std_ms": 0.0008424376367977259,
      "bwd_tflops": 7.815817932860333,
      "bwd_tflops_std": 0.01917108755909741
    },
    {
      "attn_type": "col",
      "backend": "sdpa_cudnn",
      "batch": 1,
      "rows": 1024,
      "cols": 64,
      "nheads": 8,
      "headdim": 32,
      "seq_len": 64,
      "batch_eff": 1024,
      "causal": false,
      "dtype": "torch.bfloat16",
      "rep": 50,
      "fwd_time_ms": 0.16138112038373947,
      "fwd_time_std_ms": 0.00025232065906265417,
      "fwd_tflops": 26.613815084361963,
      "fwd_tflops_std": 0.041610910534578445,
      "bwd_time_ms": 0.4755084803700447,
      "bwd_time_std_ms": 0.001324572426266529,
      "bwd_tflops": 22.58091849727696,
      "bwd_tflops_std": 0.062901216773229
    },
    {
      "attn_type": "col",
      "backend": "sdpa_cudnn",
      "batch": 1,
      "rows": 1024,
      "cols": 128,
      "nheads": 8,
      "headdim": 32,
      "seq_len": 128,
      "batch_eff": 1024,
      "causal": false,
      "dtype": "torch.bfloat16",
      "rep": 50,
      "fwd_time_ms": 0.15701631903648375,
      "fwd_time_std_ms": 0.0004260001464199672,
      "fwd_tflops": 109.41454550343997,
      "fwd_tflops_std": 0.2968520258974439,
      "bwd_time_ms": 0.7777203190326691,
      "bwd_time_std_ms": 0.006872844941829485,
      "bwd_tflops": 55.22508787403283,
      "bwd_tflops_std": 0.48803336696825034
    },
    {
      "attn_type": "col",
      "backend": "sdpa_cudnn",
      "batch": 1,
      "rows": 1024,
      "cols": 256,
      "nheads": 8,
      "headdim": 32,
      "seq_len": 256,
      "batch_eff": 1024,
      "causal": false,
      "dtype": "torch.bfloat16",
      "rep": 50,
      "fwd_time_ms": 0.4747756791114808,
      "fwd_time_std_ms": 0.0035710524853115955,
      "fwd_tflops": 144.7409371613245,
      "fwd_tflops_std": 1.0886772556327822,
      "bwd_time_ms": 2.0362124848365784,
      "bwd_time_std_ms": 0.09070741415418236,
      "bwd_tflops": 84.37169161831761,
      "bwd_tflops_std": 3.7585163785723057
    },
    {
      "attn_type": "col",
      "backend": "sdpa_cudnn",
      "batch": 1,
      "rows": 1024,
      "cols": 512,
      "nheads": 8,
      "headdim": 32,
      "seq_len": 512,
      "batch_eff": 1024,
      "causal": false,
      "dtype": "torch.bfloat16",
      "rep": 50,
      "fwd_time_ms": 1.7852070450782775,
      "fwd_time_std_ms": 0.11150756498151532,
      "fwd_tflops": 153.97536532349233,
      "fwd_tflops_std": 9.617606037180431,
      "bwd_time_ms": 5.9181677126884455,
      "bwd_time_std_ms": 0.14755354238275786,
      "bwd_tflops": 116.11613606127902,
      "bwd_tflops_std": 2.8950425258997683
    },
    {
      "attn_type": "col",
      "backend": "sdpa_cudnn",
      "batch": 1,
      "rows": 1024,
      "cols": 1024,
      "nheads": 8,
      "headdim": 32,
      "seq_len": 1024,
      "batch_eff": 1024,
      "causal": false,
      "dtype": "torch.bfloat16",
      "rep": 50,
      "fwd_time_ms": 6.960683546066284,
      "fwd_time_std_ms": 0.2370854739912459,
      "fwd_tflops": 157.9602952065492,
      "fwd_tflops_std": 5.380231871337716,
      "bwd_time_ms": 19.138402681350712,
      "bwd_time_std_ms": 0.6309929208458441,
      "bwd_tflops": 143.6263577063581,
      "bwd_tflops_std": 4.735359395896503
    },
    {
      "attn_type": "col",
      "backend": "sdpa_cudnn",
      "batch": 1,
      "rows": 1024,
      "cols": 2048,
      "nheads": 8,
      "headdim": 32,
      "seq_len": 2048,
      "batch_eff": 1024,
      "causal": false,
      "dtype": "torch.bfloat16",
      "rep": 50,
      "fwd_time_ms": 26.278601036071777,
      "fwd_time_std_ms": 0.3921798162535147,
      "fwd_tflops": 167.36227720292055,
      "fwd_tflops_std": 2.4977017243465376,
      "bwd_time_ms": 67.9508057022095,
      "bwd_time_std_ms": 0.8486253547778619,
      "bwd_tflops": 161.80994712476948,
      "bwd_tflops_std": 2.020815240765859
    }
  ]
}