{
  "metadata": {
    "timestamp": "2026-03-07T19:49:00.822647",
    "gpu": "NVIDIA H100 NVL",
    "pytorch_version": "2.10.0+cu130",
    "cuda_version": "13.0",
    "cudnn_version": "9.15.1",
    "cudnn_enabled": true,
    "dtype": "bfloat16",
    "causal": false,
    "nheads": 12,
    "headdim": 64,
    "col_attn_rows": 1024,
    "col_attn_cols": [
      16,
      32,
      64,
      128,
      256,
      512,
      1024,
      2048
    ],
    "row_attn_rows": [
      32,
      64,
      128,
      256,
      512,
      1024,
      2048,
      4096,
      8192,
      16384
    ],
    "row_attn_cols": 64,
    "warmup": 5,
    "rep": 50
  },
  "results": [
    {
      "attn_type": "col",
      "backend": "sdpa_cudnn",
      "batch": 1,
      "rows": 1024,
      "cols": 16,
      "nheads": 12,
      "headdim": 64,
      "seq_len": 16,
      "batch_eff": 1024,
      "causal": false,
      "dtype": "torch.bfloat16",
      "rep": 50,
      "fwd_time_ms": 0.23900544077157976,
      "fwd_time_std_ms": 0.01134781190779079,
      "fwd_tflops": 3.3694060076634007,
      "fwd_tflops_std": 0.15997705111862523,
      "bwd_time_ms": 0.4965612789988519,
      "bwd_time_std_ms": 0.011378050125164059,
      "bwd_tflops": 4.054415849860607,
      "bwd_tflops_std": 0.09290161903276452
    },
    {
      "attn_type": "col",
      "backend": "sdpa_cudnn",
      "batch": 1,
      "rows": 1024,
      "cols": 32,
      "nheads": 12,
      "headdim": 64,
      "seq_len": 32,
      "batch_eff": 1024,
      "causal": false,
      "dtype": "torch.bfloat16",
      "rep": 50,
      "fwd_time_ms": 0.23734207957983017,
      "fwd_time_std_ms": 0.00023622975516258922,
      "fwd_tflops": 13.572079075495497,
      "fwd_tflops_std": 0.013508472339702484,
      "bwd_time_ms": 0.6598374393582344,
      "bwd_time_std_ms": 0.0014766279727814256,
      "bwd_tflops": 12.20461768254997,
      "bwd_tflops_std": 0.027312302685770902
    },
    {
      "attn_type": "col",
      "backend": "sdpa_cudnn",
      "batch": 1,
      "rows": 1024,
      "cols": 64,
      "nheads": 12,
      "headdim": 64,
      "seq_len": 64,
      "batch_eff": 1024,
      "causal": false,
      "dtype": "torch.bfloat16",
      "rep": 50,
      "fwd_time_ms": 0.2388921594619751,
      "fwd_time_std_ms": 0.0002684865198960364,
      "fwd_tflops": 53.93606017467859,
      "fwd_tflops_std": 0.06061774955618686,
      "bwd_time_ms": 1.0258348798751833,
      "bwd_time_std_ms": 0.013979439448923625,
      "bwd_tflops": 31.401013313097106,
      "bwd_tflops_std": 0.42791347112187916
    },
    {
      "attn_type": "col",
      "backend": "sdpa_cudnn",
      "batch": 1,
      "rows": 1024,
      "cols": 128,
      "nheads": 12,
      "headdim": 64,
      "seq_len": 128,
      "batch_eff": 1024,
      "causal": false,
      "dtype": "torch.bfloat16",
      "rep": 50,
      "fwd_time_ms": 0.269866880774498,
      "fwd_time_std_ms": 0.0009968721553966179,
      "fwd_tflops": 190.98159583008163,
      "fwd_tflops_std": 0.7054746196711154,
      "bwd_time_ms": 1.8505158334970477,
      "bwd_time_std_ms": 0.06255227145741411,
      "bwd_tflops": 69.6287038174135,
      "bwd_tflops_std": 2.353632162219316
    },
    {
      "attn_type": "col",
      "backend": "sdpa_cudnn",
      "batch": 1,
      "rows": 1024,
      "cols": 256,
      "nheads": 12,
      "headdim": 64,
      "seq_len": 256,
      "batch_eff": 1024,
      "causal": false,
      "dtype": "torch.bfloat16",
      "rep": 50,
      "fwd_time_ms": 0.8443065547943117,
      "fwd_time_std_ms": 0.03144323489748846,
      "fwd_tflops": 244.17485454465518,
      "fwd_tflops_std": 9.093435629406057,
      "bwd_time_ms": 4.43849856376648,
      "bwd_time_std_ms": 0.11038051793656652,
      "bwd_tflops": 116.11946429980107,
      "bwd_tflops_std": 2.8877618022820744
    },
    {
      "attn_type": "col",
      "backend": "sdpa_cudnn",
      "batch": 1,
      "rows": 1024,
      "cols": 512,
      "nheads": 12,
      "headdim": 64,
      "seq_len": 512,
      "batch_eff": 1024,
      "causal": false,
      "dtype": "torch.bfloat16",
      "rep": 50,
      "fwd_time_ms": 3.0489414596557616,
      "fwd_time_std_ms": 0.13419244018424087,
      "fwd_tflops": 270.46558018372207,
      "fwd_tflops_std": 11.903946556847934,
      "bwd_time_ms": 12.412513198852539,
      "bwd_time_std_ms": 0.3779252739325387,
      "bwd_tflops": 166.08919314346275,
      "bwd_tflops_std": 5.056937528314584
    },
    {
      "attn_type": "col",
      "backend": "sdpa_cudnn",
      "batch": 1,
      "rows": 1024,
      "cols": 1024,
      "nheads": 12,
      "headdim": 64,
      "seq_len": 1024,
      "batch_eff": 1024,
      "causal": false,
      "dtype": "torch.bfloat16",
      "rep": 50,
      "fwd_time_ms": 11.447365112304688,
      "fwd_time_std_ms": 0.17254730642497476,
      "fwd_tflops": 288.1479581517348,
      "fwd_tflops_std": 4.343283676476383,
      "bwd_time_ms": 36.2630599975586,
      "bwd_time_std_ms": 0.6943692589627248,
      "bwd_tflops": 227.4032364857015,
      "bwd_tflops_std": 4.354343423167613
    },
    {
      "attn_type": "col",
      "backend": "sdpa_cudnn",
      "batch": 1,
      "rows": 1024,
      "cols": 2048,
      "nheads": 12,
      "headdim": 64,
      "seq_len": 2048,
      "batch_eff": 1024,
      "causal": false,
      "dtype": "torch.bfloat16",
      "rep": 50,
      "fwd_time_ms": 42.78884979248048,
      "fwd_time_std_ms": 0.42705984219565374,
      "fwd_tflops": 308.35462035791113,
      "fwd_tflops_std": 3.0775745585358583,
      "bwd_time_ms": 121.64879974365232,
      "bwd_time_std_ms": 0.7792393106467677,
      "bwd_tflops": 271.1522752611555,
      "bwd_tflops_std": 1.7369058511062765
    }
  ]
}