{
  "metadata": {
    "timestamp": "2026-05-03T16:29:44.234442",
    "gpu": "NVIDIA H100 NVL",
    "pytorch_version": "2.10.0+cu130",
    "cuda_version": "13.0",
    "cudnn_version": "9.15.1",
    "cudnn_enabled": true,
    "dtype": "bfloat16",
    "causal": false,
    "nheads": 8,
    "headdim": 128,
    "col_attn_rows": 1024,
    "col_attn_cols": [
      16,
      32,
      64,
      128,
      256,
      512,
      1024,
      2048
    ],
    "row_attn_rows": [
      32,
      64,
      128,
      256,
      512,
      1024,
      2048,
      4096,
      8192,
      16384
    ],
    "row_attn_cols": 64,
    "warmup": 5,
    "rep": 25
  },
  "results": [
    {
      "attn_type": "col",
      "backend": "sdpa_cudnn",
      "batch": 1,
      "rows": 1024,
      "cols": 16,
      "nheads": 8,
      "headdim": 128,
      "seq_len": 16,
      "batch_eff": 1024,
      "causal": false,
      "dtype": "torch.bfloat16",
      "rep": 25,
      "fwd_time_ms": 0.20846463978290558,
      "fwd_time_std_ms": 0.015504802850766197,
      "fwd_tflops": 5.150714409495017,
      "fwd_tflops_std": 0.3830904442258777,
      "bwd_time_ms": 0.5191334384679793,
      "bwd_time_std_ms": 0.015546455189221991,
      "bwd_tflops": 5.1708373244494314,
      "bwd_tflops_std": 0.15485072776768943
    },
    {
      "attn_type": "col",
      "backend": "sdpa_cudnn",
      "batch": 1,
      "rows": 1024,
      "cols": 32,
      "nheads": 8,
      "headdim": 128,
      "seq_len": 32,
      "batch_eff": 1024,
      "causal": false,
      "dtype": "torch.bfloat16",
      "rep": 25,
      "fwd_time_ms": 0.20439552009105685,
      "fwd_time_std_ms": 0.0007497512268941008,
      "fwd_tflops": 21.01302070655277,
      "fwd_tflops_std": 0.07707868571909278,
      "bwd_time_ms": 0.7238579255342484,
      "bwd_time_std_ms": 0.0029109726203461837,
      "bwd_tflops": 14.83359905478022,
      "bwd_tflops_std": 0.059652867208421875
    },
    {
      "attn_type": "col",
      "backend": "sdpa_cudnn",
      "batch": 1,
      "rows": 1024,
      "cols": 64,
      "nheads": 8,
      "headdim": 128,
      "seq_len": 64,
      "batch_eff": 1024,
      "causal": false,
      "dtype": "torch.bfloat16",
      "rep": 25,
      "fwd_time_ms": 0.22646527945995326,
      "fwd_time_std_ms": 0.00107696835742172,
      "fwd_tflops": 75.86094091318745,
      "fwd_tflops_std": 0.36076096575408567,
      "bwd_time_ms": 1.1792217570543289,
      "bwd_time_std_ms": 0.01700402101808329,
      "bwd_tflops": 36.422049290616364,
      "bwd_tflops_std": 0.5251949329754209
    },
    {
      "attn_type": "col",
      "backend": "sdpa_cudnn",
      "batch": 1,
      "rows": 1024,
      "cols": 128,
      "nheads": 8,
      "headdim": 128,
      "seq_len": 128,
      "batch_eff": 1024,
      "causal": false,
      "dtype": "torch.bfloat16",
      "rep": 25,
      "fwd_time_ms": 0.3392256009578705,
      "fwd_time_std_ms": 0.004946705750919659,
      "fwd_tflops": 202.57750754057767,
      "fwd_tflops_std": 2.9540557043110636,
      "bwd_time_ms": 2.1907391893863677,
      "bwd_time_std_ms": 0.03785514164094371,
      "bwd_tflops": 78.42042205312505,
      "bwd_tflops_std": 1.3550751265809746
    },
    {
      "attn_type": "col",
      "backend": "sdpa_cudnn",
      "batch": 1,
      "rows": 1024,
      "cols": 256,
      "nheads": 8,
      "headdim": 128,
      "seq_len": 256,
      "batch_eff": 1024,
      "causal": false,
      "dtype": "torch.bfloat16",
      "rep": 25,
      "fwd_time_ms": 0.978124794960022,
      "fwd_time_std_ms": 0.005020223857803072,
      "fwd_tflops": 281.0253950828788,
      "fwd_tflops_std": 1.4423623655315525,
      "bwd_time_ms": 5.198245100975037,
      "bwd_time_std_ms": 0.12959563466758264,
      "bwd_tflops": 132.1974539505847,
      "bwd_tflops_std": 3.295768593703105
    },
    {
      "attn_type": "col",
      "backend": "sdpa_cudnn",
      "batch": 1,
      "rows": 1024,
      "cols": 512,
      "nheads": 8,
      "headdim": 128,
      "seq_len": 512,
      "batch_eff": 1024,
      "causal": false,
      "dtype": "torch.bfloat16",
      "rep": 25,
      "fwd_time_ms": 3.1290431880950926,
      "fwd_time_std_ms": 0.2172272657045682,
      "fwd_tflops": 351.3890865933888,
      "fwd_tflops_std": 24.39445092017946,
      "bwd_time_ms": 15.527530374526977,
      "bwd_time_std_ms": 1.537144228785025,
      "bwd_tflops": 177.02615954623354,
      "bwd_tflops_std": 17.524663158081864
    },
    {
      "attn_type": "col",
      "backend": "sdpa_cudnn",
      "batch": 1,
      "rows": 1024,
      "cols": 1024,
      "nheads": 8,
      "headdim": 128,
      "seq_len": 1024,
      "batch_eff": 1024,
      "causal": false,
      "dtype": "torch.bfloat16",
      "rep": 25,
      "fwd_time_ms": 13.418584327697753,
      "fwd_time_std_ms": 0.5691547081233825,
      "fwd_tflops": 327.75786205895383,
      "fwd_tflops_std": 13.901982933494262,
      "bwd_time_ms": 44.77853313446045,
      "bwd_time_std_ms": 2.3881468394137992,
      "bwd_tflops": 245.54436039126148,
      "bwd_tflops_std": 13.095471136659413
    },
    {
      "attn_type": "col",
      "backend": "sdpa_cudnn",
      "batch": 1,
      "rows": 1024,
      "cols": 2048,
      "nheads": 8,
      "headdim": 128,
      "seq_len": 2048,
      "batch_eff": 1024,
      "causal": false,
      "dtype": "torch.bfloat16",
      "rep": 25,
      "fwd_time_ms": 48.23678848266602,
      "fwd_time_std_ms": 1.720322254531887,
      "fwd_tflops": 364.7047533178496,
      "fwd_tflops_std": 13.006871377677218,
      "bwd_time_ms": 146.9654423522949,
      "bwd_time_std_ms": 2.5015746239329526,
      "bwd_tflops": 299.25718867713965,
      "bwd_tflops_std": 5.093811015991941
    }
  ]
}