{
  "metadata": {
    "timestamp": "2026-03-10T11:56:55.467493",
    "gpu": "NVIDIA H100 NVL",
    "pytorch_version": "2.10.0+cu130",
    "cuda_version": "13.0",
    "cudnn_version": "9.15.1",
    "cudnn_enabled": true,
    "dtype": "bfloat16",
    "causal": false,
    "nheads": 6,
    "headdim": 32,
    "col_attn_rows": 1024,
    "col_attn_cols": [
      16,
      32,
      64,
      128,
      256,
      512,
      1024,
      2048
    ],
    "row_attn_rows": [
      32,
      64,
      128,
      256,
      512,
      1024,
      2048,
      4096,
      8192,
      16384
    ],
    "row_attn_cols": 64,
    "warmup": 5,
    "rep": 50
  },
  "results": [
    {
      "attn_type": "col",
      "backend": "sdpa_cudnn",
      "batch": 1,
      "rows": 1024,
      "cols": 16,
      "nheads": 6,
      "headdim": 32,
      "seq_len": 16,
      "batch_eff": 1024,
      "causal": false,
      "dtype": "torch.bfloat16",
      "rep": 50,
      "fwd_time_ms": 0.12342656165361404,
      "fwd_time_std_ms": 0.012452960804835841,
      "fwd_tflops": 1.631144781987897,
      "fwd_tflops_std": 0.16457221010590317,
      "bwd_time_ms": 0.21470335751771924,
      "bwd_time_std_ms": 0.012459873095129616,
      "bwd_tflops": 2.344241309586702,
      "bwd_tflops_std": 0.1360432811089141
    },
    {
      "attn_type": "col",
      "backend": "sdpa_cudnn",
      "batch": 1,
      "rows": 1024,
      "cols": 32,
      "nheads": 6,
      "headdim": 32,
      "seq_len": 32,
      "batch_eff": 1024,
      "causal": false,
      "dtype": "torch.bfloat16",
      "rep": 50,
      "fwd_time_ms": 0.12214847907423973,
      "fwd_time_std_ms": 0.00016835958180344508,
      "fwd_tflops": 6.592848098505989,
      "fwd_tflops_std": 0.00908704846077933,
      "bwd_time_ms": 0.2603039999306202,
      "bwd_time_std_ms": 0.0006548578975941386,
      "bwd_tflops": 7.734287296916694,
      "bwd_tflops_std": 0.019457477103685977
    },
    {
      "attn_type": "col",
      "backend": "sdpa_cudnn",
      "batch": 1,
      "rows": 1024,
      "cols": 64,
      "nheads": 6,
      "headdim": 32,
      "seq_len": 64,
      "batch_eff": 1024,
      "causal": false,
      "dtype": "torch.bfloat16",
      "rep": 50,
      "fwd_time_ms": 0.12256704062223436,
      "fwd_time_std_ms": 0.00029085110429344547,
      "fwd_tflops": 26.281335142358422,
      "fwd_tflops_std": 0.06236550470383492,
      "bwd_time_ms": 0.3604806390404701,
      "bwd_time_std_ms": 0.0010746999923465655,
      "bwd_tflops": 22.339795283973366,
      "bwd_tflops_std": 0.06660157362297242
    },
    {
      "attn_type": "col",
      "backend": "sdpa_cudnn",
      "batch": 1,
      "rows": 1024,
      "cols": 128,
      "nheads": 6,
      "headdim": 32,
      "seq_len": 128,
      "batch_eff": 1024,
      "causal": false,
      "dtype": "torch.bfloat16",
      "rep": 50,
      "fwd_time_ms": 0.11868096008896827,
      "fwd_time_std_ms": 0.0005814951673019862,
      "fwd_tflops": 108.5675569050076,
      "fwd_tflops_std": 0.5319430312892587,
      "bwd_time_ms": 0.5856262384355067,
      "bwd_time_std_ms": 0.0037964418622007993,
      "bwd_tflops": 55.00480102471953,
      "bwd_tflops_std": 0.3565798721555534
    },
    {
      "attn_type": "col",
      "backend": "sdpa_cudnn",
      "batch": 1,
      "rows": 1024,
      "cols": 256,
      "nheads": 6,
      "headdim": 32,
      "seq_len": 256,
      "batch_eff": 1024,
      "causal": false,
      "dtype": "torch.bfloat16",
      "rep": 50,
      "fwd_time_ms": 0.3518713611364365,
      "fwd_time_std_ms": 0.0006972907382673132,
      "fwd_tflops": 146.47286833899435,
      "fwd_tflops_std": 0.2902599807224046,
      "bwd_time_ms": 1.5147641593217849,
      "bwd_time_std_ms": 0.0660342342357013,
      "bwd_tflops": 85.06209899875792,
      "bwd_tflops_std": 3.708174989022274
    },
    {
      "attn_type": "col",
      "backend": "sdpa_cudnn",
      "batch": 1,
      "rows": 1024,
      "cols": 512,
      "nheads": 6,
      "headdim": 32,
      "seq_len": 512,
      "batch_eff": 1024,
      "causal": false,
      "dtype": "torch.bfloat16",
      "rep": 50,
      "fwd_time_ms": 1.2805772805213929,
      "fwd_time_std_ms": 0.08239467868646509,
      "fwd_tflops": 160.98866764531516,
      "fwd_tflops_std": 10.358304605714322,
      "bwd_time_ms": 4.472096011638642,
      "bwd_time_std_ms": 0.15282440233268882,
      "bwd_tflops": 115.24709536170073,
      "bwd_tflops_std": 3.9383252111299827
    },
    {
      "attn_type": "col",
      "backend": "sdpa_cudnn",
      "batch": 1,
      "rows": 1024,
      "cols": 1024,
      "nheads": 6,
      "headdim": 32,
      "seq_len": 1024,
      "batch_eff": 1024,
      "causal": false,
      "dtype": "torch.bfloat16",
      "rep": 50,
      "fwd_time_ms": 5.032661781311035,
      "fwd_time_std_ms": 0.22559485805232066,
      "fwd_tflops": 163.85637594290682,
      "fwd_tflops_std": 7.345050686513278,
      "bwd_time_ms": 14.750940704345703,
      "bwd_time_std_ms": 0.5348609086345474,
      "bwd_tflops": 139.75951387782655,
      "bwd_tflops_std": 5.067602268985777
    },
    {
      "attn_type": "col",
      "backend": "sdpa_cudnn",
      "batch": 1,
      "rows": 1024,
      "cols": 2048,
      "nheads": 6,
      "headdim": 32,
      "seq_len": 2048,
      "batch_eff": 1024,
      "causal": false,
      "dtype": "torch.bfloat16",
      "rep": 50,
      "fwd_time_ms": 19.64671165466309,
      "fwd_time_std_ms": 0.3686857586985442,
      "fwd_tflops": 167.89246675512246,
      "fwd_tflops_std": 3.1506321553149457,
      "bwd_time_ms": 51.038324508666996,
      "bwd_time_std_ms": 1.0058397183547552,
      "bwd_tflops": 161.57147178527893,
      "bwd_tflops_std": 3.1841759156312235
    }
  ]
}